tree
version=v4
num_class=3
num_tree_per_iteration=3
label_index=0
max_feature_idx=15
objective=multiclass num_class:3
feature_names=Column_0 Column_1 Column_2 Column_3 Column_4 Column_5 Column_6 Column_7 Column_8 Column_9 Column_10 Column_11 Column_12 Column_13 Column_14 Column_15
feature_infos=[39.0625:124.7559] [6:1097] [2000:17955] [0:0.3475752669146166] [0:23] [0:1] none [0.0625:85.755899999999997] [0:67.755899999999997] [0:79.755899999999997] [0:947] [0:747] [0:497] [0:14955] [0:9955] [0:2955]
tree_sizes=864 1166 662 1853 2047 1754 2285 2368 2405 3135 2906 2824 3239 3111 3358 3476 3131 3267 3479 3235 3377 3361 3232 3472 3461 3329 3484 3468 3450 3468 3462 3453 3474 3460 3434 3470 3465 3462 3481 3461 3453 3460 3462 3445 3468 3470 3456 3466 3455 3436 3465 3477 3455 3475 3450 3441 3461 3477 3460 3471 3459 3442 3467 3456 3442 3460 3458 3451 3476 3470 3454 3462 3450 3439 3474 3472 3450 3470 3455 3443 3476 3462 3453 3474 3453 3437 3476 3462 3461 3472 3454 3462 3464 3479 3455 3475 3473 3455 3473 3475 3446 3465 3473 3456 3480 3480 3454 3474 3463 3457 3473 3482 3430 3471 3472 3438 3473 3463 3436 3478 3462 3437 3469 3482 3440 3484 3479 3415 3485 3475 3452 3479 3479 3422 3489 3492 3452 3487 3489 3455 3494 3494 3457 3496 3491 3461 3495 3495 3424 3490 3484 3458 3492 3472 3453 3493 3488 3464 3493 3485 3462 3508 3457 3464 3504 3460 3460 3513 3465 3477 3519 3464 3470 3496 3471 3449 3502 3488 3452 3499 3457 3467 3516 3499 3449 3505 3477 3455 3513 3458 3457 3518 3458 3457 3515 3458 3463 3511 3459 3465 3511 3470 3459 3506 3497 3475 3509 3466 3463 3513 3461 3466 3519 3481 3475 3523 3459 3466 3514 3475 3459 3529 3470 3483 3521 3482 3497 3523 3474 3462 3528 3484 3469 3522 3479 3469 3526 3484 3457 3533 3489 3464 3531 3502 3479 3532 3518 3484 3538 3491 3476 3535 3488 3468 3547

Tree=0
num_leaves=7
num_cat=0
split_feature=1 1 1 3 1 0
split_gain=679.159 18.5077 0.176769 0.0112527 0.0440879 5.68434e-14
threshold=364.00000000000006 417.50000000000006 334.50000000000006 0.0099647634353574616 1005.5000000000001 86.669925000000021
decision_type=2 2 2 2 2 2
left_child=2 -2 5 4 -3 -1
right_child=1 3 -4 -5 -6 -7
leaf_value=-0.99861227304306077 -1.0815944492856615 -1.1450101786691202 -1.0074266049765108 -1.1486122730430608 -1.1486122730430608 -0.99861227304306077
leaf_weight=102.67602932453156 10.828770399093626 11.192880690097807 5.9968839287757865 189.93830811977386 35.239017009735107 7.7947770953178397
leaf_count=382 35 32 22 491 100 29
internal_value=-1.09861 -1.14551 -0.999066 -1.14844 -1.14774 -0.998612
internal_weight=363.667 247.199 116.468 236.37 46.4319 110.471
internal_count=1091 658 433 623 132 411
is_linear=0
shrinkage=1


Tree=1
num_leaves=10
num_cat=0
split_feature=3 1 1 3 1 1 2 0 0
split_gain=179.997 493.333 17.0537 0.681677 0.176769 0.0102043 0.0771455 1.42109e-14 1.42109e-14
threshold=0.11277836960585665 364.00000000000006 417.50000000000006 0.086986916393657035 334.50000000000006 700.50000000000011 3070.5000000000005 86.669925000000021 80.295500000000018
decision_type=2 2 2 2 2 2 2 2 2
left_child=1 4 -3 5 7 6 -4 -1 -2
right_child=8 2 3 -5 -6 -7 -8 -9 -10
leaf_value=-1.1486123109037567 -1.1486123072651964 -1.0656301346611559 -1.0044016076476376 -1.014229744681957 -1.1397979789703065 -0.99861231090375668 -0.99861231090375668 -1.1486123109037567 -1.1486123072651964
leaf_weight=102.67602932453156 110.16479226946831 10.828770399093626 6.9641986489295951 7.8668724894523612 5.9968839287757865 68.011302828788757 33.124675989151001 7.7947770953178397 10.238363593816755
leaf_count=382 269 35 20 22 22 193 94 29 25
internal_value=-1.09861 -1.07386 -1.00562 -1.00002 -1.14816 -0.998985 -0.999618 -1.14861 -1.14861
internal_weight=363.667 243.264 126.796 115.967 116.468 108.1 40.0889 110.471 120.403
internal_count=1091 797 364 329 433 307 114 411 294
is_linear=0
shrinkage=1


Tree=2
num_leaves=5
num_cat=0
split_feature=3 1 0 0
split_gain=724.171 0.128215 5.68434e-14 2.84217e-14
threshold=0.09969184575573993 595.00000000000011 78.361500000000021 76.629500000000021
decision_type=2 2 2 2
left_child=3 -2 -3 -1
right_child=1 2 -4 -5
leaf_value=-1.148612282057512 -1.0051111107671673 -0.99861228205751196 -0.99861228205751196 -1.148612282057512
leaf_weight=222.32772868871689 8.1335465013980848 95.012014150619507 18.429054468870163 19.764322757720947
leaf_count=727 20 232 45 67
internal_value=-1.09861 -0.999047 -0.998612 -1.14861
internal_weight=363.667 121.575 113.441 242.092
internal_count=1091 297 277 794
is_linear=0
shrinkage=1


Tree=3
num_leaves=16
num_cat=0
split_feature=1 1 1 1 3 1 3 3 3 1 2 0 0 0 0
split_gain=600.429 11.8829 3.87601 0.140362 0.011148 0.0434287 6.94673e-06 4.87828e-05 3.22357e-05 5.89073e-06 8.94612e-07 5.68434e-14 1.42109e-14 1.42109e-14 7.10543e-15
threshold=401.50000000000006 364.00000000000006 417.50000000000006 334.50000000000006 0.0099647634353574616 1005.5000000000001 0.09969184575573993 0.13659231329368118 0.085523332883546924 617.50000000000011 3279.0000000000005 91.674805000000006 79.79749000000001 60.407500000000006 57.040500000000009
decision_type=2 2 2 2 2 2 2 2 2 2 2 2 2 2 2
left_child=1 3 -2 11 5 -4 8 -8 10 -9 -6 -1 13 -11 -12
right_child=2 -3 4 -5 6 -7 7 9 -10 12 14 -13 -14 -15 -16
leaf_value=0.090713862972155376 0.0020590946916496143 0.023664995151426785 -0.045130590343938556 0.083021014580077823 -0.048771548125383868 -0.048752342115209776 -0.048629859116576295 -0.048795956716153596 -0.048864215024509425 -0.048752335472924672 -0.048752342115209776 0.090713862972155376 -0.048752335472924672 -0.048752335472924672 -0.048752342115209776
leaf_weight=109.92359575629234 3.841598153114318 7.0750941932201377 10.910754621028898 6.2501902282237998 6.8613334894180289 34.291025996208191 8.287046402692793 8.3775338828563672 7.563979595899581 16.33921217918396 42.520872235298157 5.6226903200149527 9.5644168853759748 75.718300342559814 9.6014872789382917
leaf_count=391 12 23 32 22 20 100 21 21 22 41 124 20 24 190 28
internal_value=7.87855e-07 0.0866598 -0.0477502 0.0903191 -0.048582 -0.0478781 -0.0487541 -0.0487468 -0.048767 -0.0487557 -0.0487546 0.0907139 -0.0487523 -0.0487523 -0.0487523
internal_weight=362.749 128.872 233.878 121.796 230.036 45.2018 184.834 118.287 66.5477 109.999 58.9837 115.546 101.622 92.0575 52.1224
internal_count=1091 456 635 433 623 132 491 297 194 276 172 411 255 231 152
is_linear=0
shrinkage=0.05


Tree=4
num_leaves=18
num_cat=0
split_feature=3 1 1 3 1 1 3 2 1 1 1 0 0 0 0 0 0
split_gain=164.587 431.331 13.8795 0.526598 0.172384 0.00862212 0.0678112 4.11275e-05 6.99212e-06 3.51852e-06 2.47969e-05 1.42109e-14 1.42109e-14 1.42109e-14 1.42109e-14 7.10543e-15 3.55271e-15
threshold=0.11277836960585665 364.00000000000006 417.50000000000006 0.086986916393657035 334.50000000000006 700.50000000000011 0.018542074366155962 3754.5000000000005 597.50000000000011 1005.5000000000001 1003.0000000000001 90.576170000000019 55.754000000000012 55.545000000000009 76.227000000000018 51.075500000000012 79.79749000000001
decision_type=2 2 2 2 2 2 2 2 2 2 2 2 2 2 2 2 2
left_child=1 4 -3 5 11 6 -4 -8 -2 10 12 -1 15 -9 -10 -7 -16
right_child=8 2 3 -5 -6 9 7 13 14 -11 -12 -13 -14 -15 16 -17 -18
leaf_value=-0.048752335404475482 -0.048800823426535585 0.030848388915408104 0.085432257835175024 0.077242776329302765 -0.039949154976418759 0.090713868203187539 0.090847008234431231 0.090713868203187581 -0.048752339118770589 0.090713868203187609 0.090817394106857949 -0.048752335404475482 0.090713868203187609 0.090713868203187609 -0.048752339118770582 0.090713868203187609 -0.048752339118770589
leaf_weight=100.69853201508522 7.9795264005661002 11.000887691974638 7.2753879129886618 8.1674380302429181 5.8644343316555014 9.9516716301441246 7.367063879966735 19.534762829542164 78.507916063070297 36.858043074607849 7.3680812120437613 6.8004203438758841 8.4773499071598035 7.7401890456676474 19.925867021083835 8.4773499071598035 10.759968191385267
leaf_count=385 20 35 20 22 22 27 20 53 197 100 20 26 23 21 50 23 27
internal_value=2.16226e-06 0.0232658 0.0846233 0.0895036 -0.0482969 0.0903894 0.0898206 0.0907422 -0.0487556 0.0907246 0.0907361 -0.0487523 0.0907139 0.0907139 -0.0487523 0.0907139 -0.0487523
internal_weight=362.755 245.582 132.218 121.217 113.363 113.05 41.9174 34.642 117.173 71.1325 34.2745 107.499 26.9064 27.275 109.194 18.429 30.6858
internal_count=1091 797 364 329 433 307 114 94 294 193 93 411 73 74 274 50 77
is_linear=0
shrinkage=0.05


Tree=5
num_leaves=15
num_cat=0
split_feature=3 2 1 2 3 1 1 1 2 1 1 2 0 0
split_gain=639.251 0.10779 0.000641013 0.000129469 3.96253e-05 9.14899e-07 2.37399e-06 2.76251e-06 2.38137e-06 1.6274e-06 2.01655e-07 1.42134e-06 1.42109e-14 3.55271e-15
threshold=0.09969184575573993 3734.5000000000005 622.00000000000011 5075.5000000000009 0.086986916393657035 700.50000000000011 334.50000000000006 417.50000000000006 3070.5000000000005 364.00000000000006 1005.5000000000001 2599.5000000000005 91.674805000000006 55.973500000000008
decision_type=2 2 2 2 2 2 2 2 2 2 2 2 2 2
left_child=4 -2 -3 -4 5 6 12 9 -9 -8 11 -7 -1 -10
right_child=1 2 3 -5 -6 10 7 8 13 -11 -12 -13 -14 -15
leaf_value=-0.048752341101626122 0.085063368045716639 0.091179209357913529 0.090916396543112621 0.090713863147617466 -0.048873593358162687 -0.048726644156505051 -0.048761921314607062 -0.048784938316826759 -0.048752342115209776 -0.048795231842567316 -0.048752342115209776 -0.048752342115209776 -0.048752341101626122 -0.048752342115209776
leaf_weight=102.26785978674889 8.9240508675575239 8.5482691228389722 8.5587230026721937 101.09065663814545 7.2217686772346488 6.8539994955062893 5.8368892967700949 6.7821025550365439 25.032448977231979 9.8616828918457013 34.291025996208191 25.032448977231979 5.2310925722122184 7.2011154592037192
leaf_count=391 21 20 20 236 21 20 22 20 73 33 100 73 20 21
internal_value=-2.95226e-06 0.0903621 0.0907622 0.0907297 -0.0487583 -0.0487546 -0.0487567 -0.0487651 -0.048758 -0.0487828 -0.0487497 -0.0487468 -0.0487523 -0.0487523
internal_weight=362.734 127.122 118.198 109.649 235.612 228.391 162.213 54.7142 39.0157 15.6986 66.1775 31.8864 107.499 32.2336
internal_count=1091 297 276 256 794 773 580 169 114 55 193 93 411 94
is_linear=0
shrinkage=0.05


Tree=6
num_leaves=20
num_cat=0
split_feature=1 1 1 1 3 1 3 3 3 1 2 2 3 2 2 0 0 0 0
split_gain=534.617 9.87992 3.66687 0.11712 0.0111675 0.0431709 2.05938e-05 0.000121944 0.00010504 7.60248e-06 1.12978e-06 1.00678e-06 3.91293e-07 6.58034e-10 3.28306e-10 1.42109e-14 7.10543e-15 3.55271e-15 3.55271e-15
threshold=401.50000000000006 364.00000000000006 417.50000000000006 334.50000000000006 0.0099647634353574616 1005.5000000000001 0.09969184575573993 0.13659231329368118 0.085523332883546924 628.50000000000011 4757.5000000000009 3279.0000000000005 0.021360524015249797 5500.5000000000009 4038.0000000000005 79.674000000000021 56.668815000000009 75.172500000000028 49.811000000000007
decision_type=2 2 2 2 2 2 2 2 2 2 2 2 2 2 2 2 2 2 2
left_child=1 3 -2 -1 5 -4 8 -8 11 -9 -11 -6 -13 -12 -14 -15 18 -7 -16
right_child=2 -3 4 -5 6 17 7 9 -10 10 13 12 14 15 16 -17 -18 -19 -20
leaf_value=0.083244207724894465 0.001767471387868539 0.022438626764531216 -0.043942314657104589 0.076324552810375035 -0.047626818173354679 -0.047604486309777164 -0.04740806929130726 -0.047652486077004688 -0.04780915191022627 -0.0476243523160476 -0.047604011985599687 -0.047617434242498397 -0.047604105123007938 -0.047604483950903373 -0.04760448630977715 -0.047604483950903373 -0.047604486309777164 -0.047604486309777164 -0.047604486309777164
leaf_weight=119.35095745325089 3.8521866202354422 7.1428375244140616 10.613138824701307 6.4453232586383811 6.6616141200065604 26.629824638366699 8.018654525279997 9.6842703819274885 7.3646474778652182 7.7413415908813468 8.123788654804228 6.6598665714263907 6.6573852300643912 73.115066707134247 11.650548279285433 8.1238963007926923 7.6560745835304251 6.6574561595916739 17.975131630897522
leaf_count=411 12 23 32 22 20 80 21 25 22 20 21 20 20 189 35 21 23 20 54
internal_value=2.07005e-06 0.0796416 -0.0465997 0.0828897 -0.0474339 -0.0467191 -0.0476088 -0.0475961 -0.0476314 -0.0476102 -0.047606 -0.0476085 -0.0476061 -0.0476044 -0.0476044 -0.0476045 -0.0476045 -0.0476045 -0.0476045
internal_weight=360.124 132.939 227.185 125.796 223.333 43.9004 179.432 114.807 64.6253 106.788 97.1041 57.2606 50.599 89.3628 43.9391 81.239 37.2818 33.2873 29.6257
internal_count=1091 456 635 433 623 132 491 297 194 276 251 172 152 231 132 210 112 100 89
is_linear=0
shrinkage=0.05


Tree=7
num_leaves=21
num_cat=0
split_feature=3 1 1 3 1 0 7 1 2 1 3 2 1 1 2 2 3 0 0 0
split_gain=150.794 380.376 11.616 0.425313 0.169704 0.00785805 0.0717465 8.67519e-05 4.5153e-05 0.000173254 1.02636e-05 9.42645e-06 3.81296e-06 2.67966e-06 1.63788e-08 6.67001e-09 3.95431e-10 4.09841e-11 1.42109e-14 7.10543e-15
threshold=0.11277836960585665 364.00000000000006 417.50000000000006 0.086986916393657035 334.50000000000006 54.985000000000007 17.413240000000002 700.50000000000011 3070.5000000000005 1005.5000000000001 0.029178725664960107 3734.5000000000005 1005.5000000000001 628.50000000000011 4395.5000000000009 5101.5000000000009 0.14587549410427778 48.098350000000003 79.462000000000003 43.625000000000007
decision_type=2 2 2 2 2 2 2 2 2 2 2 2 2 2 2 2 2 2 2 2
left_child=1 4 -3 5 -1 8 -7 -8 9 -4 -10 -2 -9 -13 -12 -15 -17 -16 -18 -11
right_child=11 2 3 -5 -6 6 7 12 10 19 14 13 -14 15 17 16 18 -19 -20 -21
leaf_value=-0.047604485374712041 -0.047663687382992516 0.028918327761060153 0.083497928390648513 0.071305291771975809 -0.038763346799381419 0.077977095750288231 0.083423395513988308 0.083281983552896635 0.083306725127799311 0.083244206927107683 0.083241560931216582 -0.047634881485744657 0.083244206927107711 -0.047602922453941564 0.083244067508780634 -0.047604110159497698 -0.047604483950903373 0.083244206927107711 -0.047604483950903373 0.083244206927107711
leaf_weight=104.35230857133865 7.749843329191207 11.15287786722183 10.649218261241915 8.4019171595573408 5.7255030572414389 7.5211815237998954 11.032818883657454 10.658462643623354 7.9930529892444602 7.9950553178787258 7.9951397180557242 7.7436194121837607 17.89369523525238 7.7367048859596244 7.614342629909518 7.7369627356529227 73.888771116733551 17.132261395454407 8.8976007103919965 10.279356837272642
leaf_count=411 20 35 28 22 22 20 29 28 21 21 21 20 47 20 20 20 191 45 23 27
internal_value=5.85744e-06 0.0219887 0.0778139 0.0821707 -0.0471446 0.0829525 0.0824538 0.0833043 0.0832899 0.0833376 0.0832559 -0.0476105 0.0832583 -0.0476066 0.0832435 -0.0476043 -0.0476045 0.0832442 -0.0476045 0.0832442
internal_weight=360.151 246.397 136.319 125.167 110.078 116.765 47.1062 39.585 69.6584 28.9236 40.7348 113.754 28.5522 106.004 32.7417 98.26 90.5233 24.7466 82.7864 18.2744
internal_count=1091 797 364 329 433 307 124 104 183 76 107 294 75 274 86 254 234 65 214 48
is_linear=0
shrinkage=0.05


Tree=8
num_leaves=21
num_cat=0
split_feature=3 2 3 3 1 2 1 1 1 2 1 1 1 3 2 2 3 0 0 5
split_gain=568.82 0.0902754 0.00174795 0.000124404 6.38729e-05 4.51337e-06 4.3294e-06 2.9286e-05 1.82243e-05 1.14441e-06 9.81899e-07 4.41702e-06 1.60906e-06 3.91363e-07 1.53548e-07 3.61283e-10 2.19558e-11 7.10543e-15 3.55271e-15 3.55271e-15
threshold=0.09969184575573993 3734.5000000000005 0.14131452864802432 0.086986916393657035 656.00000000000011 2253.0000000000005 334.50000000000006 417.50000000000006 381.50000000000006 3279.0000000000005 1003.0000000000001 1005.5000000000001 8.5000000000000018 0.021360524015249797 5265.5000000000009 4038.0000000000005 0.074676751080094375 48.260000000000012 75.172500000000028 1.0000000180025095e-35
decision_type=2 2 2 2 2 2 2 2 2 2 2 2 2 2 2 2 2 2 2 2
left_child=3 -2 -3 5 -4 10 -7 8 -8 -9 12 -12 17 -11 -6 -15 19 -1 -13 -17
right_child=1 2 4 -5 14 6 7 9 -10 13 11 18 -14 15 -16 16 -18 -19 -20 -21
leaf_value=-0.047604485374712041 0.078175298162577581 0.083954349353310642 0.08338050626849465 -0.047824245105456957 0.083237466288287543 -0.047604485374712041 -0.047642069177708662 -0.047627781126610147 -0.04775371043267989 -0.047617432900024542 -0.047559848947597627 -0.047604486309777164 -0.04763121147395151 -0.047604105123007938 0.08324420462444565 -0.047604486309777164 -0.047604584315396728 -0.047604485374712041 -0.047604486309777164 -0.04760448630977715
leaf_weight=6.6013625860214225 9.2036214470863325 9.703744173049925 9.2864753007888776 7.0328432619571677 9.2918010354042035 40.87766832113266 9.1950309574604017 6.9158573746681204 6.0676416456699362 6.6598665714263907 6.6490972042083731 26.629824638366699 6.2052219510078421 6.6573852300643912 93.800420761108398 17.975131630897522 6.9903481006622306 54.334292054176331 6.6574561595916739 13.314912319183351
leaf_count=26 21 22 21 21 21 161 34 21 21 20 20 80 21 20 212 54 21 214 20 40
internal_value=-7.92952e-06 0.0829505 0.0833105 -0.0476172 0.0832549 -0.0476106 -0.0476175 -0.0476248 -0.0476865 -0.0476087 -0.0476033 -0.0475971 -0.047607 -0.0476061 0.0832436 -0.0476044 -0.0476045 -0.0476045 -0.0476045 -0.0476045
internal_weight=360.05 131.286 122.082 228.764 112.379 221.731 114.654 73.7762 15.2627 58.5135 107.077 39.9364 67.1409 51.5976 103.092 44.9378 38.2804 60.9357 33.2873 31.29
internal_count=1091 297 276 794 254 773 392 231 55 176 381 120 261 155 233 135 115 240 100 94
is_linear=0
shrinkage=0.05


Tree=9
num_leaves=28
num_cat=0
split_feature=1 1 1 1 3 1 3 3 3 2 1 2 0 8 3 0 0 2 3 1 1 2 1 2 2 0 0
split_gain=478.876 8.39715 3.48082 0.101961 0.0113379 0.043646 3.63826e-05 0.000191282 0.000180725 1.94337e-05 1.74509e-06 9.48842e-07 2.87046e-07 7.7903e-07 1.13425e-07 5.2711e-08 1.75655e-07 7.3767e-09 3.03189e-10 4.07248e-11 1.38698e-11 1.80108e-10 8.05045e-12 2.00728e-13 2.13163e-14 1.42109e-14 1.77636e-15
threshold=401.50000000000006 364.00000000000006 417.50000000000006 334.50000000000006 0.0099647634353574616 1005.5000000000001 0.09969184575573993 0.085523332883546924 0.13659231329368118 4223.5000000000009 649.50000000000011 3279.0000000000005 55.130000000000003 1.5070000000000017 0.02998165364799488 55.130000000000003 65.94348500000001 5265.5000000000009 0.15339083771198384 558.00000000000011 8.5000000000000018 2916.0000000000005 715.50000000000011 5736.5000000000009 6940.0000000000009 58.715500000000006 43.625000000000007
decision_type=2 2 2 2 2 2 2 2 2 2 2 2 2 2 2 2 2 2 2 2 2 2 2 2 2 2 2
left_child=1 3 -2 20 5 -4 7 11 -8 -10 -11 -6 14 -14 -13 26 -17 -12 -19 -16 -1 -22 -20 -21 -24 -23 -7
right_child=2 -3 4 -5 6 15 8 -9 9 10 17 12 13 -15 19 16 -18 18 22 23 21 25 24 -25 -26 -27 -28
leaf_value=0.077122668291597099 0.0015187608883192854 0.021320243999344592 -0.042811234307719 0.07073635835399622 -0.046572800092517672 -0.046548045810229192 -0.046305477218315322 -0.046829448278096514 -0.04663339006987692 -0.046572441015360629 -0.046546371891863003 -0.046555179260152769 -0.046568507229821192 -0.046547154126790578 -0.046547908952407374 -0.046558564983318111 -0.046548045810229192 -0.046547709191218617 -0.046547994007363022 -0.046548057749687309 0.077122375203567947 0.077122668291597099 -0.046548050168844834 -0.046548046693784373 -0.046548048468108338 0.077122668291597099 -0.046548045810229192
leaf_weight=71.238119602203369 3.8611631691455832 7.203558236360549 10.298675224184988 6.5874235630035392 6.4528229832649222 6.7700076699256888 7.7403655946254721 7.1563678979873648 7.5139625072479239 7.8741023838520041 7.4927771091461173 7.09403729438782 8.3875063359737414 8.7040424048900586 7.0923573076725033 6.4498370885849026 10.316202163696287 7.4931048750877371 7.4931744635105124 6.4476287961006191 5.9365153312683097 37.993663787841797 11.239782035350798 11.283346414566038 54.325611442327499 6.826986461877822 8.7042955756187421
leaf_count=240 12 23 32 22 20 21 21 22 20 21 20 22 26 27 22 20 32 20 20 20 20 128 30 35 145 23 27
internal_value=3.83709e-06 0.0738525 -0.0455367 0.0767955 -0.0463766 -0.045645 -0.0465557 -0.0465862 -0.0465385 -0.046556 -0.0465499 -0.0465548 -0.0465524 -0.0465576 -0.0465496 -0.0465502 -0.0465521 -0.0465479 -0.046548 -0.046548 0.0771227 0.0771226 -0.046548 -0.0465481 -0.046548 0.0771227 -0.046548
internal_weight=355.977 135.786 220.191 128.583 216.33 42.539 173.791 62.6181 111.173 103.433 95.9186 55.4617 49.0089 17.0915 31.9174 32.2403 16.766 88.0444 80.5517 24.8233 121.995 50.7572 73.0586 17.731 65.5654 44.8207 15.4743
internal_count=1091 456 635 433 623 132 491 194 297 276 256 172 152 53 99 100 52 235 215 77 411 171 195 55 175 151 48
is_linear=0
shrinkage=0.05


Tree=10
num_leaves=26
num_cat=0
split_feature=3 1 1 3 1 1 3 2 2 1 1 0 0 1 0 0 3 3 2 7 12 1 2 0 0
split_gain=138.395 337.78 9.95376 0.357189 0.168478 0.00739767 0.0573201 4.16918e-05 2.5889e-05 1.42495e-05 0.000118836 4.70574e-06 2.15244e-06 2.13341e-06 1.91852e-06 6.39599e-06 7.48124e-08 1.581e-08 3.2362e-09 6.0114e-10 1.27827e-10 6.53699e-13 8.52651e-12 1.42109e-14 7.10543e-15
threshold=0.11277836960585665 364.00000000000006 417.50000000000006 0.086986916393657035 334.50000000000006 700.50000000000011 0.018542074366155962 3949.0000000000005 3734.5000000000005 1005.5000000000001 1003.0000000000001 55.278000000000006 55.505500000000005 628.50000000000011 55.130000000000003 65.94348500000001 0.144306132441514 0.039511808425298119 5325.5000000000009 12.873500000000002 101.50000000000001 8.5000000000000018 2916.0000000000005 79.462000000000003 54.939820000000005
decision_type=2 2 2 2 2 2 2 2 2 2 2 2 2 2 2 2 2 2 2 2 2 2 2 2 2
left_child=1 4 -3 5 21 6 -4 -8 -2 10 12 19 17 -10 -11 -16 -15 -7 -18 -9 -20 -1 -23 -22 -24
right_child=8 2 3 -5 -6 9 7 11 13 14 -12 -13 -14 16 15 -17 18 -19 20 -21 23 22 24 -25 -26
leaf_value=-0.046548045963192043 -0.046645653916266988 0.027162901407662518 0.072412580556711598 0.066288569515407528 -0.037624333241464691 0.077119030643948552 0.077264255513391888 0.077122567887389123 -0.046575200693090013 0.077122664466189692 0.077350979263034803 0.077166086965649208 0.077150062798095012 -0.04654283214162059 0.077180447434772759 0.077122664466189692 -0.046547003218989219 0.077121959913468055 -0.046547827442138159 0.077122011611549302 -0.046548044514668735 -0.046548116026499088 -0.046548045963192043 -0.046548044836701136 -0.046548045963192043
leaf_weight=59.015082120895386 7.5169650316238394 11.28692504763603 7.6775790154933921 8.5758621990680677 5.5813269317150107 7.7831282019615236 8.1685762107372266 9.3396515250206047 7.4998188614845267 18.679296970367432 7.7775037288665763 8.9492835998535138 9.3388504981994611 7.8665044009685507 7.7816382050514248 12.452864646911619 8.6168718338012678 11.285433471202849 7.4931344985961905 10.117973178625105 62.568118005990982 4.9179348349571219 27.786267831921577 8.6171659529209119 9.3440546691417676
leaf_count=240 20 35 20 22 22 20 21 24 20 48 20 23 24 21 20 32 23 29 20 26 167 20 113 23 38
internal_value=1.07768e-05 0.0208791 0.0721736 0.0761448 -0.046081 0.076853 0.0763402 0.0771647 -0.0465561 0.0771552 0.0771778 0.0771361 0.0771304 -0.0465495 0.0771342 0.0771449 -0.0465475 0.0771208 -0.0465479 0.0771223 -0.046548 -0.046548 -0.0465481 -0.046548 -0.046548
internal_weight=356.038 245.859 139.215 127.928 106.645 119.352 44.2531 36.5755 110.179 75.0987 36.1849 28.4069 28.4074 102.662 38.9138 20.2345 95.1618 19.0686 87.2953 19.4576 78.6784 101.063 42.0483 71.1853 37.1303
internal_count=1091 797 364 329 433 307 114 94 294 193 93 73 73 274 100 52 254 49 233 50 210 411 171 190 151
is_linear=0
shrinkage=0.05


Tree=11
num_leaves=25
num_cat=0
split_feature=3 2 3 3 1 2 1 1 1 2 1 1 1 3 0 7 2 0 0 2 0 0 2 0
split_gain=509.407 0.0786753 0.00294264 0.000227773 4.44226e-05 1.31537e-05 1.28743e-05 8.96204e-05 5.64459e-05 1.17321e-06 9.15745e-07 7.87664e-06 7.70087e-07 2.77416e-07 2.22675e-07 5.48997e-07 1.15968e-07 5.2711e-08 1.75655e-07 1.34058e-10 1.5838e-11 8.79297e-13 8.52651e-14 1.77636e-15
threshold=0.09969184575573993 3734.5000000000005 0.14131452864802432 0.086986916393657035 656.00000000000011 2253.0000000000005 334.50000000000006 417.50000000000006 381.50000000000006 3279.0000000000005 1003.0000000000001 1005.5000000000001 8.5000000000000018 0.024644876167485067 55.130000000000003 19.040000000000003 5265.5000000000009 55.130000000000003 65.94348500000001 4541.0000000000009 48.098350000000003 51.550500000000007 6055.0000000000009 43.625000000000007
decision_type=2 2 2 2 2 2 2 2 2 2 2 2 2 2 2 2 2 2 2 2 2 2 2 2
left_child=3 -2 -3 5 -4 10 -7 8 -8 -9 12 -12 -1 -11 19 -16 -6 23 -19 -15 -21 -22 -18 -13
right_child=1 2 4 -5 16 6 7 9 -10 13 11 17 -14 14 15 -17 22 18 -20 20 21 -23 -24 -25
leaf_value=-0.046548048993162144 0.072459942450483414 0.078029268283181394 0.07723506197456885 -0.046852139034819759 0.077116869971673316 -0.046548048993162144 -0.046613673412743521 -0.046574615165100981 -0.046813020893875429 -0.046560826418330752 -0.046489563659632999 -0.046548045810229192 -0.046566837818009299 -0.046547802786019395 -0.046566587348238715 -0.046547184037413647 0.07712266590494006 -0.046558564983318111 -0.046548045810229192 -0.046548128956418126 -0.046548045810229199 -0.046548020815372154 0.07712266172328136 -0.046548045810229192
leaf_weight=59.015082120895386 9.4025848209857923 9.9146504104137403 9.4940809309482557 6.8360998034477225 9.4975839853286725 39.589284256100655 8.9148697108030301 6.6993124932050696 5.9018385559320441 8.0628899633884412 6.4352526664733878 6.7700076699256888 6.0088370442390433 6.4475751817226437 6.4515241086482993 8.3816779851913434 9.9496711790561658 6.4498370885849026 10.316202163696287 6.4476443827152279 7.737151622772215 6.4476211071014404 85.928978621959686 8.7042955756187421
leaf_count=240 21 22 21 21 21 161 34 21 21 25 20 21 21 20 20 26 22 20 32 20 24 20 190 27
internal_value=-1.46228e-05 0.0768705 0.0772028 -0.046568 0.0771315 -0.046559 -0.0465709 -0.0465836 -0.0466931 -0.046555 -0.0465462 -0.0465401 -0.0465498 -0.0465523 -0.0465507 -0.0465556 0.0771221 -0.0465502 -0.0465521 -0.046548 -0.0465481 -0.046548 0.0771227 -0.046548
internal_weight=355.805 134.188 124.785 221.617 114.87 214.781 111.081 71.4921 14.8167 56.6754 103.7 38.6756 65.0239 49.9761 41.9132 14.8332 105.376 32.2403 16.766 27.08 20.6324 14.1848 95.8786 15.4743
internal_count=1091 297 276 794 254 773 392 231 55 176 381 120 261 155 130 46 233 100 52 84 64 44 212 48
is_linear=0
shrinkage=0.05


Tree=12
num_leaves=29
num_cat=0
split_feature=1 1 1 1 3 1 3 3 3 2 3 1 2 0 0 0 0 2 3 0 7 3 1 2 1 2 0 2
split_gain=431.052 7.2723 3.31494 0.0920231 0.0115456 0.0440446 4.9e-05 0.000279139 0.000214617 3.35531e-05 1.62929e-06 1.39091e-06 7.14e-07 1.66469e-07 3.56658e-07 4.9067e-08 1.57903e-07 1.27623e-08 1.35141e-09 2.24961e-10 7.92113e-11 3.26423e-11 2.98428e-11 3.86038e-10 2.41371e-11 3.55271e-14 2.84217e-14 1.42109e-14
threshold=401.50000000000006 364.00000000000006 417.50000000000006 334.50000000000006 0.0099647634353574616 1005.5000000000001 0.09969184575573993 0.085523332883546924 0.13659231329368118 4223.5000000000009 0.019258380102574194 649.50000000000011 3627.5000000000005 55.278000000000006 57.040500000000009 58.102235 48.52150000000001 5265.5000000000009 0.15339083771198384 68.52676000000001 15.556500000000002 0.043910763383208935 8.5000000000000018 2916.0000000000005 715.50000000000011 5811.0000000000009 90.576170000000019 7043.0000000000009
decision_type=2 2 2 2 2 2 2 2 2 2 2 2 2 2 2 2 2 2 2 2 2 2 2 2 2 2 2 2
left_child=1 3 -2 22 5 -4 7 10 -8 -10 -6 -11 -12 20 -15 16 -7 -13 -19 -17 21 -14 26 -24 -20 -23 -1 -26
right_child=2 -3 4 -5 6 15 8 -9 9 11 12 17 13 14 -16 19 -18 18 24 -21 -22 25 23 -25 27 -27 -28 -29
leaf_value=0.072028681233710493 0.0013070821969554487 0.020295601843638798 -0.041760338755035722 0.066004299490952864 -0.045607378295614287 -0.045575363759185611 -0.045306962584257919 -0.045920344332863475 -0.045688469539545584 -0.045597413840533313 -0.045594367802110847 -0.045573093760450697 -0.045575233207395968 -0.045590811639885404 -0.045574285233592887 -0.045574967369617483 -0.045585449899759836 -0.045574637867859882 -0.045575268642662009 -0.045575363759185639 -0.045575131061003409 -0.045575373970886186 0.072028254951145135 0.072028681233710493 -0.045575365652033593 -0.045575368954988781 0.072028681233710493 -0.04557536485185365
leaf_weight=64.652193486690521 3.8687628209590903 7.2581450045108786 9.978374779224394 6.681612253189086 6.2382155060768119 10.280687481164938 7.4557479918003073 6.9409882426261893 7.2717985808849326 7.6094765663146964 7.4822091460227957 7.240485191345214 6.2306890785694184 6.2343457043170911 6.8535116314888 6.2306262552738181 6.233087182044982 7.240908056497573 7.2410805225372306 8.4114715754985792 6.8537312746047965 6.2307222783565503 6.014162302017211 45.406889379024506 11.947826415300367 7.4768649935722351 7.5176969170570365 51.411857068538666
leaf_count=215 12 23 32 22 20 33 21 22 20 21 24 20 20 20 22 20 20 20 20 27 22 20 20 151 33 24 25 142
internal_value=6.05026e-06 0.0690058 -0.0445536 0.0717197 -0.0454022 -0.0446514 -0.045586 -0.045622 -0.0455657 -0.045585 -0.0455834 -0.0455769 -0.0455802 -0.0455775 -0.0455822 -0.0455773 -0.0455792 -0.0455751 -0.0455753 -0.0455752 -0.0455753 -0.0455753 0.0720287 0.0720286 -0.0455754 -0.0455754 0.0720287 -0.0455754
internal_weight=350.494 137.531 212.963 130.273 209.095 41.1342 167.96 60.5413 107.419 99.9634 53.6003 92.6916 47.3621 39.8799 13.0879 31.1559 16.5138 85.0822 77.8417 14.6421 26.792 19.9383 123.591 51.4211 70.6008 13.7076 72.1699 63.3597
internal_count=1091 456 635 433 623 132 491 194 297 276 172 256 152 128 42 100 53 235 215 47 86 64 411 171 195 44 240 175
is_linear=0
shrinkage=0.05


Tree=13
num_leaves=28
num_cat=0
split_feature=3 1 1 3 1 2 7 0 1 1 2 3 7 8 1 1 7 3 2 0 2 12 1 2 0 0 1
split_gain=127.208 301.673 8.74587 0.298127 0.168515 0.0563043 0.0100065 0.0652176 0.00602086 0.000222607 4.53254e-05 4.3658e-05 1.48109e-05 1.36471e-05 7.22464e-06 1.6235e-06 7.676e-07 3.0154e-07 9.30775e-09 6.08881e-09 2.72961e-09 3.65873e-10 1.37845e-12 1.80123e-11 7.10543e-15 7.10543e-15 7.10543e-15
threshold=0.11277836960585665 364.00000000000006 414.00000000000006 0.086986916393657035 334.50000000000006 8615.5000000000018 16.047000000000001 52.322500000000012 558.00000000000011 700.50000000000011 3734.5000000000005 0.017579709884236853 8.6052100000000014 1.207000000000001 1005.5000000000001 628.50000000000011 12.873500000000002 0.144306132441514 5243.5000000000009 69.543040000000005 5325.5000000000009 101.50000000000001 8.5000000000000018 2916.0000000000005 90.576170000000019 69.03700000000002 1013.0000000000001
decision_type=2 2 2 2 2 2 2 2 2 2 2 2 2 2 2 2 2 2 2 2 2 2 2 2 2 2 2
left_child=1 4 -3 5 22 6 7 11 -8 -10 -2 12 -4 -11 -15 -12 18 -17 -13 -16 -19 -22 24 -24 25 -1 -23
right_child=10 2 3 -5 -6 -7 8 -9 9 13 15 16 -14 14 19 17 -18 20 -20 -21 21 26 23 -25 -26 -27 -28
leaf_value=-0.04557536463725656 -0.045705457177025802 0.023244557190616046 0.072100315291587058 0.061996629072438331 -0.036528016434386266 0.067462532592414526 0.073619801197142135 0.06726211430262978 0.07230720882532439 0.072121082577834408 -0.045598955187928301 0.072026259927371383 0.072183585636320588 0.072081065701312383 0.072026835859714339 -0.045564836672299443 0.072046343904198271 -0.045574375573042857 0.07202858596025212 0.072028683985853034 -0.045574991061675778 -0.045575364708266328 -0.045575468203282399 -0.04557536463725656 -0.04557536463725656 -0.04557536463725656 -0.045575364730803244
leaf_weight=41.346558630466461 7.2764436006546012 10.373821854591368 16.555806696414951 8.6945082545280439 5.4331000745296469 7.7747186720371237 7.8416608273982993 8.1828708350658399 12.608613103628157 7.8834157884120932 7.2475398480892173 7.8848764896392884 7.8824063539504996 9.855035603046419 7.8848677277565029 7.6001334786415091 7.8845671713352194 8.3269613683223707 9.4618095159530622 10.250291705131529 7.2410047948360434 56.480631560087204 4.7524966299533835 35.881208926439285 5.9405975043773642 9.742579907178877 12.309881269931791
leaf_count=174 20 32 42 22 22 20 20 21 32 20 20 20 20 25 20 21 20 23 24 26 20 156 20 151 25 41 34
internal_value=1.66957e-05 0.019908 0.0674331 0.0709419 -0.0450986 0.0715797 0.07186 0.0713981 0.0723344 0.0721265 -0.045585 0.0720795 0.0721272 0.072063 0.0720466 -0.0455762 0.0720334 -0.0455744 0.0720275 0.0720279 -0.0455752 -0.0455753 -0.0455754 -0.0455754 -0.0455754 -0.0455754 -0.0455754
internal_weight=350.598 244.116 141.019 130.645 103.097 121.951 114.176 57.8523 56.3239 48.4822 106.483 49.6695 24.4382 35.8736 27.9902 99.2062 25.2313 91.9586 17.3467 18.1352 84.3585 76.0315 97.6634 40.6337 57.0297 51.0891 68.7905
internal_count=1091 797 364 332 433 310 290 147 143 123 294 126 62 91 71 274 64 254 44 46 233 210 411 171 240 215 190
is_linear=0
shrinkage=0.05


Tree=14
num_leaves=30
num_cat=0
split_feature=3 4 3 2 3 2 1 1 1 1 3 1 1 1 2 0 7 3 0 0 2 0 7 3 1 1 0 0 0
split_gain=458.601 0.0737842 0.0047152 0.000845733 0.000333082 2.48972e-05 2.72266e-05 0.0002912 3.59868e-05 1.99418e-05 2.00017e-06 1.53866e-06 1.0222e-05 2.32611e-06 7.1726e-07 1.58344e-07 3.75055e-07 1.34693e-07 4.9067e-08 1.57903e-07 1.41195e-08 2.24961e-10 1.14429e-10 6.78355e-11 2.65814e-11 2.84217e-14 7.10543e-15 7.10543e-15 3.55271e-15
threshold=0.09969184575573993 1.0000000180025095e-35 0.13824253337460482 4329.5000000000009 0.086986916393657035 2253.0000000000005 417.50000000000006 389.00000000000006 334.50000000000006 682.00000000000011 0.019258380102574194 1003.0000000000001 1005.5000000000001 8.5000000000000018 3627.5000000000005 55.278000000000006 19.231000000000005 0.15339083771198384 58.102235 48.52150000000001 5613.5000000000009 68.52676000000001 15.556500000000002 0.043910763383208935 698.50000000000011 731.50000000000011 90.576170000000019 69.03700000000002 57.673000000000009
decision_type=2 2 2 2 2 2 2 2 2 2 2 2 2 2 2 2 2 2 2 2 2 2 2 2 2 2 2 2 2
left_child=4 -2 -3 -4 5 11 7 8 28 -5 -8 13 -13 26 -12 22 -17 -11 19 -14 -19 -20 23 -16 -25 -22 27 -1 -7
right_child=1 2 3 9 -6 6 10 -9 -10 17 14 12 18 -15 15 16 -18 20 21 -21 25 -23 -24 24 -26 -27 -28 -29 -30
leaf_value=-0.04557536463725656 0.068033651752478191 0.073204892619970305 0.072535684510729725 0.072105033863904738 -0.045951508361689791 -0.045575364675674725 -0.045609724076937593 -0.046009369786152596 -0.045683369376080932 0.072022352592374217 -0.045594364744600158 -0.045507071828320034 -0.045575363759185611 -0.045608573250487595 -0.045575232081451263 -0.045590959351391527 -0.045574351890031964 0.072026608189692587 -0.045574967369617483 -0.045585449899759836 0.07202868723706303 -0.045575363759185639 -0.045575132986977726 -0.045575368781018415 -0.045575507336095306 0.072028684759120734 -0.04557536463725656 -0.04557536463725656 -0.045575364655157491
leaf_weight=41.346558630466461 11.830539196729658 10.042358517646788 9.1540756523609144 9.1620925664901716 6.6332123279571524 30.8911072909832 6.4766952544450751 4.704602748155593 9.659969434142111 10.079931080341337 7.4822090268135062 6.2145714163780204 10.280687481164938 5.8103882968425742 6.2306888401508393 6.2343805134296399 7.4765776991844177 9.163499176502226 6.2306262552738181 6.233087182044982 9.6216356456279737 8.4114715754985792 6.8537319004535666 7.7884010374546033 6.230753481388092 66.893276393413544 5.9405975043773642 9.742579907178877 7.3663409352302542
leaf_count=174 26 22 20 20 21 130 21 17 38 22 24 20 33 21 20 20 24 20 20 20 21 27 22 25 20 146 25 41 31
internal_value=-2.27709e-05 0.0718066 0.0721662 0.0720748 -0.0456027 -0.0455916 -0.0456083 -0.045634 -0.0455971 0.0720346 -0.0455836 -0.0455737 -0.0455656 -0.0455784 -0.0455801 -0.0455775 -0.0455819 0.0720278 -0.0455773 -0.0455792 0.0720285 -0.0455752 -0.0455753 -0.0455754 -0.0455754 0.0720287 -0.0455754 -0.0455754 -0.0455754
internal_weight=350.187 135.947 124.117 114.075 214.239 207.606 107.395 52.622 47.9174 104.92 54.7734 100.211 37.3704 62.8401 48.2967 40.8145 13.711 95.7583 31.1559 16.5138 85.6784 14.6421 27.1036 20.2498 14.0192 76.5149 57.0297 51.0891 38.2574
internal_count=1091 297 271 249 794 773 392 216 199 229 176 381 120 261 155 131 44 209 100 53 187 47 87 65 45 167 240 215 161
is_linear=0
shrinkage=0.05


Tree=15
num_leaves=31
num_cat=0
split_feature=1 1 1 1 3 1 3 3 3 2 4 2 2 5 0 0 1 0 0 1 2 0 0 1 2 3 0 2 0 0
split_gain=389.552 6.41742 3.18912 0.0856283 0.011867 0.0449495 6.40027e-05 0.000356358 0.000235519 2.70965e-05 3.36984e-06 2.42563e-06 1.31979e-06 6.31658e-07 5.97015e-07 1.03962e-06 5.76125e-07 1.46131e-07 5.1962e-07 4.15773e-08 1.8162e-08 9.03491e-10 1.4232e-10 7.10543e-11 9.18732e-10 1.76925e-12 2.84217e-14 2.84217e-14 1.42109e-14 7.10543e-15
threshold=401.50000000000006 364.00000000000006 417.50000000000006 334.50000000000006 0.0099647634353574616 1005.5000000000001 0.09969184575573993 0.085523332883546924 0.13659231329368118 4223.5000000000009 1.0000000180025095e-35 8551.0000000000018 3279.0000000000005 1.0000000180025095e-35 52.322500000000012 56.668815000000009 682.00000000000011 52.440000000000005 63.354490000000006 578.00000000000011 5423.5000000000009 79.79749000000001 44.082225000000008 8.5000000000000018 2916.0000000000005 0.15855967425619125 91.186520000000016 6683.5000000000009 61.76579000000001 65.803500000000014
decision_type=2 2 2 2 2 2 2 2 2 2 2 2 2 2 2 2 2 2 2 2 2 2 2 2 2 2 2 2 2 2
left_child=1 3 -2 23 5 -4 7 11 -8 -10 -11 12 -6 14 -14 -16 -12 22 -19 -15 -18 25 -7 26 -25 -22 28 -27 -1 -29
right_child=2 -3 4 -5 6 17 8 -9 9 10 16 -13 13 19 15 -17 20 18 -20 -21 21 -23 -24 24 -26 27 -28 29 -30 -31
leaf_value=0.067735358915371233 0.0013312082674027531 0.019300354162500769 -0.040760111972785874 0.061945895091198355 -0.044709167160729764 -0.04467888235498936 -0.044393796865955307 -0.045078307645198851 -0.044785531727021988 -0.044714355025684355 -0.044693792467870155 -0.044721111584943268 -0.044681169994926384 -0.044673047368797097 -0.044711719440872218 -0.044682318029810472 -0.044676741035500206 -0.044697603646469811 -0.044679358351330363 -0.044678318845202909 -0.044679449477892701 -0.04467882475380909 -0.044678550346630874 0.067734703025605733 0.067735358915371233 -0.044679425465555443 0.067735358915371233 -0.044679422248257897 0.067735358915371233 -0.044679422262599369
leaf_weight=36.881615161895752 3.8677586317062369 7.3100669384002677 9.6482065916061384 6.732926905155181 6.0163546502590171 6.609349191188814 7.1659166216850272 6.7206391096115103 7.0148786902427664 8.0426010191440565 7.3367162346839896 6.0194621682167044 11.717727929353716 6.0069763958454123 6.0170387625694257 6.0093818008899689 7.3313099741935721 6.0133631825447109 11.115950703620909 9.9137804210185987 6.9830214083194724 6.9828316569328299 6.3088330328464508 6.0461682081222525 45.648556470870972 7.3321642577648154 6.9530913829803458 12.220271974802015 28.719290494918823 33.169309735298157
leaf_count=122 12 23 32 22 20 22 21 22 20 23 21 20 39 20 20 20 21 20 37 33 20 20 21 20 151 21 23 35 95 95
internal_value=8.83176e-06 0.0648932 -0.0436417 0.0674377 -0.0445041 -0.0437293 -0.044694 -0.0447358 -0.0446704 -0.0446909 -0.0446835 -0.0446913 -0.0446873 -0.044684 -0.0446892 -0.044697 -0.0446804 -0.0446827 -0.0446858 -0.0446763 -0.0446791 -0.0446794 -0.0446787 0.0677353 0.0677353 -0.0446794 0.0677354 -0.0446794 0.0677354 -0.0446794
internal_weight=343.856 138.292 205.564 130.982 201.696 39.6957 162 58.4214 103.579 96.4131 89.3982 51.7007 45.6813 39.6649 23.7441 12.0264 81.3556 30.0475 17.1293 15.9208 74.0189 66.6876 12.9182 124.249 51.6947 59.7048 72.554 52.7217 65.6009 45.3896
internal_count=1091 456 635 433 623 132 491 194 297 276 256 172 152 132 79 40 233 100 57 53 212 191 43 411 171 171 240 151 217 130
is_linear=0
shrinkage=0.05


Tree=16
num_leaves=28
num_cat=0
split_feature=3 1 1 3 1 0 7 1 3 1 2 2 1 0 4 0 3 1 2 0 2 3 1 2 2 0 0
split_gain=117.083 270.708 7.77686 0.277355 0.16966 0.00750372 0.0647293 9.6427e-05 7.81697e-05 0.000342554 3.68465e-05 1.59152e-05 1.54098e-05 1.33594e-05 3.63067e-06 2.96095e-06 5.93052e-07 3.71728e-07 3.18057e-07 6.24439e-09 5.55607e-09 8.09308e-12 2.87059e-12 3.71934e-11 3.55271e-14 7.10543e-15 3.55271e-15
threshold=0.11277836960585665 364.00000000000006 417.50000000000006 0.086986916393657035 334.50000000000006 54.985000000000007 17.413240000000002 700.50000000000011 0.017579709884236853 1005.5000000000001 3734.5000000000005 7646.0000000000009 1005.5000000000001 51.864500000000007 1.0000000180025095e-35 45.890220000000006 0.14244935990179933 683.50000000000011 4126.0000000000009 68.52676000000001 5423.5000000000009 0.15755055698466761 8.5000000000000018 2916.0000000000005 6617.0000000000009 91.186520000000016 45.890220000000006
decision_type=2 2 2 2 2 2 2 2 2 2 2 2 2 2 2 2 2 2 2 2 2 2 2 2 2 2 2
left_child=1 4 -3 5 22 8 -7 -8 9 -4 -2 13 -9 18 -12 -11 -16 -18 -10 -14 -19 -22 25 -24 -23 -1 -25
right_child=10 2 3 -5 -6 6 7 12 11 15 14 -13 19 -15 16 -17 17 20 -20 -21 21 24 23 26 -26 -27 -28
leaf_value=-0.044679422619584866 -0.044800848581388511 0.024006591032668979 0.068095311021087748 0.058285527186407615 -0.03547046521031335 0.062851192877213607 0.067932910197930504 0.067809006684658002 0.067744002655375377 0.067732895746119598 -0.044713577772996498 0.067830015021497755 0.067733513993757474 0.067805797600910669 -0.044665531452958818 0.067772906801215907 -0.044690848058722588 -0.044677976847245657 0.067731511103776385 0.067735365532736638 -0.044679479731319353 -0.044679425725067584 -0.044679574195956882 -0.044679422619584866 -0.04467942233406804 -0.044679422619584866 -0.044679422619584866
leaf_weight=49.726480662822723 7.0195245146751395 11.513288617134092 11.491496056318285 8.7630575597286207 5.2819768190383902 7.8315973281860343 11.492450863122938 11.097102433443071 7.9267684221267727 11.097539544105532 8.3919979929923993 9.9080460965633375 7.9268118739128139 9.9081541299819929 7.3277334272861472 7.926657795906066 7.6851040422916403 7.3317039608955374 14.268273979425429 10.701186776161192 6.9830305874347678 7.332164615392684 4.5831169188022605 5.7288572192192069 50.626841574907303 5.2705486416816703 28.873440384864807
leaf_count=217 20 35 29 22 22 20 29 28 20 28 24 25 20 25 21 20 22 21 36 27 20 21 20 25 145 23 126
internal_value=2.34106e-05 0.0190524 0.0633971 0.0668766 -0.0441904 0.0674958 0.0670182 0.0678099 0.0678189 0.0678798 -0.0446903 0.0677746 0.0677624 0.0677575 -0.0446822 0.0677496 -0.0446791 -0.0446804 0.067736 0.0677346 -0.0446793 -0.0446794 -0.0446794 -0.0446794 -0.0446794 -0.0446794 -0.0446794
internal_weight=344.015 241.317 141.852 130.339 99.4644 121.576 49.0491 41.2176 72.5269 30.5157 102.698 42.0112 29.7251 32.1032 95.6786 19.0242 87.2866 79.9588 22.195 18.628 72.2737 64.942 94.1824 39.1854 57.959 54.997 34.6023
internal_count=1091 797 364 329 433 307 124 104 183 77 294 106 75 81 274 48 250 229 56 47 207 186 411 171 166 240 151
is_linear=0
shrinkage=0.05


Tree=17
num_leaves=29
num_cat=0
split_feature=3 2 3 3 4 2 1 1 1 1 2 2 1 1 1 5 0 0 2 0 0 1 3 0 2 1 2 0
split_gain=414.672 0.0711449 0.00526345 0.000433168 9.46611e-05 4.06755e-05 4.33325e-05 0.000309315 0.000138283 9.72588e-06 2.448e-06 1.66235e-06 1.26573e-06 1.0763e-05 1.88078e-06 6.12895e-07 5.69773e-07 1.08221e-06 2.16835e-07 1.46113e-07 5.19658e-07 4.43833e-08 1.68114e-10 1.4232e-10 1.73372e-12 4.26326e-14 1.06581e-14 7.10543e-15
threshold=0.09969184575573993 3734.5000000000005 0.14131452864802432 0.086986916393657035 1.0000000180025095e-35 2519.0000000000005 334.50000000000006 417.50000000000006 381.50000000000006 683.50000000000011 8551.0000000000018 3279.0000000000005 1003.0000000000001 1005.5000000000001 8.5000000000000018 1.0000000180025095e-35 52.322500000000012 56.668815000000009 5423.5000000000009 52.440000000000005 63.354490000000006 578.00000000000011 0.15755055698466761 44.082225000000008 6587.0000000000009 738.50000000000011 3707.0000000000005 91.186520000000016
decision_type=2 2 2 2 2 2 2 2 2 2 2 2 2 2 2 2 2 2 2 2 2 2 2 2 2 2 2 2
left_child=3 -2 -3 5 -4 12 26 8 -8 -6 11 -9 14 -14 27 16 -13 -18 -11 23 -21 -17 -20 -15 -24 -26 -7 -1
right_child=1 2 4 -5 9 6 7 10 -10 18 -12 15 13 19 -16 21 17 -19 22 20 -22 -23 24 -25 25 -27 -28 -29
leaf_value=-0.044679419714226912 0.063382269644045988 0.068943364768929302 0.067896345884045306 -0.045118222547486916 0.067785076788903151 -0.044679421318739213 -0.044828101931538113 -0.044712316676046436 -0.04514997427391422 0.067727491300343098 -0.044720815510492569 -0.044681166445106633 -0.044609336595743718 -0.04467888235498936 -0.044708610211777126 -0.044673073239613115 -0.044711736142777202 -0.044682097874542893 0.067735582986410636 -0.044697603646469811 -0.04467935768107005 -0.044678489379655816 0.067735381772932798 -0.044678550346630874 0.067735362341701827 0.067735358459604475 -0.044679419714226912 -0.044679419714226912
leaf_weight=49.726483896374702 9.5900657176971418 10.102010458707808 10.59322068095207 6.4261177480220786 10.593801885843275 5.9580124318599692 8.3429882079362851 5.9457862377166739 5.5611566752195349 9.6728793382644636 6.3203557431697837 11.717725992202761 5.9902988970279685 6.609349191188814 6.1336026936769477 6.0069831907749203 6.0170431137084943 6.3097914755344391 9.6728439629077894 6.0133631825447109 11.115950703620909 10.214273244142531 9.2122332453727704 6.3088330328464508 9.2122334241867048 58.037070572376251 30.706676691770554 5.2705489844083777
leaf_count=217 21 22 23 21 23 26 34 20 21 21 21 39 20 22 23 20 20 21 21 20 37 34 20 21 20 126 134 23
internal_value=-3.22977e-05 0.067535 0.0678484 -0.0447141 0.0677538 -0.0447012 -0.0447231 -0.0447471 -0.0449568 0.0677396 -0.0446916 -0.0446876 -0.044678 -0.0446705 -0.0446823 -0.044684 -0.0446891 -0.0446966 0.0677346 -0.0446827 -0.0446858 -0.0446765 0.0677354 -0.0446787 0.0677354 0.0677354 -0.0446794 -0.0446794
internal_weight=343.382 136.686 127.096 206.695 116.994 200.269 103.101 66.4361 13.9041 106.401 52.532 46.2116 97.1684 36.0378 61.1306 40.2658 24.0446 12.3268 95.8073 30.0475 17.1293 16.2213 86.1344 12.9182 76.4615 67.2493 36.6647 54.997
internal_count=1091 297 276 794 254 773 390 230 55 231 175 154 383 120 263 134 80 41 208 100 57 54 187 43 166 146 160 240
is_linear=0
shrinkage=0.05


Tree=18
num_leaves=31
num_cat=0
split_feature=1 1 1 1 3 1 3 3 3 2 4 2 2 5 0 0 1 0 0 1 3 2 0 1 2 2 0 0 0 1
split_gain=353.283 5.72988 3.05567 0.0817375 0.0122572 0.0462173 7.25046e-05 0.000421916 0.000232027 3.89837e-05 2.78856e-06 1.69251e-06 1.21842e-06 1.09249e-06 1.37375e-06 2.67553e-06 4.33649e-07 2.77649e-07 1.03199e-06 3.54533e-08 2.85139e-08 2.0332e-09 3.40803e-10 1.08031e-10 1.39697e-09 6.82121e-13 4.9738e-14 1.42109e-14 1.42109e-14 1.42109e-14
threshold=401.50000000000006 364.00000000000006 417.50000000000006 334.50000000000006 0.0099647634353574616 1005.5000000000001 0.09969184575573993 0.085523332883546924 0.13659231329368118 4223.5000000000009 1.0000000180025095e-35 8551.0000000000018 3279.0000000000005 1.0000000180025095e-35 52.322500000000012 56.668815000000009 682.00000000000011 52.440000000000005 63.354490000000006 578.00000000000011 0.15212389730596518 5500.5000000000009 44.082225000000008 8.5000000000000018 2916.0000000000005 6617.0000000000009 78.645500000000013 91.674805000000006 72.420000000000016 763.50000000000011
decision_type=2 2 2 2 2 2 2 2 2 2 2 2 2 2 2 2 2 2 2 2 2 2 2 2 2 2 2 2 2 2
left_child=1 3 -2 23 5 -4 7 11 -8 -10 -11 12 -6 14 -14 -16 -12 22 -19 -15 -18 -22 -7 27 -25 -23 29 28 -1 -27
right_child=2 -3 4 -5 6 17 8 -9 9 10 16 -13 13 19 15 -17 20 18 -20 -21 21 25 -24 24 -26 26 -28 -29 -30 -31
leaf_value=0.064077507783019988 0.0011763654204527182 0.018429233578823451 -0.039808539183733019 0.058426191819104391 -0.043885226289201142 -0.043853289984143944 -0.043565428671841613 -0.044295651758464283 -0.043982029140444759 -0.043885984835547398 -0.043866346174169318 -0.043892606016003255 -0.043855119384432373 -0.0438471958131465 -0.043903640448551016 -0.043855575136093811 -0.043850338926726878 -0.043879932233755178 -0.043853727460877984 -0.043852157708836284 -0.043852864719576612 -0.043853768903109491 -0.043852766292458024 0.06407669844042381 0.064077507783019988 -0.043853783443585891 -0.043853789414298433 0.064077507783019988 0.064077507783019988 -0.0438537855877199
leaf_weight=56.151520729064941 3.8732884228229514 7.3545137643814078 9.3114691376686078 6.7462419271469107 5.7920983135700217 6.3613209724426287 6.8761583417654029 6.4960950911045066 6.7631585001945487 7.7413918972015372 7.061384677886962 5.7942212522029868 11.277900457382204 5.7812748551368704 5.797364264726637 5.7836596667766571 7.0558139085769644 5.7905994355678585 10.698815822601317 9.541447848081587 6.7206643819808951 6.7209657430648795 6.0720126926898956 6.0377911925315848 45.585374355316162 8.4012128710746747 7.7291182875633231 6.0377979278564444 10.264256477355955 34.612996816635132
leaf_count=186 12 23 32 22 20 22 21 22 20 23 21 20 39 20 20 20 21 20 37 33 20 20 21 20 151 25 23 20 34 103
internal_value=1.1874e-05 0.0613719 -0.0427975 0.063786 -0.0436746 -0.0428723 -0.0438713 -0.0439167 -0.0438457 -0.0438664 -0.0438574 -0.0438672 -0.0438639 -0.0438606 -0.0438675 -0.0438796 -0.0438545 -0.0438587 -0.0438629 -0.0438503 -0.0438534 -0.0438537 -0.043853 0.0640775 0.0640774 -0.0438538 -0.0438538 0.0640775 0.0640775 -0.0438538
internal_weight=336.232 138.177 198.054 130.823 194.181 38.2342 155.947 56.2641 99.6829 92.8067 86.0435 49.768 43.9737 38.1816 22.8589 11.581 78.3022 28.9227 16.4894 15.3227 71.2408 64.185 12.4333 124.077 51.6232 57.4643 50.7433 72.4536 66.4158 43.0142
internal_count=1091 456 635 433 623 132 491 194 297 276 256 172 152 132 79 40 233 100 57 53 212 191 43 411 171 171 151 240 220 128
is_linear=0
shrinkage=0.05


Tree=19
num_leaves=29
num_cat=0
split_feature=3 1 1 3 1 2 1 1 3 2 1 1 0 0 0 7 4 3 1 0 2 3 1 2 2 1 0 2
split_gain=107.895 243.905 7.04531 0.24355 0.171793 0.0518179 0.0107347 0.0108403 0.0508579 5.34276e-05 4.1019e-05 0.000245859 2.60277e-05 6.93182e-06 2.57954e-05 6.54233e-06 3.03626e-06 1.29553e-06 3.05001e-07 8.52019e-09 4.23901e-09 7.38964e-12 4.33431e-12 5.60654e-11 6.39488e-14 1.42109e-14 3.55271e-15 3.55271e-15
threshold=0.11277836960585665 364.00000000000006 414.00000000000006 0.086986916393657035 334.50000000000006 8615.5000000000018 494.50000000000006 700.50000000000011 0.027091363989681042 3734.5000000000005 1005.5000000000001 1003.0000000000001 53.475900000000003 52.440000000000005 63.354490000000006 17.695500000000006 1.0000000180025095e-35 0.14244935990179933 683.50000000000011 44.082225000000008 5423.5000000000009 0.15755055698466761 8.5000000000000018 2916.0000000000005 6587.0000000000009 762.50000000000011 54.939820000000005 13840.000000000002
decision_type=2 2 2 2 2 2 2 2 2 2 2 2 2 2 2 2 2 2 2 2 2 2 2 2 2 2 2 2
left_child=1 4 -3 5 22 6 -4 8 -8 -2 11 15 -10 19 -15 -9 -11 -18 -19 -12 -20 -22 -1 -24 -23 -26 -25 -27
right_child=9 2 3 -5 -6 -7 7 10 12 16 13 -13 -14 14 -16 -17 17 18 20 -21 21 24 23 26 25 27 -28 -29
leaf_value=-0.043853783371527302 -0.044001158013224573 0.020602091988035278 0.065620106819441235 0.055043877900500165 -0.0344477425946478 0.059722006378199147 0.059519391497389301 0.064120845263542864 0.064088716984291097 -0.043884899213225775 0.064075404230916094 0.064416902709656582 0.064191909217206453 0.064189290176256575 0.064077266470672828 0.064069799951664938 -0.043832288839616998 -0.043864336373748342 -0.043852495506783627 0.064073166151621216 -0.043853837870830331 -0.04385378666069193 -0.043853973064085332 -0.043853783371527302 -0.043853783034818947 -0.043853781431319072 -0.043853783371527302 -0.043853781422627233
leaf_weight=52.933226823806763 6.7695279419422141 10.543027877807615 8.684333920478819 8.7867603898048383 5.1290300339460364 7.8141884803771964 7.8269094526767722 13.853454500436785 15.040294885635378 8.0775424242019636 8.7073926925659197 7.9191034138202658 10.292022675275801 7.9169316291809109 14.644287407398222 11.477842122316359 7.0494971573352805 7.3969069719314566 7.0565688610076895 8.3115778267383558 6.7209880650043479 6.7209715843200675 4.4111438244581214 24.922727629542351 9.7454071938991529 27.892026454210281 8.3810942471027357 11.425649374723433
leaf_count=240 20 32 22 22 22 20 20 35 38 24 22 20 26 20 37 29 21 22 21 21 20 20 20 113 29 83 38 34
internal_value=3.08661e-05 0.0182946 0.0599266 0.0630848 -0.0433501 0.0636616 0.0639301 0.0637916 0.0630422 -0.0438656 0.0641328 0.0641737 0.0641306 0.0640984 0.0641166 0.0640977 -0.0438556 -0.0438528 -0.0438547 0.0640743 -0.0438537 -0.0438538 -0.0438538 -0.0438538 -0.0438538 -0.0438538 -0.0438538 -0.0438538
internal_weight=336.45 237.595 141.818 131.275 95.7772 122.488 114.674 105.99 33.1592 98.8551 72.8306 33.2504 25.3323 39.5802 22.5612 25.3313 92.0856 84.008 76.9585 17.019 69.5616 62.505 90.6482 37.715 55.7841 49.0631 33.3038 39.3177
internal_count=1091 797 364 332 433 310 290 268 84 294 184 84 64 100 57 64 274 250 229 43 207 186 411 171 166 146 151 117
is_linear=0
shrinkage=0.05


Tree=20
num_leaves=30
num_cat=0
split_feature=3 2 3 3 4 2 1 1 1 1 2 2 5 0 0 1 1 1 0 0 2 1 0 3 2 0 1 2 0
split_gain=376.338 0.0668866 0.00636014 0.000517386 6.93344e-05 6.06522e-05 6.85462e-05 0.000646112 2.01844e-05 7.13009e-06 1.68936e-06 1.65872e-06 1.06349e-06 1.31573e-06 2.76333e-06 1.0279e-06 1.21279e-05 1.36981e-06 2.77649e-07 1.03199e-06 1.69644e-07 3.85527e-08 3.40803e-10 1.41256e-10 1.91847e-12 2.13163e-13 7.10543e-14 2.84217e-14 7.10543e-15
threshold=0.09969184575573993 3734.5000000000005 0.14131452864802432 0.086986916393657035 1.0000000180025095e-35 2519.0000000000005 417.50000000000006 364.00000000000006 334.50000000000006 683.50000000000011 8551.0000000000018 3279.0000000000005 1.0000000180025095e-35 52.322500000000012 56.668815000000009 1003.0000000000001 1005.5000000000001 8.5000000000000018 52.440000000000005 63.354490000000006 5423.5000000000009 578.00000000000011 44.082225000000008 0.15755055698466761 6587.0000000000009 78.645500000000013 759.50000000000011 3319.0000000000005 91.674805000000006
decision_type=2 2 2 2 2 2 2 2 2 2 2 2 2 2 2 2 2 2 2 2 2 2 2 2 2 2 2 2 2
left_child=3 -2 -3 5 -4 15 7 8 27 -6 11 -8 13 -13 -15 17 -17 28 22 -20 -11 -14 -18 -22 -25 26 -26 -7 -1
right_child=1 2 4 -5 9 6 10 -9 -10 20 -12 12 21 14 -16 16 18 -19 19 -21 23 -23 -24 24 25 -27 -28 -29 -30
leaf_value=-0.043853783786778427 0.0598667334554467 0.065401383469329499 0.064215347736987172 -0.044344675807916525 0.064120085472742228 -0.043853787909684028 -0.043889377590447767 -0.044346758825877457 -0.043961628918593287 0.064070546232939049 -0.043892346091689058 -0.043855116198683625 -0.043847219060866333 -0.043903655951163745 -0.043855393985875568 -0.043779236876735725 -0.043853289984143944 -0.043879176552706296 -0.043879932233755178 -0.043853727460877984 0.064077714738600952 -0.043852364497510232 -0.043852766292458024 0.064077533287624153 0.064077511698911613 0.064077515509108895 0.064077506981100582 -0.043853783786778427 -0.043853783786778427
leaf_weight=48.522127866744995 9.5899280011653882 10.095372229814528 10.581253945827482 6.2156297266483298 10.579969674348829 4.8522138595581046 5.7245441973209372 8.5023106187581998 4.9468985199928275 9.659367769956587 6.0838552713394156 11.277898490428926 5.7812814414501181 5.7973684966564161 6.0727888345718384 5.7617501318454734 6.3613209724426287 5.9033706933259955 5.7905994355678585 10.698815822601317 9.6594592928886396 9.830682307481764 6.0720126926898956 9.1994826495647413 9.1994826793670637 9.6594569087028486 48.297284692525864 30.436607480049133 4.4111025333404532
leaf_count=220 21 22 23 21 23 22 20 33 22 21 21 39 20 20 21 20 22 23 20 37 21 34 21 20 20 21 105 138 20
internal_value=-4.28466e-05 0.0638931 0.0641973 -0.0438957 0.0640933 -0.0438812 -0.0439084 -0.0439507 -0.043867 0.0640811 -0.0438676 -0.0438643 -0.0438605 -0.0438673 -0.043879 -0.0438523 -0.0438455 -0.0438563 -0.0438587 -0.0438629 0.0640768 -0.0438505 -0.043853 0.0640775 0.0640775 0.0640775 0.0640775 -0.0438538 -0.0438538
internal_weight=335.564 136.521 126.931 199.043 116.836 192.828 99.3064 48.738 40.2357 106.255 50.5684 44.4846 38.76 23.1481 11.8702 93.5211 34.6845 58.8366 28.9227 16.4894 95.6745 15.612 12.4333 86.0152 76.3557 67.1562 57.4968 35.2888 52.9332
internal_count=1091 297 276 794 254 773 390 215 182 231 175 154 134 80 41 383 120 263 100 57 208 54 43 187 166 146 125 160 240
is_linear=0
shrinkage=0.05


Tree=21
num_leaves=30
num_cat=0
split_feature=1 1 1 1 3 1 3 3 3 2 2 4 2 5 0 0 1 0 0 1 3 2 0 1 2 3 0 0 1
split_gain=321.296 5.19339 2.95647 0.0796569 0.0126888 0.047395 8.09567e-05 0.000474058 0.000218981 5.00573e-05 5.71084e-06 2.30971e-06 1.25252e-06 1.11145e-06 1.31719e-06 1.83788e-06 3.18223e-07 2.35742e-07 8.46507e-07 1.22049e-07 4.97052e-08 1.66483e-09 1.03077e-09 1.3182e-10 1.70441e-09 1.98952e-12 4.26326e-14 1.42109e-14 3.55271e-15
threshold=401.50000000000006 364.00000000000006 417.50000000000006 334.50000000000006 0.0099647634353574616 1005.5000000000001 0.09969184575573993 0.085523332883546924 0.13659231329368118 4223.5000000000009 8551.0000000000018 1.0000000180025095e-35 3279.0000000000005 1.0000000180025095e-35 52.322500000000012 56.668815000000009 682.00000000000011 58.102235 48.52150000000001 578.00000000000011 0.15212389730596518 5500.5000000000009 68.52676000000001 8.5000000000000018 2916.0000000000005 0.3049354736199677 78.082500000000024 86.669925000000021 987.50000000000011
decision_type=2 2 2 2 2 2 2 2 2 2 2 2 2 2 2 2 2 2 2 2 2 2 2 2 2 2 2 2 2
left_child=1 3 -2 23 5 -4 7 10 -8 -10 12 -11 -6 14 -14 -16 -13 18 -7 -15 -18 -22 -19 27 -25 26 28 -1 -23
right_child=2 -3 4 -5 6 17 8 -9 9 11 -12 16 13 19 15 -17 20 22 -20 -21 21 25 -24 24 -26 -27 -28 -29 -30
leaf_value=0.06093204671475129 0.0012405390392026868 0.017571587273995565 -0.038918197359188611 0.055344201741094459 -0.043124386813785776 -0.043092070820319343 -0.042807438251386803 -0.043570953549189731 -0.043239684332818815 -0.043122255327584069 -0.043156123466852395 -0.043103376758389003 -0.043093647525067662 -0.043082450656362459 -0.043138436567847278 -0.043097796285305898 -0.043087959270326409 -0.043091664552894475 -0.043116794210940938 -0.043091844017381531 -0.043091710518542402 -0.043092561578978977 -0.04309256311185921 0.060931149484936532 0.06093204671475129 -0.043092533009378493 -0.043092565206697887 0.06093204671475129 -0.043092562202363488
leaf_weight=63.537503957748413 3.8705812394618979 7.3972626328468314 8.9771457314491254 6.7262297868728629 5.5657647252082816 9.1670133173465747 6.5869064033031455 6.2698013782501212 6.5095076858997336 7.4377409517765036 5.5756224989891043 6.7838142812252036 10.834694534540178 5.552761733531951 5.5701549053192121 5.5575165748596191 6.7779673039913169 5.5556397140026075 5.5634278059005728 9.1668952703475934 6.4565708339214316 29.055951803922653 7.5004913806915283 5.9940852224826804 45.255486309528351 6.4568678438663474 10.976696103811262 8.3917458057403547 8.71678578853607
leaf_count=212 12 23 32 22 20 33 21 22 20 23 20 21 39 20 20 20 21 20 20 33 20 90 27 20 151 20 34 28 27
internal_value=1.54675e-05 0.0583222 -0.0420119 0.0606427 -0.042909 -0.0420767 -0.0431133 -0.0431622 -0.0430856 -0.0431062 -0.0431086 -0.0430957 -0.0431023 -0.0430989 -0.0431061 -0.0431181 -0.043093 -0.0430971 -0.0431014 -0.0430883 -0.043092 -0.0430925 -0.0430922 0.060932 0.0609319 -0.0430926 -0.0430926 0.060932 -0.0430926
internal_weight=327.789 137.302 190.486 129.905 186.616 36.7637 149.852 54.0932 95.7588 89.1719 47.8234 82.6624 42.2478 36.682 21.9624 11.1277 75.2247 27.7866 14.7304 14.7197 68.4408 61.6629 13.0561 123.179 51.2496 55.2063 48.7494 71.9292 37.7727
internal_count=1091 456 635 433 623 132 491 194 297 276 172 256 152 132 79 40 233 100 53 53 212 191 47 411 171 171 151 240 117
is_linear=0
shrinkage=0.05


Tree=22
num_leaves=29
num_cat=0
split_feature=3 1 1 1 2 3 0 7 3 1 3 1 2 1 0 4 0 3 1 0 2 3 1 2 1 0 0 1
split_gain=99.5792 222.529 6.6856 0.17483 0.123019 0.0155053 0.00734595 0.0627618 0.00531264 0.000122771 7.46108e-05 0.00037241 5.46878e-05 2.2207e-05 8.1096e-06 2.26601e-06 1.64509e-06 5.57021e-07 2.37722e-07 2.33298e-08 3.22547e-09 1.01608e-11 5.03064e-12 6.51177e-11 1.42109e-14 7.10543e-15 3.55271e-15 8.88178e-16
threshold=0.09969184575573993 364.00000000000006 417.50000000000006 334.50000000000006 3734.5000000000005 0.085523332883546924 54.985000000000007 17.413240000000002 0.14131452864802432 700.50000000000011 0.017579709884236853 1005.5000000000001 7682.5000000000009 1005.5000000000001 51.864500000000007 1.0000000180025095e-35 45.890220000000006 0.042433336331947409 683.50000000000011 68.52676000000001 5423.5000000000009 0.15755055698466761 8.5000000000000018 2916.0000000000005 733.00000000000011 90.576170000000019 54.541000000000004 222.50000000000003
decision_type=2 2 2 2 2 2 2 2 2 2 2 2 2 2 2 2 2 2 2 2 2 2 2 2 2 2 2 2
left_child=1 3 -3 22 -2 6 10 -8 -6 -9 11 -4 14 -11 17 -10 -13 -12 -17 -15 -20 -22 25 -24 -23 -1 -25 -28
right_child=4 2 5 -5 8 -7 7 9 15 13 12 16 -14 19 -16 18 -18 -19 20 -21 21 24 23 26 -26 -27 27 -29
leaf_value=-0.043092559718062577 -0.036281249645880413 0.021339054278841918 0.061304627082226427 -0.033455686539905612 -0.044501312745745744 0.062886422118431706 0.05610774918723789 0.061162345391020036 -0.043122333546387573 0.061020264780571848 0.060941804130119973 0.060930247892659856 0.061094406512891213 0.060928473055584235 0.060983947312048328 -0.043101878835141973 0.060960199748185576 0.060925358368449416 -0.043091418944757792 0.060932067422981462 -0.043092626872401792 -0.043092562567074791 -0.043092768291116273 -0.043092559718062563 -0.043092561765298479 -0.043092559718062577 -0.043092559718062584 -0.043092559718062563
leaf_weight=45.556067451834679 6.8984014689922324 11.684899866580961 11.408409029245378 4.9751909375190726 7.3260713815689078 8.6884424388408643 7.7742750346660605 10.616530567407606 7.43777310848236 11.005148410797121 7.8588028252124813 11.00190055370331 7.8627829253673545 7.858452737331393 10.610876381397246 7.4292700588703147 7.8592906892299643 14.930895477533339 6.7792883515357962 10.609040915966032 6.7797473073005667 7.1025667488574973 4.2378232628107062 23.095866754651073 46.489523708820343 5.297217145562171 4.4496624022722226 4.4496624022722244
leaf_count=215 21 35 29 22 22 22 20 27 23 28 20 28 20 20 27 23 20 38 21 27 21 22 20 109 144 25 21 21
internal_value=3.8882e-05 0.0177876 0.0575442 -0.0425718 -0.0427145 0.0608471 0.0606987 0.0602192 -0.0432112 0.0610166 0.0610195 0.0610791 0.0609758 0.060964 0.0609478 -0.043096 0.0609427 0.060931 -0.0430934 0.0609305 -0.0430925 -0.0430926 -0.0430926 -0.0430926 -0.0430926 -0.0430926 -0.0430926 -0.0430926
internal_weight=328.074 231.831 139.77 92.0615 96.2426 128.085 119.396 47.8634 89.3442 40.0892 71.533 30.2696 41.2634 29.4726 33.4006 82.0182 18.8612 22.7897 74.5804 18.4675 67.1511 60.3718 87.0863 36.233 53.5921 50.8533 31.9952 8.89932
internal_count=1091 794 361 433 297 326 304 122 276 102 182 77 105 75 85 254 48 58 231 47 208 187 411 171 166 240 151 42
is_linear=0
shrinkage=0.05


Tree=23
num_leaves=31
num_cat=0
split_feature=3 4 3 2 3 2 1 1 1 1 2 2 1 1 1 5 0 0 3 0 0 1 2 0 3 1 2 3 0 0
split_gain=342.63 0.0656112 0.00840284 0.000901541 0.000588294 8.05826e-05 9.26123e-05 0.000866453 2.81778e-05 7.25152e-06 5.84791e-06 1.78593e-06 1.41307e-06 1.24198e-05 3.04005e-06 1.08209e-06 1.26255e-06 1.91516e-06 4.23853e-07 2.35798e-07 8.46641e-07 1.27737e-07 6.75431e-09 1.03077e-09 6.66631e-11 3.97904e-13 1.27898e-13 7.10543e-14 2.84217e-14 7.10543e-15
threshold=0.09969184575573993 1.0000000180025095e-35 0.13824253337460482 4329.5000000000009 0.086986916393657035 2519.0000000000005 417.50000000000006 364.00000000000006 334.50000000000006 682.00000000000011 8551.0000000000018 3279.0000000000005 1003.0000000000001 1005.5000000000001 8.5000000000000018 1.0000000180025095e-35 52.322500000000012 56.668815000000009 0.15212389730596518 58.102235 48.52150000000001 578.00000000000011 5570.0000000000009 68.52676000000001 0.3049354736199677 731.50000000000011 3230.0000000000005 0.17536413142651444 78.082500000000024 70.326750000000018
decision_type=2 2 2 2 2 2 2 2 2 2 2 2 2 2 2 2 2 2 2 2 2 2 2 2 2 2 2 2 2 2
left_child=4 -2 -3 -4 5 12 7 8 26 -5 11 -8 14 -14 29 16 -13 -18 -11 20 -15 -17 -20 -21 25 -24 -7 -27 -29 -1
right_child=1 2 3 9 -6 6 10 -9 -10 18 -12 15 13 19 -16 21 17 -19 22 23 -22 -23 24 -25 -26 27 -28 28 -30 -31
leaf_value=-0.04309256020383119 0.057197995195739496 0.062485758300831022 0.061452499489950012 0.060977435769746104 -0.043628504976938876 -0.043092569459315826 -0.04312938936547081 -0.04367356577144603 -0.043222453977613769 0.060920559308925294 -0.043156082446955929 -0.043093645163796677 -0.043015033837784322 -0.043092071173227567 -0.043131139035352761 -0.043082471399941341 -0.043138450013634852 -0.043097461337176117 0.06093060073164968 -0.043091664552894475 -0.043116796520633299 -0.043092027653104603 0.060932065225141357 -0.04309256311185921 0.060931911847513433 0.06093205014785779 -0.04309256024712408 0.060932054262505989 0.060932057547123025 -0.04309256020383119
leaf_weight=37.928077429533005 11.807593196630476 10.03639307618141 9.1478319168090803 9.1342921853065473 6.0037566721439353 4.2377755939960471 5.5012520402669898 8.2297128289937955 4.7616309225559226 9.1325455009937269 5.8543913364410392 10.834692448377611 5.5316652953624716 9.1670131385326403 5.6764990091323844 5.5527682602405539 5.5701591968536359 5.8352843821048737 9.1328629553318006 5.5556397140026075 5.563427507877349 9.4447775185108167 9.1329086422920209 7.5004913806915283 9.1329036056995374 9.1329080164432508 29.664418071508408 38.814858943223953 10.959489971399305 12.925210744142531
leaf_count=179 26 22 20 20 21 20 20 33 22 20 21 39 20 33 23 20 20 21 20 20 20 34 20 27 20 20 140 85 24 61
internal_value=-5.45315e-05 0.0607591 0.0610989 0.0609765 -0.0431414 -0.0431256 -0.0431576 -0.0432077 -0.0431086 0.0609349 -0.0431092 -0.0431028 -0.0430916 -0.0430835 -0.0430964 -0.0430989 -0.0431059 -0.0431175 0.0609308 -0.0430971 -0.0431014 -0.0430885 0.0609319 -0.0430922 0.060932 0.0609321 -0.0430926 0.0609321 0.0609321 -0.0430926
internal_weight=326.903 135.565 123.757 113.721 191.339 185.335 95.4869 46.8935 38.6638 104.573 48.5933 42.7389 89.848 33.3182 56.5298 37.2377 22.2401 11.4054 95.4385 27.7866 14.7304 14.9975 86.3059 13.0561 77.1731 68.0402 33.9022 58.9073 49.7743 50.8533
internal_count=1091 297 271 249 794 773 390 215 182 229 175 154 383 120 263 134 80 41 209 100 53 54 189 47 169 149 160 129 109 240
is_linear=0
shrinkage=0.05


Tree=24
num_leaves=31
num_cat=0
split_feature=1 1 1 1 3 1 3 3 3 2 4 2 0 7 0 0 3 1 3 1 7 2 0 0 1 2 3 3 2 0
split_gain=292.946 4.74701 2.84768 0.0789874 0.0131445 0.0491232 6.71749e-05 0.000383659 0.000171005 3.16738e-05 7.16418e-06 4.28053e-06 1.53382e-06 7.89943e-06 3.6557e-07 1.31072e-06 2.91047e-07 2.54141e-07 1.06896e-07 8.54459e-08 5.15888e-08 4.12324e-08 2.9647e-09 8.42803e-10 1.817e-10 2.34893e-09 8.2423e-12 1.1795e-12 1.27898e-13 1.42109e-14
threshold=401.50000000000006 364.00000000000006 417.50000000000006 334.50000000000006 0.0099647634353574616 1005.5000000000001 0.09969184575573993 0.085523332883546924 0.13659231329368118 4223.5000000000009 1.0000000180025095e-35 8551.0000000000018 53.475900000000003 17.413240000000002 58.102235 48.52150000000001 0.033703706957892217 682.00000000000011 0.03260638443436626 587.50000000000011 12.144500000000003 5423.5000000000009 79.79749000000001 68.52676000000001 8.5000000000000018 2916.0000000000005 0.15855967425619125 0.3049354736199677 6772.5000000000009 80.914500000000018
decision_type=2 2 2 2 2 2 2 2 2 2 2 2 2 2 2 2 2 2 2 2 2 2 2 2 2 2 2 2 2 2
left_child=1 3 -2 24 5 -4 7 11 -8 -10 -11 12 18 -14 15 -7 -15 -12 -6 -20 -21 -19 26 -16 29 -26 -23 28 -28 -1
right_child=2 -3 4 -5 6 14 8 -9 9 10 17 -13 13 16 23 -17 -18 21 19 20 -22 22 -24 -25 25 -27 27 -29 -30 -31
leaf_value=0.058205387793568097 0.00112745786675658 0.016818692332852062 -0.038057362473276693 0.052619970328555421 -0.042398760550751771 -0.042389873314257531 -0.042134491601431866 -0.042831952086505642 -0.042512487932752821 -0.04244324585805502 -0.042400184188804292 -0.042449440157717323 -0.042461918871110615 -0.042399718253185864 -0.04238953035036265 -0.042421281888701562 -0.042384419524029965 -0.042386044069828099 -0.042385880873381812 -0.042390032648071937 -0.042396989640852131 -0.042390414695837396 -0.042389204213027228 -0.042390360025876143 0.058204327908774438 0.058205387793568097 -0.042390363123981423 -0.042390333001014052 -0.042390355197137602 0.058205387793568097
leaf_weight=59.790694415569305 3.8745907545089713 7.4338882565498343 8.6375875473022443 6.677303582429885 5.8643225133419064 8.7915830016136187 6.3195562958717337 6.0195579230785361 6.2397874593734732 7.1450631916522971 6.50610327720642 5.3482131958007804 5.6199816465377834 5.3314974308013898 5.3281168043613416 5.3387312591075888 7.4569490849971771 6.5003034174442282 5.5932253897190121 5.3282853066921216 5.330621212720871 6.1924816966056815 6.1920068264007559 7.1933347582817078 5.9198341667652121 44.695024043321609 6.1924610733985892 6.1924490928649893 34.368149846792221 11.247754395008085
leaf_count=202 12 23 32 22 22 33 21 22 20 23 21 20 21 20 20 20 28 21 21 20 20 20 20 27 20 151 20 20 111 38
internal_value=2.11659e-05 0.0556645 -0.0412811 0.0579147 -0.0421989 -0.0413342 -0.0424112 -0.0424566 -0.0423855 -0.042404 -0.0423955 -0.0424074 -0.0424018 -0.0424125 -0.0423962 -0.0424017 -0.0423908 -0.0423908 -0.042393 -0.0423909 -0.0423935 -0.0423898 -0.0423902 -0.04239 0.0582053 0.0582053 -0.0423904 -0.0423904 -0.0423904 0.0582054
internal_weight=318.669 135.764 182.905 128.331 179.03 35.2894 143.741 51.8927 91.8484 85.5288 79.289 45.8731 40.5249 18.4084 26.6518 14.1303 12.7884 72.144 22.1165 16.2521 10.6589 65.6379 59.1375 12.5215 121.653 50.6149 52.9455 46.7531 40.5606 71.0384
internal_count=1091 456 635 433 623 132 491 194 297 276 256 172 152 69 100 53 48 233 83 61 40 212 191 47 411 171 171 151 131 240
is_linear=0
shrinkage=0.05


Tree=25
num_leaves=30
num_cat=0
split_feature=3 1 1 1 3 2 1 1 3 2 1 1 1 0 4 0 0 7 3 1 0 2 3 1 2 2 0 7 0
split_gain=91.964 200.013 5.97261 0.214395 0.196928 0.0505068 0.0111881 0.0107947 0.0503235 0.000113685 4.41436e-05 0.000285813 4.41229e-05 3.06383e-05 8.0263e-06 7.57554e-06 2.71899e-05 6.0699e-06 5.44192e-06 2.07393e-07 1.7378e-08 8.11848e-09 1.4083e-11 7.14806e-12 7.86819e-11 3.55271e-14 7.10543e-15 7.10543e-15 3.55271e-15
threshold=0.11277836960585665 364.00000000000006 414.00000000000006 339.50000000000006 0.086986916393657035 8615.5000000000018 494.50000000000006 700.50000000000011 0.027091363989681042 3734.5000000000005 1005.5000000000001 1003.0000000000001 309.00000000000006 53.475900000000003 1.0000000180025095e-35 58.102235 48.52150000000001 17.695500000000006 0.14244935990179933 683.50000000000011 68.52676000000001 5423.5000000000009 0.15755055698466761 8.5000000000000018 3021.5000000000005 6617.0000000000009 72.420000000000016 42.360000000000007 51.28376500000001
decision_type=2 2 2 2 2 2 2 2 2 2 2 2 2 2 2 2 2 2 2 2 2 2 2 2 2 2 2 2 2
left_child=1 3 -3 12 5 6 -4 8 -8 -2 11 17 23 -10 -11 16 -12 -9 -16 -20 -17 -21 -23 26 -25 -24 -1 -27 -26
right_child=9 2 4 -5 -6 -7 7 10 13 14 15 -13 -14 -15 18 20 -18 -19 19 21 -22 22 25 24 28 27 -28 -29 -30
leaf_value=-0.042390356180632319 -0.042612321904461507 0.018349357723940554 0.059801930518217611 -0.03078795090702198 0.049998484824895946 0.05387194968094873 0.053632218528157062 0.058246110689314595 0.0582133488037802 -0.042441374224479841 0.058203560339531925 0.058570949663366456 -0.042558483871869029 0.058326399154032926 -0.042343201354196856 0.058202271451416855 0.058322137377718686 0.058196457047941685 -0.042399353041495204 -0.042388504135988506 0.058205393031230249 -0.042390439314999466 -0.042390362766759768 -0.042390592021533065 -0.042390356180632305 -0.042390359209924705 -0.042390356180632319 -0.042390358358680845 -0.042390356180632319
leaf_weight=37.797342002391815 6.2782733440399161 10.67368224263191 8.5435945093631727 4.1731210350990287 8.6849469840526563 7.6807671189308158 7.6967267990112296 13.585283100605013 14.74700376391411 7.4548398554325095 12.805886358022692 7.7772946357727042 4.102896735072135 10.096489816904066 6.4826165735721579 7.7610843479633358 7.7663759887218466 11.253189563751219 6.8155603408813468 6.5013197660446158 10.477655589580534 6.1924913525581351 6.5020840764045706 4.0642908811569241 13.615171581506731 34.987393707036972 10.973421871662138 9.9079339802265149 13.615171581506727
leaf_count=186 20 32 22 19 22 20 20 35 38 24 33 20 20 26 21 20 20 29 22 21 27 20 21 20 67 113 54 32 67
internal_value=4.76309e-05 0.0170231 0.0542926 -0.0418501 0.0572694 0.0577948 0.0580626 0.0579197 0.0571649 -0.042407 0.0582636 0.0583064 -0.0423986 0.0582593 -0.0423918 0.0582275 0.0582483 0.0582236 -0.0423871 -0.0423911 0.0582041 -0.0423902 -0.0423904 -0.0423904 -0.0423904 -0.0423904 -0.0423904 -0.0423904 -0.0423904
internal_weight=319.014 227.891 139.55 88.3414 128.876 120.191 112.511 103.967 32.5402 91.1225 71.4268 32.6158 84.1683 24.8435 84.8442 38.811 20.5723 24.8385 77.3894 70.9068 18.2387 64.0912 57.5899 80.0654 31.2946 51.3974 48.7708 44.8953 27.2303
internal_count=1091 797 364 433 332 310 290 268 84 294 184 84 414 64 274 100 53 64 250 229 47 207 186 394 154 166 240 145 134
is_linear=0
shrinkage=0.05


Tree=26
num_leaves=31
num_cat=0
split_feature=3 2 3 3 4 2 1 1 1 2 1 0 7 7 0 1 1 1 3 2 1 3 0 1 0 0 8 7 3 0
split_gain=312.651 0.0661912 0.00574566 0.000490179 0.000147444 0.0001032 0.000127096 0.00114176 3.66914e-05 4.28681e-06 4.04182e-06 1.84592e-06 9.14634e-06 1.13534e-06 1.57434e-06 3.01551e-06 1.16541e-06 5.18032e-07 3.02394e-07 2.7423e-07 2.68838e-07 1.24967e-07 8.54961e-08 6.88954e-08 2.60652e-08 1.68595e-08 2.19395e-08 1.32641e-08 6.05297e-10 1.21059e-11
threshold=0.09969184575573993 3734.5000000000005 0.14131452864802432 0.086986916393657035 1.0000000180025095e-35 2519.0000000000005 417.50000000000006 364.00000000000006 334.50000000000006 8551.0000000000018 683.50000000000011 53.475900000000003 17.413240000000002 12.873500000000002 56.578500000000012 602.00000000000011 1003.0000000000001 1004.5000000000001 0.033703706957892217 5423.5000000000009 1006.5000000000001 0.03260638443436626 61.268650000000008 656.00000000000011 45.572500000000005 75.172500000000028 34.430660000000003 9.8785650000000036 0.15755055698466761 65.94348500000001
decision_type=2 2 2 2 2 2 2 2 2 2 2 2 2 2 2 2 2 2 2 2 2 2 2 2 2 2 2 2 2 2
left_child=3 -2 -3 5 -4 13 7 8 -7 11 -6 21 -13 16 15 -15 27 22 -14 -12 -19 -8 -16 -23 -18 29 -27 -1 -21 -24
right_child=1 2 4 -5 10 6 9 -9 -10 -11 19 12 18 14 17 -17 24 20 -20 28 -22 23 25 -25 -26 26 -28 -29 -30 -31
leaf_value=-0.042393616171326157 0.053984251457570159 0.059479662535158899 0.058405375355051338 -0.042897159829686456 0.058237419220037771 -0.042390361062121386 -0.042398744384688214 -0.043068754568892836 -0.042541566495270716 -0.042448872891711009 0.058196462874095606 -0.042465869650033704 -0.042399685023052941 -0.042390359847048843 -0.042397439438775768 -0.042441696363175407 -0.042372963280264186 -0.042375874809697414 -0.042384203378312113 0.058205812843387078 -0.042390110400105305 -0.042386575793410153 -0.042390271988520543 -0.042393130266764174 -0.042368553272197379 -0.042395093147547941 -0.042390359847048829 -0.042390261448437522 0.058205388588530076 -0.042390359847048836
leaf_weight=7.4435547888278979 9.4456444978713971 9.9268128275871259 10.384680956602095 5.7691097557544699 10.374684691429136 32.513845130801201 5.8643163144588497 7.9666537195444098 4.576845407485961 5.6154251396656027 9.4702983200550062 5.8255269676446941 5.331486374139784 7.7220376133918744 7.3685152381658545 4.5436991453170776 9.0482230484485608 8.7837351560592634 7.7231625914573669 9.4708169698715192 5.3283127248287192 7.1916075348854092 7.1123636364936855 9.0598526298999769 5.3209879696369162 5.4115259349346143 4.4706533551216125 4.8770461231470108 74.864369690418243 8.7380951941013318
leaf_count=36 21 22 23 21 23 160 22 33 22 21 21 22 20 38 35 17 34 33 29 21 20 27 35 34 20 26 22 24 166 43
internal_value=-6.90914e-05 0.0580195 0.0583257 -0.0424436 0.0582257 -0.0424289 -0.0424658 -0.0425257 -0.042409 -0.0424079 0.0582078 -0.0424023 -0.0424138 -0.0423896 -0.0423934 -0.0424094 -0.042381 -0.0423893 -0.0423905 0.0582045 -0.0423812 -0.0423925 -0.0423927 -0.0423902 -0.0423713 -0.0423913 -0.042393 -0.0423923 0.0582054 -0.0423903
internal_weight=317.544 133.937 124.492 183.607 114.565 177.837 91.6687 45.0573 37.0907 46.6114 104.18 40.996 18.8802 86.1687 59.4789 12.2657 26.6898 47.2132 13.0546 93.8055 14.112 22.1158 33.1012 16.2515 14.3692 25.7326 9.88218 12.3206 84.3352 15.8505
internal_count=1091 297 276 794 254 773 390 215 182 175 231 154 71 383 269 55 114 214 49 208 53 83 161 61 54 126 48 60 187 78
is_linear=0
shrinkage=0.05


Tree=27
num_leaves=31
num_cat=0
split_feature=1 1 1 1 3 1 3 3 3 2 2 4 4 0 7 0 0 1 0 1 3 1 2 0 1 2 0 0 0 0
split_gain=267.662 4.39187 2.76892 0.0793851 0.0136962 0.0507572 7.11256e-05 0.00041025 0.000156214 4.07815e-05 8.66736e-06 5.89095e-06 1.48357e-06 2.05753e-06 4.22318e-06 3.12235e-07 1.12888e-06 1.81584e-07 1.63157e-07 1.13309e-07 6.00689e-08 4.96229e-09 2.20674e-09 1.38527e-09 1.29063e-10 1.86154e-09 2.78533e-12 1.41043e-11 3.0127e-12 2.76401e-12
threshold=401.50000000000006 364.00000000000006 417.50000000000006 334.50000000000006 0.0099647634353574616 1005.5000000000001 0.09969184575573993 0.085523332883546924 0.13659231329368118 4223.5000000000009 8551.0000000000018 1.0000000180025095e-35 5.5000000000000009 53.475900000000003 17.413240000000002 52.440000000000005 63.354490000000006 682.00000000000011 50.722500000000004 676.50000000000011 0.15212389730596518 300.50000000000006 5500.5000000000009 44.082225000000008 8.5000000000000018 3021.5000000000005 61.268650000000008 56.578500000000012 48.864065000000004 76.629500000000021
decision_type=2 2 2 2 2 2 2 2 2 2 2 2 2 2 2 2 2 2 2 2 2 2 2 2 2 2 2 2 2 2
left_child=1 3 -2 21 5 -4 7 10 -8 -10 12 -11 18 19 -15 23 -17 -13 -6 -14 -19 24 -22 -7 26 -26 27 28 -1 -28
right_child=2 -3 4 -5 6 15 8 -9 9 11 -12 17 13 14 -16 16 -18 20 -20 -21 22 -23 -24 -25 25 -27 29 -29 -30 -31
leaf_value=0.055825058062433333 0.0012203100881246392 0.016071755470521556 -0.037247441833347508 0.05019351991139135 -0.041745924083439814 -0.041741819489056198 -0.041493148121975174 -0.04220900199693884 -0.041882352190176761 -0.041791068369817261 -0.041822381508409966 -0.041750573186403739 -0.041751704956239664 -0.041808086730068528 -0.041749442397553418 -0.041771365440930242 -0.041742192807847814 -0.04173696076081633 -0.041734300987130928 -0.04174258066319006 -0.041741223209768072 0.055823568777486288 -0.041742242686380299 -0.041740695363214619 0.055824131531828781 0.055825092119929566 0.055825094343541493 0.055825008641769841 0.055825093997646305 0.055825065147395506
leaf_weight=8.729363679885866 3.8705943822860709 7.4693230092525473 8.3048800677061063 6.6036306321620932 5.1032312214374524 5.6119386553764361 6.0357823371887198 5.7916625440120688 5.9875449538230887 6.842206507921218 5.1307804882526389 6.2293764650821677 6.1263654530048388 5.3819137513637525 7.1462325751781464 5.1123821139335623 9.4385090470314008 6.2233685553073874 7.3935853540897369 7.6530508399009705 5.9288225769996634 6.110476315021514 50.695103794336319 5.3564206659793854 5.8195293545722953 37.827254235744476 22.114394783973694 8.7293609976768476 17.458732724189758 12.803068041801451
leaf_count=30 12 23 32 22 20 22 21 22 20 23 20 21 24 21 28 20 37 21 29 30 20 21 171 21 20 130 76 30 60 44
internal_value=2.56119e-05 0.0533253 -0.0406003 0.0555303 -0.0415442 -0.0406427 -0.0417657 -0.0418135 -0.0417386 -0.0417567 -0.0417613 -0.0417468 -0.0417532 -0.04176 -0.0417746 -0.0417476 -0.0417524 -0.0417424 -0.041739 -0.0417466 -0.0417416 0.055825 -0.0417421 -0.0417413 0.055825 0.055825 0.0558251 0.0558251 0.0558251 0.0558251
internal_weight=309.029 133.665 175.364 126.196 171.493 33.8241 137.669 49.7268 87.9422 81.9064 43.9352 75.9189 38.8044 26.3076 12.5281 25.5193 14.5509 69.0767 12.4968 13.7794 62.8473 119.592 56.6239 10.9684 113.482 43.6468 69.8349 34.9175 26.1881 34.9175
internal_count=1091 456 635 433 623 132 491 194 297 276 172 256 152 103 49 100 57 233 49 54 212 411 191 43 390 150 240 120 90 120
is_linear=0
shrinkage=0.05


Tree=28
num_leaves=31
num_cat=0
split_feature=3 1 1 1 3 1 2 2 2 1 1 1 2 4 3 0 0 4 2 1 0 2 3 1 2 0 0 0 0 8
split_gain=85.0032 181.82 5.59827 0.219251 0.197704 0.00727953 0.0552403 0.000123695 8.3629e-05 7.31136e-05 0.00026683 3.98206e-05 2.48979e-05 2.03095e-05 7.7263e-06 5.85969e-06 2.15291e-05 5.79471e-06 3.41403e-06 1.61743e-07 2.31148e-08 6.45989e-09 2.87272e-11 3.82983e-12 6.12914e-11 1.27898e-13 9.23706e-14 3.69482e-13 9.59233e-14 1.52767e-13
threshold=0.11277836960585665 364.00000000000006 417.50000000000006 339.50000000000006 0.086986916393657035 700.50000000000011 3070.5000000000005 3734.5000000000005 7497.5000000000009 1005.5000000000001 899.00000000000011 309.00000000000006 7249.5000000000009 7.5000000000000009 0.14131452864802432 52.440000000000005 63.354490000000006 1.0000000180025095e-35 4757.5000000000009 683.50000000000011 44.082225000000008 5423.5000000000009 0.15755055698466761 8.5000000000000018 3021.5000000000005 48.864065000000004 56.578500000000012 61.268650000000008 76.629500000000021 34.430660000000003
decision_type=2 2 2 2 2 2 2 2 2 2 2 2 2 2 2 2 2 2 2 2 2 2 2 2 2 2 2 2 2 2
left_child=1 3 -3 11 5 6 -4 -2 13 10 12 23 18 -8 -9 20 -17 -16 -7 -19 -11 -21 -23 25 -25 -1 -27 -28 -29 -30
right_child=7 2 4 -5 -6 9 8 14 -10 15 -12 -13 -14 -15 17 16 -18 19 -20 21 -22 22 -24 24 -26 26 27 28 29 -31
leaf_value=-0.041742254505709148 -0.041977726055891569 0.019051961752793407 0.051198727179018105 -0.029820352066146721 0.04773574180023199 0.055816532044569094 0.055804239383974268 -0.041687891628204375 0.056022827627647778 0.05582390000096088 0.056190194478278804 -0.041905410100700397 0.055944425638269124 0.055892153583204429 -0.041791152604059439 0.055929274881472785 0.055825057303347518 -0.041750200214750566 0.055858427841101635 -0.04174055966993976 0.055820145132507437 -0.041742359594178824 -0.041742245589456377 -0.041742455775190264 -0.041742243052923005 -0.041742243052923005 -0.04174225956495739 -0.041742243052922991 -0.041742256402927974 -0.041742243052922991
leaf_weight=5.8372271060943595 6.0270738899707785 11.813325256109236 7.5810819566249839 4.0446156561374655 8.6005202829837781 9.5364654362201744 12.586740761995317 5.9062763750553122 9.5530273318290693 8.3926244378089923 8.4184628427028638 3.9316643029451361 7.6374188065528861 13.741226106882094 6.8422470390796652 7.6364508569240597 14.11500898003578 6.8224725723266593 9.9214445352554304 6.2249697446823111 8.0108810961246473 6.2257664799690238 49.212798327207565 3.8915413320064571 26.07293576002121 11.674448847770689 5.8372306823730495 14.78763520717621 4.2806341946125013 4.2806312441825867
leaf_count=30 20 35 20 19 22 25 33 20 25 22 22 20 20 36 23 20 37 23 26 21 21 21 166 20 134 60 30 76 22 22
internal_value=5.65988e-05 0.0164796 0.0519607 -0.0411801 0.0550527 0.0555899 0.0550767 -0.0417592 0.0558961 0.0558927 0.0559443 -0.0417502 0.0558679 0.0558501 -0.041743 0.0558446 0.0558616 -0.0417473 0.0558379 -0.0417429 0.0558221 -0.0417421 -0.0417423 -0.0417423 -0.0417423 -0.0417422 -0.0417422 -0.0417422 -0.0417422 -0.0417422
internal_weight=309.445 222.183 137.545 84.6386 125.731 117.131 43.4621 87.2616 35.881 73.6688 35.5138 80.5939 27.0953 26.328 81.2345 38.155 21.7515 75.3283 19.4579 68.486 16.4035 61.6635 55.4386 76.6623 29.9645 46.6978 40.8606 29.1861 23.3489 8.56127
internal_count=1091 797 364 433 329 307 114 294 94 193 93 414 71 69 274 100 57 254 51 231 43 208 187 394 154 240 210 150 120 44
is_linear=0
shrinkage=0.05


Tree=29
num_leaves=31
num_cat=0
split_feature=3 4 3 2 3 2 1 1 1 2 1 3 5 0 1 1 1 3 0 0 1 2 0 1 2 0 0 0 0 0
split_gain=286.098 0.0654941 0.0076582 0.000951772 0.000529181 0.000124105 0.000155454 0.00138066 4.5149e-05 8.82235e-06 3.75645e-06 1.84563e-06 1.42137e-06 1.99427e-06 1.38115e-06 1.22861e-05 4.28735e-06 5.67906e-07 3.02043e-07 1.06715e-06 1.73293e-07 2.97818e-09 6.68908e-10 1.18469e-10 8.13287e-11 1.16529e-12 1.05871e-12 4.45155e-12 1.39622e-12 8.59757e-13
threshold=0.09969184575573993 1.0000000180025095e-35 0.13824253337460482 4329.5000000000009 0.086986916393657035 2519.0000000000005 417.50000000000006 364.00000000000006 334.50000000000006 8551.0000000000018 682.00000000000011 0.024644876167485067 1.0000000180025095e-35 52.322500000000012 1003.0000000000001 1005.5000000000001 8.5000000000000018 0.15212389730596518 58.102235 48.52150000000001 582.00000000000011 5570.0000000000009 68.52676000000001 300.50000000000006 6683.5000000000009 78.911710000000014 61.268650000000008 56.578500000000012 48.864065000000004 76.629500000000021
decision_type=2 2 2 2 2 2 2 2 2 2 2 2 2 2 2 2 2 2 2 2 2 2 2 2 2 2 2 2 2 2
left_child=4 -2 -3 -4 5 14 7 8 23 11 -5 -8 13 -13 16 -16 26 -12 19 -17 -14 -19 -20 -7 -23 -26 27 28 -1 -28
right_child=1 2 3 10 -6 6 9 -9 -10 -11 17 12 20 -15 15 18 -18 21 22 -21 -22 24 -24 -25 25 -27 29 -29 -30 -31
leaf_value=-0.041742215755162168 0.052038466602710082 0.057329718923745734 0.056365751813667625 0.055857760201619228 -0.042281956429301576 -0.041742247875427962 -0.041777374617980575 -0.042501871569210932 -0.041913507143966418 -0.041822015968743846 0.055811665093666279 -0.04174139260951152 -0.041729141989763303 -0.04177387810862293 -0.04166257257617087 -0.041741946100138393 -0.04179001421315473 0.055824105743658883 -0.041741555905098648 -0.041770907951969298 -0.041740823777001793 0.05582493262120352 -0.041742311274166818 -0.041742536723570076 0.055825091196789328 0.05582511023316325 -0.041742245494026685 -0.041742185295224735 -0.041742245709948569 -0.041742225609598498
leaf_weight=5.8372132480144563 11.494914829730986 9.7831954360008222 8.9061107039451581 8.8694607019424421 5.5562280118465415 27.045809209346775 6.8438829928636542 7.7029944211244574 4.3934394717216483 5.3871832489967337 8.865951865911482 9.4379676580429095 5.0971526503562918 9.4595527052879316 5.0729191601276424 8.4179822802543658 5.218956157565116 8.866916209459303 5.1016650795936567 5.1122165024280539 8.4173072874546033 8.8669795691966993 6.8876179158687592 4.0861416906118384 56.748748570680618 9.3103427886962873 14.78763569891453 5.8371998369693747 11.674449175596235 8.5612503588199598
leaf_count=30 26 22 20 20 21 139 27 33 22 21 20 37 20 37 20 33 23 20 20 20 33 20 27 21 128 21 76 30 60 44
internal_value=-8.26567e-05 0.0556442 0.0559889 0.0558701 -0.0418018 -0.0417861 -0.0418275 -0.041895 -0.0417635 -0.041762 0.0558267 -0.0417538 -0.0417488 -0.0417577 -0.0417421 -0.0417336 -0.041747 0.0558237 -0.0417478 -0.0417529 -0.0417364 0.055825 -0.041742 -0.0417423 0.0558251 0.0558251 -0.0417422 -0.0417422 -0.0417422 -0.0417422
internal_weight=307.649 131.713 120.218 110.435 175.937 170.381 87.8714 43.2284 35.5254 44.643 101.528 39.2559 32.412 18.8975 82.5091 30.5924 51.9167 92.6589 25.5195 13.5302 13.5145 83.793 11.9893 31.132 74.9261 66.0591 46.6977 23.3489 17.5117 23.3489
internal_count=1091 297 271 249 794 773 390 215 182 175 229 154 127 74 383 120 263 209 100 53 53 189 47 160 169 149 240 120 90 120
is_linear=0
shrinkage=0.05


Tree=30
num_leaves=31
num_cat=0
split_feature=1 1 1 1 3 1 3 3 3 2 4 2 2 5 0 0 0 0 0 1 3 1 2 0 1 2 0 0 0 3
split_gain=245.043 4.08798 2.67944 0.0807052 0.0142912 0.0526174 7.01771e-05 0.000428781 0.000145261 3.33223e-05 1.1308e-05 6.88347e-06 2.141e-06 1.24822e-06 1.65691e-06 2.10426e-06 2.6079e-07 9.02279e-07 1.97228e-07 1.3479e-07 5.89195e-08 1.56913e-08 3.32676e-09 1.4973e-09 1.87526e-10 2.48811e-09 2.359e-12 9.10205e-12 3.18678e-12 2.19558e-12
threshold=401.50000000000006 364.00000000000006 417.50000000000006 334.50000000000006 0.0099647634353574616 1005.5000000000001 0.09969184575573993 0.085523332883546924 0.13659231329368118 4223.5000000000009 1.0000000180025095e-35 8551.0000000000018 3279.0000000000005 1.0000000180025095e-35 52.322500000000012 56.668815000000009 58.102235 48.52150000000001 50.722500000000004 682.00000000000011 0.15212389730596518 300.50000000000006 5500.5000000000009 68.52676000000001 8.5000000000000018 3021.5000000000005 61.268650000000008 56.578500000000012 48.864065000000004 0.3049354736199677
decision_type=2 2 2 2 2 2 2 2 2 2 2 2 2 2 2 2 2 2 2 2 2 2 2 2 2 2 2 2 2 2
left_child=1 3 -2 21 5 -4 7 11 -8 -10 -11 12 -6 14 -14 -16 17 -7 -15 -12 -21 24 -22 -18 26 -26 27 28 -1 -24
right_child=2 -3 4 -5 6 16 8 -9 9 10 19 -13 13 18 15 -17 23 -19 -20 20 22 -23 29 -25 25 -27 -28 -29 -30 -31
leaf_value=0.053734250566871811 0.0011358029953528373 0.015414354062909181 -0.036470580606945531 0.048013862184021074 -0.04118614979639397 -0.041143283975313819 -0.040898884297297898 -0.041629754422423636 -0.041275266853610063 -0.04121263301730483 -0.041150951880256977 -0.041218354124508839 -0.041143852818785839 -0.041146559696152281 -0.041196316488495172 -0.041149926145417043 -0.041142553471488826 -0.041170519392597651 -0.041133816905967228 -0.041138342758899736 -0.041142438649885066 0.053731589697257526 -0.041143722731183885 -0.041143709311571887 0.053733163618668159 0.053734286011101418 0.053734279176742422 0.053734215903951554 0.053734287929094786 -0.041143689624788787
leaf_weight=8.5460525751113909 3.8735570013523093 7.499715954065322 7.9755878895521155 6.5089712738990775 4.8939277231693259 8.0478405207395571 5.7548313438892356 5.5649250596761695 5.7271476686000815 6.5544452965259543 5.9554456174373618 4.9064035564661017 9.5115018039941805 4.8787312209606162 4.8979120403528196 4.8799838274717331 4.8771958202123624 4.8879466056823722 8.0417740643024427 5.9494929909706107 5.6680401265621176 5.9820480644702902 42.798073559999466 6.584819421172142 5.6972948908805838 37.032906115055084 34.184217751026154 8.5460481047630292 17.092110514640808 5.6686040163040152
leaf_count=30 12 23 32 22 20 33 21 22 20 23 21 20 39 20 20 20 20 20 33 21 20 21 151 27 20 130 120 30 60 20
internal_value=3.01377e-05 0.0512578 -0.0399667 0.0534328 -0.0409374 -0.0399962 -0.0411688 -0.0412173 -0.0411413 -0.0411592 -0.04115 -0.0411627 -0.0411553 -0.0411507 -0.0411587 -0.0411732 -0.0411487 -0.0411536 -0.0411386 -0.0411438 -0.0411431 0.0537341 -0.0411436 -0.0411432 0.0537342 0.0537341 0.0537343 0.0537343 0.0537343 -0.0411437
internal_weight=298.988 131.089 167.898 123.59 164.025 32.3734 131.651 47.5752 84.0761 78.3212 72.5941 42.0102 37.1038 32.2099 19.2894 9.7779 24.3978 12.9358 12.9205 66.0397 60.0842 117.081 54.1347 11.462 111.099 42.7302 68.3684 34.1842 25.6382 48.4667
internal_count=1091 456 635 433 623 132 491 194 297 276 256 172 152 132 79 40 100 53 53 233 212 411 191 47 390 150 240 120 90 171
is_linear=0
shrinkage=0.05


Tree=31
num_leaves=31
num_cat=0
split_feature=3 1 1 1 3 0 7 1 2 3 1 2 1 1 4 1 0 3 0 1 0 2 3 1 2 2 0 0 0 0
split_gain=78.6355 165.65 5.27213 0.224891 0.191878 0.00738961 0.0655512 0.000127559 0.000100048 7.967e-05 0.000302102 3.73046e-05 3.59616e-05 2.45796e-05 1.26233e-05 7.83726e-06 7.88688e-06 6.7765e-06 5.72925e-07 1.41385e-07 2.31997e-08 1.17758e-08 2.72564e-11 5.39302e-12 7.35874e-11 6.75016e-14 6.03961e-14 1.82965e-13 1.01252e-13 4.61853e-14
threshold=0.11277836960585665 364.00000000000006 417.50000000000006 339.50000000000006 0.086986916393657035 54.985000000000007 17.413240000000002 700.50000000000011 3734.5000000000005 0.025818378904892473 1005.5000000000001 7646.0000000000009 309.00000000000006 1005.5000000000001 1.0000000180025095e-35 566.50000000000011 51.864500000000007 0.14244935990179933 45.890220000000006 683.50000000000011 68.52676000000001 5423.5000000000009 0.15755055698466761 8.5000000000000018 3021.5000000000005 6587.0000000000009 61.268650000000008 56.578500000000012 48.864065000000004 76.629500000000021
decision_type=2 2 2 2 2 2 2 2 2 2 2 2 2 2 2 2 2 2 2 2 2 2 2 2 2 2 2 2 2 2
left_child=1 3 -3 12 5 9 -7 -8 -2 10 -4 15 23 -9 -10 -11 -17 -16 -12 -19 -15 -21 -23 26 -25 -24 27 28 -1 -28
right_child=8 2 4 -5 -6 6 7 13 14 11 18 -13 -14 20 17 16 -18 19 -20 21 -22 22 25 24 -26 -27 29 -29 -30 -31
leaf_value=-0.041143726415200088 -0.041361721867357329 0.018056576471561812 0.05404709126463865 -0.028870984138173419 0.045701613565181633 0.048695200749426654 0.053970835777475037 0.05382961223533448 -0.041210720477254957 0.053698753118078923 0.053733274694238865 0.053863792882661 -0.041302240178746147 0.053730698801705501 -0.041088400660212389 0.053734728185652461 0.053799461786891635 -0.041151412626151726 0.053751404373729751 -0.041141387441399419 0.053734375324314278 -0.041143837382411744 -0.041143726348346191 -0.041143956967114002 -0.041143718583106899 -0.041143720648321475 -0.041143718153395591 -0.041143731381195758 -0.041143718153395598 -0.041143722993727649
leaf_weight=5.5806380510330262 5.7655389606952658 11.864539831876753 14.617034584283827 3.9175827205181113 8.4898427426815015 7.4140959680080405 10.858855813741682 10.46875447034836 6.8383883237838736 7.4663656055927303 10.457198739051821 8.2287859320640546 3.7619862258434287 7.4692007601261166 5.9257750213146201 12.698230296373369 7.4751839637756339 6.2392694652080527 7.4710126221179953 5.9509453773498526 10.08385846018791 5.6686712503433219 5.6686212122440329 3.7204931974411037 24.926838517189026 41.380912363529205 14.137609601020815 5.5806411802768698 11.161270737648008 8.1849344968795759
leaf_count=30 20 35 39 19 22 20 29 28 24 20 28 22 20 20 21 34 20 22 20 21 27 20 20 20 134 146 76 30 60 44
internal_value=6.61011e-05 0.015989 0.0498892 -0.0405573 0.0529548 0.0534916 0.0530038 0.0538254 -0.0411608 0.0538217 0.0538784 0.0537703 -0.0411515 0.053769 -0.0411458 0.0537425 0.0537587 -0.0411396 0.0537408 -0.0411443 0.0537328 -0.0411435 -0.0411437 -0.0411437 -0.0411437 -0.0411437 -0.0411437 -0.0411437 -0.0411437 -0.0411437
internal_weight=299.473 216.035 135.063 80.972 123.198 114.709 46.2948 38.8807 83.4381 68.4138 32.5452 35.8686 77.0544 28.0218 77.6726 27.6398 20.1734 70.8342 17.9282 64.9084 17.5531 58.6692 52.7182 73.2924 28.6473 47.0495 44.6451 22.3225 16.7419 22.3225
internal_count=1091 797 364 433 329 307 124 104 294 183 87 96 414 75 274 74 54 250 48 229 47 207 186 394 154 166 240 120 90 120
is_linear=0
shrinkage=0.05


Tree=32
num_leaves=31
num_cat=0
split_feature=3 2 3 3 4 2 1 1 1 2 2 1 1 1 1 5 0 0 2 0 0 0 0 3 1 2 0 0 0 0
split_gain=262.347 0.0683869 0.00746855 0.000554806 0.000199754 0.000143527 0.000194147 0.00165246 5.34117e-05 7.016e-06 2.94219e-06 2.38686e-06 1.64204e-06 1.14958e-05 6.56051e-06 1.22544e-06 1.55956e-06 2.28452e-06 3.32934e-07 2.58499e-07 8.89846e-07 1.89349e-07 1.11521e-09 1.08558e-09 3.40194e-10 3.51008e-12 6.39488e-13 3.13172e-12 7.21201e-13 6.03961e-13
threshold=0.09969184575573993 3734.5000000000005 0.14131452864802432 0.086986916393657035 1.0000000180025095e-35 2519.0000000000005 417.50000000000006 364.00000000000006 334.50000000000006 8551.0000000000018 3279.0000000000005 683.50000000000011 1003.0000000000001 1005.5000000000001 8.5000000000000018 1.0000000180025095e-35 52.322500000000012 56.668815000000009 5423.5000000000009 58.102235 48.52150000000001 50.722500000000004 68.52676000000001 0.15755055698466761 300.50000000000006 6587.0000000000009 61.268650000000008 56.578500000000012 48.864065000000004 76.629500000000021
decision_type=2 2 2 2 2 2 2 2 2 2 2 2 2 2 2 2 2 2 2 2 2 2 2 2 2 2 2 2 2 2
left_child=3 -2 -3 5 -4 12 7 8 24 10 -8 -6 14 -14 26 16 -12 -18 -13 20 -15 -17 -21 -20 -7 -25 27 28 -1 -28
right_child=1 2 4 -5 11 6 9 -9 -10 -11 15 18 13 19 -16 21 17 -19 23 22 -22 -23 -24 25 -26 -27 29 -29 -30 -31
leaf_value=-0.041143696412385918 0.049386103293538951 0.055212315138629925 0.053970145054302143 -0.041710399575419208 0.053759101628903322 -0.041143720020630388 -0.041192184338514432 -0.041989616165213989 -0.041334010912319787 -0.041218018555644116 -0.04114385231439114 0.053724278676007257 -0.041064517814308678 -0.041143448551706992 -0.041204121209574819 -0.041146130405436458 -0.041196534426062636 -0.041148776977377774 0.053734871591988781 -0.041142783395171585 -0.041170495611817209 -0.041133831025040667 -0.041143780909434331 0.05373432219792789 -0.041144220615856396 0.053734288364064908 -0.041143718461437273 -0.041143667828295906 -0.041143718413519687 -0.041143701378410745
leaf_weight=5.580624192953116 9.1374731063842756 9.5842347741126996 10.010238468647001 5.344838321208953 9.985797703266142 25.856947392225269 4.8381125032901755 7.4502341896295539 4.2123769223690024 5.15158987045288 9.5115011781454104 9.1137504875659925 4.8468248397111919 8.0479464083910006 4.9964288771152487 5.1224939227104178 4.8979955464601499 5.1235184222459793 9.1148928701877576 4.8772850781679136 4.8879375755786887 8.041783004999159 6.5848573446273804 8.6807939708232862 3.9065999388694754 63.369773060083389 14.137610092759134 5.5806112289428702 11.161271065473555 8.1849200725555402
leaf_count=30 21 22 23 21 23 139 20 33 22 21 39 21 20 33 23 21 20 21 21 20 20 33 27 20 21 146 76 30 60 44
internal_value=-9.68794e-05 0.0535557 0.0538735 -0.0412091 0.0537572 -0.0411927 -0.0412381 -0.0413152 -0.0411674 -0.0411633 -0.0411558 0.0537359 -0.0411443 -0.0411349 -0.0411498 -0.0411504 -0.0411584 -0.0411721 0.0537333 -0.0411488 -0.0411537 -0.0411386 -0.0411434 0.0537344 -0.0411438 0.0537343 -0.0411437 -0.0411437 -0.0411437 -0.0411437
internal_weight=297.341 128.997 119.859 168.344 110.275 162.999 84.1132 41.4262 33.9759 42.687 37.5354 100.265 78.8863 29.2449 49.6415 32.6973 19.533 10.0215 90.2792 24.398 12.9359 13.1643 11.4621 81.1655 29.7635 72.0506 44.645 22.3225 16.7419 22.3225
internal_count=1091 297 276 794 254 773 390 215 182 175 154 231 383 120 263 134 80 41 208 100 53 54 47 187 160 166 240 120 90 120
is_linear=0
shrinkage=0.05


Tree=33
num_leaves=31
num_cat=0
split_feature=1 1 1 1 3 1 3 3 3 2 4 2 2 5 0 0 0 3 1 1 1 2 0 1 2 3 0 0 0 0
split_gain=224.705 3.8338 2.59812 0.0828023 0.0149831 0.0549921 6.94378e-05 0.000437614 0.000128475 4.03988e-05 9.27957e-06 5.35715e-06 2.02092e-06 1.26026e-06 1.98276e-06 3.62763e-07 1.26142e-06 1.67263e-07 1.46535e-07 1.25729e-07 2.74952e-08 2.28923e-09 1.2199e-09 2.59377e-10 3.30153e-09 6.97398e-12 1.69109e-12 6.77858e-12 2.18492e-12 1.32871e-12
threshold=401.50000000000006 364.00000000000006 417.50000000000006 334.50000000000006 0.0099647634353574616 1005.5000000000001 0.09969184575573993 0.085523332883546924 0.13659231329368118 4223.5000000000009 1.0000000180025095e-35 8214.5000000000018 3279.0000000000005 1.0000000180025095e-35 52.322500000000012 58.102235 48.52150000000001 0.14778550419583955 578.00000000000011 683.50000000000011 300.50000000000006 5545.0000000000009 68.52676000000001 8.5000000000000018 3021.5000000000005 0.16689594824667678 61.268650000000008 56.578500000000012 48.864065000000004 76.629500000000021
decision_type=2 2 2 2 2 2 2 2 2 2 2 2 2 2 2 2 2 2 2 2 2 2 2 2 2 2 2 2 2 2
left_child=1 3 -2 20 5 -4 7 11 -8 -10 -11 12 -6 14 -14 16 -7 -12 -15 -19 23 -21 -17 26 -25 -23 27 28 -1 -28
right_child=2 -3 4 -5 6 15 8 -9 9 10 17 -13 13 18 -16 22 -18 19 -20 21 -22 25 -24 24 -26 -27 29 -29 -30 -31
leaf_value=0.051887640410872932 0.0010643511803991909 0.014797709175541027 -0.035709822329983099 0.046041602141294352 -0.040633049937662695 -0.040590256645677752 -0.040355856372634571 -0.04109202590214231 -0.040737308140123982 -0.040654367651116199 -0.040582125583537298 -0.040653442796705859 -0.040589352436404415 -0.040578317785415874 -0.040623252760803516 -0.040589597969191038 -0.040623207353592615 -0.04059857420100331 -0.040589628441393619 -0.040589596766892555 0.051884071523185075 -0.040590734914952686 -0.040590665736270085 0.051886362646996101 0.05188767177887197 -0.04059067581903851 0.05188767177887197 0.051887609245311328 0.05188767177887197 0.051887651035599516
leaf_weight=8.3355671167373675 3.8760504424571982 7.5275064706802359 7.6456964313983944 6.396800845861434 4.6738814264535895 7.6831251382827777 5.481581136584281 5.3408156037330619 5.4810597002506247 6.2584523260593405 5.407620280981063 6.0870189368724814 8.6137184798717517 4.6514941751956957 8.6392729282379133 4.6561681777238828 4.669870063662529 5.4155025780200949 7.4498810470104218 5.4112213253974906 5.8345765173435202 5.6823555231094351 6.2864211350679398 5.5569350421428672 36.120806336402893 41.12922003865242 21.116779088973999 8.3355626463890058 16.671141386032104 12.22549909353256
leaf_count=30 12 23 32 22 20 33 21 22 20 23 20 26 37 20 37 20 20 20 32 20 21 21 27 20 130 152 76 30 60 44
internal_value=3.50129e-05 0.0494164 -0.0393744 0.0515773 -0.0403749 -0.0393892 -0.0406175 -0.0406668 -0.0405895 -0.0406066 -0.0405963 -0.0406102 -0.0406025 -0.0405977 -0.0406063 -0.0405968 -0.0406027 -0.0405905 -0.0405853 -0.0405913 0.0518874 -0.0405906 -0.0405902 0.0518876 0.0518875 -0.0405907 0.0518877 0.0518876 0.0518877 0.0518877
internal_weight=288.662 128.121 160.54 120.594 156.664 30.9413 125.723 45.4561 80.267 74.7854 69.3044 40.1153 34.0282 29.3544 17.253 23.2956 12.353 63.0459 12.1014 57.6383 114.197 52.2228 10.9426 108.362 41.6777 46.8116 66.6845 33.3423 25.0067 33.3423
internal_count=1091 456 635 433 623 132 491 194 297 276 256 172 146 126 74 100 53 233 52 213 411 193 47 390 150 173 240 120 90 120
is_linear=0
shrinkage=0.05


Tree=34
num_leaves=31
num_cat=0
split_feature=3 1 1 1 2 3 3 1 2 1 1 2 1 4 2 4 0 0 2 1 0 2 3 1 2 2 0 0 0 8
split_gain=72.8087 152.667 5.19571 0.231253 0.131851 0.011314 0.00791756 0.00785422 0.0568601 6.61664e-05 0.000272785 4.63654e-05 3.25026e-05 2.04018e-05 1.53213e-05 9.09775e-06 6.04519e-06 2.10042e-05 1.34879e-06 1.09178e-07 1.77512e-08 6.69787e-09 4.97451e-11 8.03624e-12 8.24478e-11 4.9738e-14 4.26326e-14 7.81597e-14 4.08562e-14 3.55271e-14
threshold=0.09969184575573993 364.00000000000006 417.50000000000006 339.50000000000006 3965.0000000000005 0.085523332883546924 0.14131452864802432 700.50000000000011 3070.5000000000005 1005.5000000000001 899.00000000000011 7497.5000000000009 309.00000000000006 7.5000000000000009 6549.0000000000009 1.0000000180025095e-35 58.102235 48.52150000000001 4329.5000000000009 683.50000000000011 68.52676000000001 5423.5000000000009 0.15755055698466761 8.5000000000000018 3021.5000000000005 6587.0000000000009 56.578500000000012 61.268650000000008 65.94348500000001 34.430660000000003
decision_type=2 2 2 2 2 2 2 2 2 2 2 2 2 2 2 2 2 2 2 2 2 2 2 2 2 2 2 2 2 2
left_child=1 3 -3 12 -2 7 -6 8 -4 10 14 13 23 -10 18 -8 17 -11 -9 -17 -18 -21 -23 26 -25 -24 -1 -28 -29 -30
right_child=4 2 5 -5 6 -7 15 9 11 16 -12 -13 -14 -15 -16 19 20 -19 -20 21 -22 22 25 24 -26 -27 27 28 29 -31
leaf_value=-0.040590675753232941 -0.033148282141602245 0.01712689111754552 0.047074794211171327 -0.027937325531111473 -0.042455240479973518 0.053558473589537275 -0.040654454733598772 0.051877921738874379 0.051869332492446435 0.051886548686696926 0.052258890976848216 0.052049890656540677 -0.040744854177758409 0.051960108242264727 0.051971237223208989 -0.04059749292142574 0.051884493738759821 0.05199408584980221 0.051907980836087622 -0.040588842055938129 0.051887750051551468 -0.040590832255820851 -0.040590679725164738 -0.040590937255922832 -0.04059067900588606 -0.040590674639505664 -0.04059068443781242 -0.040590674174216738 -0.040590680507310233 -0.04059067496372492
leaf_weight=15.983229875564573 6.1711037755012503 11.908819764852522 7.2747536897659293 3.7925413548946372 6.2557483315467826 8.1956090331077558 6.2585000395774832 7.648677736520769 12.017704755067827 12.020945042371752 8.0586941540241224 8.7639741003513318 3.594643458724021 12.763486117124556 10.577329665422438 6.2272348701953879 7.2851912379264858 7.2971708178520194 7.2877555191516876 5.4108591079711905 9.8354994356632215 5.6824049651622763 5.4117413461208335 3.5519110262393978 23.797250986099243 39.505691796541214 5.327748209238055 5.8605166375637081 11.543444484472273 3.9070114195346823
leaf_count=90 22 35 20 19 22 22 23 21 33 33 22 24 20 35 29 23 20 20 20 20 27 21 20 20 134 146 30 33 65 22
internal_value=7.60255e-05 0.0157128 0.0486153 -0.0399775 -0.0401726 0.0517658 -0.0407525 0.0516333 0.051082 0.0519547 0.0520053 0.051951 -0.0405982 0.0519161 0.0519252 -0.040597 0.051908 0.0519272 0.0518926 -0.0405912 0.0518864 -0.0405905 -0.0405907 -0.0405907 -0.0405907 -0.0405907 -0.0405907 -0.0405907 -0.0405907 -0.0405907
internal_weight=289.217 208.294 130.936 77.3583 80.9233 119.027 74.7522 110.831 40.8199 70.0113 33.5725 33.5452 73.5658 24.7812 25.5138 68.4964 36.4388 19.3181 14.9364 62.2379 17.1207 56.0107 50.5998 69.9711 27.3492 44.9174 42.622 26.6387 21.311 15.4505
internal_count=1091 794 361 433 297 326 275 304 112 192 92 92 414 68 70 253 100 53 41 230 47 207 187 394 154 166 240 150 120 87
is_linear=0
shrinkage=0.05


Tree=35
num_leaves=31
num_cat=0
split_feature=3 2 3 3 2 1 1 4 1 2 2 1 1 1 1 5 0 0 0 2 0 3 0 1 2 0 0 0 0 8
split_gain=241.015 0.0685482 0.008305 0.000569822 0.000164532 0.000230011 0.0019078 0.000152778 6.11964e-05 5.41732e-06 2.88498e-06 1.83452e-06 1.24453e-06 1.08069e-05 5.55941e-06 1.23356e-06 1.86603e-06 3.60365e-07 1.248e-06 2.66197e-07 1.70552e-07 1.02915e-09 9.1248e-10 5.41071e-10 2.60059e-12 5.64881e-13 3.04468e-12 5.54223e-13 5.25802e-13 8.31335e-13
threshold=0.09969184575573993 3734.5000000000005 0.14131452864802432 0.086986916393657035 2519.0000000000005 417.50000000000006 364.00000000000006 1.0000000180025095e-35 334.50000000000006 8214.5000000000018 3279.0000000000005 683.50000000000011 1003.0000000000001 1005.5000000000001 8.5000000000000018 1.0000000180025095e-35 52.322500000000012 58.102235 48.52150000000001 5423.5000000000009 50.722500000000004 0.15755055698466761 68.52676000000001 300.50000000000006 6587.0000000000009 61.268650000000008 56.578500000000012 48.864065000000004 76.629500000000021 34.430660000000003
decision_type=2 2 2 2 2 2 2 2 2 2 2 2 2 2 2 2 2 2 2 2 2 2 2 2 2 2 2 2 2 2
left_child=3 -2 -3 4 12 6 8 -4 23 10 -7 -9 14 -14 25 16 -12 18 -15 -13 -17 -21 -19 -6 -23 26 27 -1 -27 -30
right_child=1 2 7 -5 5 9 -8 11 -10 -11 15 19 13 17 -16 20 -18 22 -20 21 -22 24 -24 -25 -26 28 -28 -29 29 -31
leaf_value=-0.040590655225981258 0.047490774597297641 0.053460275574739508 0.052096481520608078 -0.041179831604612901 -0.040590677159862226 -0.040639850514525101 -0.041516139380057882 0.051909688585228965 -0.040798862473032306 -0.040653446388792612 -0.040589357414073046 0.051878616436205997 -0.04051326804522342 -0.040590408281841489 -0.040647576658551461 -0.040592833164307902 -0.040622028810770601 -0.040589807369998572 -0.040623183149100683 0.051888248661273631 -0.040580705098045358 0.051887703655676611 -0.040590730840028191 -0.040591323286928584 0.051887674128772154 -0.040590674963724906 -0.040590624728874355 -0.04059067496372492 -0.040590642345985958 -0.040590674963724906
leaf_weight=5.3277316689491299 8.9443445205688459 9.366190701723097 9.7678253352642042 5.1360860466957083 24.685212850570682 4.6211126744747153 7.2033179700374594 9.7402911484241468 4.0343973487615576 6.3211403489112845 8.6137220859527606 8.8890970647335035 4.6245620846748379 7.6832274943590182 4.7711213380098334 4.6574849784374255 8.871810629963873 4.6562542915344221 4.6698613464832306 8.8904151022434217 7.6766138821840286 8.4669912159442884 6.286457821726799 3.7296334207057944 61.809007108211517 13.496948540210726 5.3277191519737235 10.655485689640043 3.9069996178150168 3.9070114195346832
leaf_count=30 21 22 23 21 139 20 33 23 22 27 37 21 20 33 23 20 38 20 20 21 33 20 27 21 146 76 30 60 22 22
internal_value=-0.00011193 0.0517096 0.0520323 -0.0406617 -0.0406446 -0.0406943 -0.04078 0.0519079 -0.0406166 -0.0406109 -0.0406031 0.0518891 -0.0405915 -0.0405831 -0.0405964 -0.0405974 -0.0406059 -0.0405969 -0.0406028 0.0518868 -0.0405853 0.0518877 -0.0405903 -0.0405908 0.0518877 -0.0405907 -0.0405907 -0.0405907 -0.0405907 -0.0405907
internal_weight=286.738 125.874 116.93 160.864 155.728 80.4144 39.6526 107.564 32.4492 40.7619 34.4407 97.7958 75.3134 27.9204 47.393 29.8196 17.4855 23.2958 12.3531 88.0555 12.3341 79.1664 10.9427 28.4148 70.276 42.6219 21.3109 15.9832 21.311 7.81401
internal_count=1091 297 276 794 773 390 215 254 182 175 148 231 383 120 263 128 75 100 53 208 53 187 47 160 166 240 120 90 120 44
is_linear=0
shrinkage=0.05


Tree=36
num_leaves=31
num_cat=0
split_feature=1 1 1 1 3 1 2 3 3 3 3 4 2 0 0 0 2 1 1 7 1 0 0 1 2 3 2 0 0 0
split_gain=206.345 5.70533 0.141734 0.0855715 0.015596 0.0572773 5.48082e-05 6.15364e-05 0.000226198 0.000124501 4.24982e-05 7.56544e-06 5.00587e-06 9.67945e-07 3.02708e-07 1.0898e-06 1.08718e-07 1.12748e-07 6.88283e-08 6.36512e-08 3.79403e-08 7.44847e-09 1.90137e-09 3.27162e-10 3.85445e-09 6.31353e-11 9.43601e-12 1.15108e-12 4.583e-12 1.24345e-12
threshold=414.00000000000006 364.00000000000006 434.50000000000006 334.50000000000006 0.0099647634353574616 1005.5000000000001 3682.0000000000005 0.09969184575573993 0.082773846981974 0.13824253337460482 0.086986916393657035 1.0000000180025095e-35 8214.5000000000018 55.278000000000006 52.440000000000005 63.354490000000006 5243.5000000000009 683.50000000000011 561.50000000000011 13.239045000000003 300.50000000000006 79.79749000000001 44.082225000000008 8.5000000000000018 3021.5000000000005 0.1600873536118422 6560.0000000000009 61.268650000000008 56.578500000000012 48.864065000000004
decision_type=2 2 2 2 2 2 2 2 2 2 2 2 2 2 2 2 2 2 2 2 2 2 2 2 2 2 2 2 2 2
left_child=1 3 -2 20 5 -4 10 8 12 -9 -6 -11 13 18 22 -16 -13 -18 -8 -20 23 25 -7 27 -25 -19 -27 28 29 -1
right_child=2 -3 4 -5 6 14 7 9 -10 11 -12 16 -14 -15 15 -17 17 21 19 -21 -22 -23 -24 24 -26 26 -28 -29 -30 -31
leaf_value=0.050248721690557191 -0.027922148954933154 0.011392464651173228 -0.034987111520573828 0.044244701916198809 -0.040116668843266937 -0.04007903340175379 -0.04007346474797685 -0.039824789555128214 -0.040465136539840442 -0.040138264246903518 -0.040300392237899663 -0.040072490689488295 -0.040137729202412764 -0.040100091422512807 -0.040110053815570881 -0.040079336419204976 -0.040086949704267461 -0.040079559962611831 -0.040077799382220114 -0.040085477167168752 0.050244465707726262 -0.04007738876276163 -0.040077621586032064 0.050247308957158725 0.050248743620731298 -0.040079437043495737 -0.040079364507204902 0.050248740115975521 0.05024869424350531 0.050248745643575392
leaf_weight=8.1030803918838519 2.5339600294828406 10.462119489908217 7.3274208456277874 6.2702759802341452 6.6835914850234968 4.8834902942180651 4.4370826631784501 4.957164302468299 4.830660566687583 5.9678168892860404 5.9495286494493484 5.4139377176761618 5.8045059889554969 8.007450729608534 4.452928662300109 8.2133858948945981 5.1634575724601737 5.1597280204296103 6.8804455548524839 4.44233538210392 5.6716898679733267 5.1586203277111045 4.6608658879995346 5.4019061028957358 35.113367736339569 5.1596665680408469 34.311525613069534 32.412334859371185 8.1030759215354902 16.206169724464417
leaf_count=30 10 32 32 22 30 22 20 20 21 23 23 21 26 36 20 37 20 20 31 20 21 20 21 20 130 20 133 120 30 60
internal_value=4.25875e-05 0.0467715 -0.0396473 0.0499275 -0.0398482 -0.0388204 -0.0401048 -0.040093 -0.0401479 -0.0400665 -0.0402032 -0.0400846 -0.0400961 -0.0400859 -0.0400851 -0.0400901 -0.0400793 -0.0400799 -0.0400787 -0.0400808 0.0502484 -0.0400792 -0.0400783 0.0502487 0.0502486 -0.0400794 -0.0400794 0.0502487 0.0502487 0.0502487
internal_weight=278.144 127.744 150.4 117.282 147.866 29.5381 118.328 105.694 34.4025 71.2919 12.6331 66.3348 29.5718 23.7673 22.2107 12.6663 60.3669 54.953 15.7599 11.3228 111.012 49.7895 9.54436 105.34 40.5153 44.6309 39.4712 64.8247 32.4123 24.3093
internal_count=1091 465 626 433 616 132 484 431 154 277 53 257 133 107 100 57 234 213 71 51 411 193 43 390 150 173 153 240 120 90
is_linear=0
shrinkage=0.05


Tree=37
num_leaves=31
num_cat=0
split_feature=3 1 1 1 3 1 3 2 1 1 2 1 2 2 3 7 4 0 0 5 0 0 2 8 1 3 1 2 1 0
split_gain=67.4852 138.318 4.78239 0.238285 0.167682 0.00785763 0.0582863 0.000170543 6.06967e-05 0.000278601 4.08581e-05 2.94064e-05 2.43675e-05 2.02226e-05 1.38555e-05 1.23207e-05 7.37471e-06 4.74641e-06 1.72143e-05 2.47602e-06 1.09825e-07 2.99382e-08 7.01026e-09 2.51217e-09 7.34651e-10 2.35616e-11 7.10543e-12 9.17844e-11 1.03029e-13 4.9738e-14
threshold=0.11277836960585665 364.00000000000006 417.50000000000006 339.50000000000006 0.086986916393657035 700.50000000000011 0.018542074366155962 3734.5000000000005 1005.5000000000001 1003.0000000000001 3949.0000000000005 309.00000000000006 7560.5000000000009 7329.0000000000009 0.14131452864802432 17.091500000000003 1.0000000180025095e-35 52.440000000000005 63.354490000000006 1.0000000180025095e-35 59.125015000000012 44.082225000000008 5570.0000000000009 9.2380000000000049 715.50000000000011 0.16689594824667678 8.5000000000000018 3021.5000000000005 282.50000000000006 48.864065000000004
decision_type=2 2 2 2 2 2 2 2 2 2 2 2 2 2 2 2 2 2 2 2 2 2 2 2 2 2 2 2 2 2
left_child=1 3 -3 11 5 6 -4 -2 9 13 -8 26 15 19 -9 -12 -16 21 -19 -7 -18 -10 -22 -24 -25 -26 29 -28 -29 -1
right_child=7 2 4 -5 -6 8 10 14 17 -11 12 -13 -14 -15 16 -17 20 18 -20 -21 22 -23 23 24 25 -27 27 28 -30 -31
leaf_value=-0.040079368955856218 -0.040373075374402823 0.016256922138750636 0.045317676506579321 -0.027017098643821975 0.042555501827284743 0.050272897514750475 0.050412155404874495 -0.039999940996286239 0.05024792505784792 0.05063770742519115 0.050283586894015422 -0.040229488545159717 0.050358249752782351 0.050356686073535231 -0.040138342808372536 0.050201359297112183 -0.040085707453717277 0.050345456311867903 0.050248761064551395 0.050236041417521242 -0.04007752823764426 0.050243489631601551 -0.04008046893924929 -0.040078740837004891 -0.040079474585373212 -0.040079361554898545 -0.040079640657331217 -0.040079360190094823 -0.040079369626382498 -0.040079363752942916
leaf_weight=5.0795473158359519 5.3061724603176108 11.946936577558516 7.0937849879264823 3.6699390262365332 8.1624517738819105 10.982632577419286 7.4593226015567771 5.1191106140613547 7.7904580831527692 7.1343181133270255 10.984859734773641 3.4303074926137915 7.0970754623413077 7.0968767702579489 5.9678628444671622 7.7833974063396445 7.4861043691635123 7.0952990651130703 13.102345198392866 7.7886634171009055 5.4166308343410483 7.4357084333896637 5.1601862609386435 5.1593123078346244 5.4176686108112326 30.95776692032814 3.3864555209875133 19.302271306514744 3.3863663077354422 35.556822776794434
leaf_count=30 20 35 20 19 22 31 21 20 22 20 31 20 20 20 23 22 29 20 37 22 21 21 20 20 21 120 20 114 20 210
internal_value=8.66532e-05 0.0151473 0.0463907 -0.0394369 0.0494674 0.0499858 0.049433 -0.0400997 0.0503123 0.0503611 0.0503091 -0.0400867 0.0502793 0.0502848 -0.0400792 0.0502495 -0.0400854 0.0502668 0.0502827 0.0502576 -0.04008 0.0502458 -0.0400792 -0.0400794 -0.0400793 -0.0400794 -0.0400794 -0.0400794 -0.0400794 -0.0400794
internal_weight=278.757 202.766 128.954 73.8117 117.007 108.845 40.4184 75.9908 68.4263 33.0025 33.3247 70.1418 25.8653 25.8682 70.6846 18.7683 65.5655 35.4238 20.1976 18.7713 59.5977 15.2262 52.1116 46.6949 41.5347 36.3754 66.7115 26.0751 22.6886 40.6364
internal_count=1091 797 364 433 329 307 114 294 193 93 94 414 73 73 274 53 254 100 57 53 231 43 202 181 161 141 394 154 134 240
is_linear=0
shrinkage=0.05


Tree=38
num_leaves=31
num_cat=0
split_feature=3 2 3 3 2 1 1 4 1 2 2 1 1 1 1 5 0 0 0 0 2 0 3 1 2 0 0 0 0 8
split_gain=221.673 0.0695004 0.00671007 0.000473963 0.000180935 0.000266909 0.00213928 0.000117181 6.83026e-05 4.17677e-06 3.90898e-06 1.42903e-06 9.80832e-06 7.67165e-06 1.37339e-06 1.02537e-06 1.55188e-06 2.99187e-07 1.09069e-06 1.3393e-07 8.76712e-08 1.89787e-09 9.09409e-10 6.90299e-10 2.89901e-12 4.72511e-13 2.20624e-12 5.64881e-13 4.35207e-13 7.363e-13
threshold=0.09969184575573993 3734.5000000000005 0.14131452864802432 0.086986916393657035 2519.0000000000005 417.50000000000006 364.00000000000006 1.0000000180025095e-35 334.50000000000006 8214.5000000000018 3279.0000000000005 1003.0000000000001 1005.5000000000001 8.5000000000000018 683.50000000000011 1.0000000180025095e-35 52.322500000000012 52.440000000000005 63.354490000000006 50.722500000000004 5423.5000000000009 44.082225000000008 0.15755055698466761 300.50000000000006 6587.0000000000009 61.268650000000008 56.578500000000012 48.864065000000004 76.629500000000021 34.430660000000003
decision_type=2 2 2 2 2 2 2 2 2 2 2 2 2 2 2 2 2 2 2 2 2 2 2 2 2 2 2 2 2 2
left_child=3 -2 -3 4 11 6 8 -4 23 10 -7 13 -13 25 -9 16 -12 21 -19 -17 -16 -14 -22 -6 -24 26 27 -1 -27 -30
right_child=1 2 7 -5 5 9 -8 14 -10 -11 15 12 17 -15 20 19 -18 18 -20 -21 22 -23 24 -25 -26 28 -28 -29 29 -31
leaf_value=-0.04007934010911287 0.045753734562273191 0.051680979405687291 0.050434454413787723 -0.040637226209883047 -0.040079362576943695 -0.040135946181774039 -0.041077513355127639 0.05026834481016984 -0.040304269542650678 -0.04013743275735053 -0.040077849783457492 -0.040003500259592581 -0.040079166624151952 -0.040147769453490599 0.050243501894247158 -0.040080902112001 -0.040108363247291293 -0.040110126882416275 -0.040079397079141231 -0.040069895070109066 0.050249296578212282 -0.040077756115537683 0.050248779982957785 -0.040080109999841934 0.050248748398116161 -0.040079360569197246 -0.040079315662590376 -0.040079360510225766 -0.040079329632046572 -0.04007936106317915
leaf_weight=5.0795347988605526 8.7407189905643445 9.1224226951599103 9.4990207552909833 4.9091839343309394 23.535231202840812 4.4110352993011466 6.96256099641323 9.4690089821815473 3.8601254820823661 6.027585804462432 8.2121800631284732 4.4064148664474514 4.8835542201995867 4.5563607513904563 8.6414986252784711 4.4403343349695223 8.4591381847858411 4.4529618620872489 8.2134355902671796 7.3186363130807877 8.6424693465232831 4.6609274297952652 8.2308406531810743 3.5559423565864554 60.085103690624237 12.868181362748148 5.0795222818851462 10.159090489149092 3.7249882519245139 3.7250000536441803
leaf_count=30 21 22 23 21 139 20 33 23 22 27 37 20 22 23 21 20 38 20 37 33 21 21 20 21 146 76 30 60 22 22
internal_value=-0.000130468 0.0500501 0.0503805 -0.0401539 -0.0401379 -0.0401912 -0.0402856 0.050267 -0.0401075 -0.0400992 -0.0400922 -0.0400808 -0.0400716 -0.0400862 0.0502503 -0.0400854 -0.0400933 -0.0400852 -0.0400902 -0.0400741 0.0502483 -0.0400785 0.0502488 -0.0400795 0.0502488 -0.0400793 -0.0400793 -0.0400794 -0.0400794 -0.0400793
internal_weight=275.933 122.431 113.69 153.502 148.593 76.7828 37.9139 104.568 30.9513 38.8689 32.8413 71.81 26.6173 45.1927 95.0689 28.4303 16.6713 22.2109 12.6664 11.759 85.5999 9.54448 76.9584 27.0912 68.3159 40.6363 20.3181 15.2386 20.3182 7.44999
internal_count=1091 297 276 794 773 390 215 254 182 175 148 383 120 263 231 128 75 100 57 53 208 43 187 160 166 240 120 90 120 44
is_linear=0
shrinkage=0.05


Tree=39
num_leaves=31
num_cat=0
split_feature=1 1 1 1 3 1 2 3 3 3 3 4 2 0 0 0 2 1 1 4 7 0 0 1 2 3 2 0 0 0
split_gain=189.789 5.40368 0.112442 0.0889356 0.0163385 0.0597784 4.93858e-05 6.15264e-05 0.000225718 0.00011154 4.07264e-05 6.19237e-06 4.54452e-06 6.58744e-07 2.54258e-07 8.59038e-07 1.08438e-07 9.35478e-08 4.60725e-08 3.28305e-08 6.95962e-08 9.05955e-09 1.5305e-09 3.83366e-10 4.55413e-09 5.25944e-11 1.0175e-11 7.81597e-13 3.62732e-12 1.15463e-12
threshold=414.00000000000006 364.00000000000006 438.00000000000006 334.50000000000006 0.0099647634353574616 1005.5000000000001 3682.0000000000005 0.09969184575573993 0.082773846981974 0.13824253337460482 0.086986916393657035 1.0000000180025095e-35 7854.5000000000009 55.278000000000006 58.102235 48.52150000000001 5243.5000000000009 683.50000000000011 300.50000000000006 4.5000000000000009 12.144500000000003 79.79749000000001 68.52676000000001 8.5000000000000018 3021.5000000000005 0.1600873536118422 6560.0000000000009 61.268650000000008 56.578500000000012 48.864065000000004
decision_type=2 2 2 2 2 2 2 2 2 2 2 2 2 2 2 2 2 2 2 2 2 2 2 2 2 2 2 2 2 2
left_child=1 3 -2 18 5 -4 10 8 12 -9 -6 -11 13 19 15 -7 -13 -18 23 -8 -21 25 -16 27 -25 -19 -27 28 29 -1
right_child=2 -3 4 -5 6 14 7 9 -10 11 -12 16 -14 -15 22 -17 17 21 -20 20 -22 -23 -24 24 -26 26 -28 -29 -30 -31
leaf_value=0.048787761801361594 -0.029748674742328313 0.010951670021138867 -0.034285683047671475 0.042596824833473747 -0.039642717369378064 -0.039606020016760418 -0.039602769444395745 -0.039358796747562735 -0.040000915817172258 -0.039660870098060234 -0.039828813680611891 -0.039599241404882475 -0.039661327001006524 -0.039624730384365807 -0.039605103514210774 -0.039634556760062799 -0.039613406872787922 -0.039606550189474163 0.048782997359386578 -0.039604248059247033 -0.039612779952925059 -0.039604128321345772 -0.039606358748634891 0.048786201190402084 0.048787785260816723 -0.039606443322069085 -0.039606366141289498 0.048787778796818525 0.048787738203867281 0.048787785260816723
leaf_weight=7.8532496094703736 3.1095206737518302 10.491727501153944 7.016278043389323 6.1322435140609732 6.3661018013954145 6.9752547293901461 4.4372120797634187 4.7075987458229056 4.6207702755928031 5.6835412681102744 5.4627095758914948 5.1547820866107932 6.1664279848337165 7.4128149151802054 4.2270057499408704 4.2404184341430664 4.9168901294469824 4.9132407307624808 5.4966529905796042 5.4945946633815748 4.2305242717266083 4.9119355827569953 5.707238644361496 5.2353055477142325 34.030767679214478 4.9131836891174308 32.672397002577782 31.413011074066162 7.8532442450523368 15.706508159637449
leaf_count=30 13 32 32 22 30 33 21 20 21 23 22 21 29 35 20 20 20 20 21 26 20 20 27 20 130 20 133 120 30 60
internal_value=4.82093e-05 0.045286 -0.0391529 0.0484536 -0.0393615 -0.0382849 -0.039632 -0.0396206 -0.0396774 -0.0395936 -0.0397287 -0.0396111 -0.0396235 -0.0396127 -0.0396116 -0.0396168 -0.0396062 -0.0396068 0.0487875 -0.0396063 -0.039608 -0.0396062 -0.0396058 0.0487877 0.0487876 -0.0396064 -0.0396064 0.0487878 0.0487878 0.0487878
internal_weight=267.553 124.213 143.34 113.721 140.231 28.1662 112.065 100.236 32.3623 67.8736 11.8288 63.166 27.7416 21.5751 21.1499 11.2157 57.4824 52.3276 107.589 14.1623 9.72512 47.4108 9.93424 102.092 39.2661 42.4988 37.5856 62.826 31.413 23.5598
internal_count=1091 465 626 433 613 132 481 429 152 277 52 257 131 102 100 53 234 213 411 67 46 193 47 390 150 173 153 240 120 90
is_linear=0
shrinkage=0.05


Tree=40
num_leaves=31
num_cat=0
split_feature=3 1 1 1 3 0 7 2 1 3 2 1 2 2 1 3 4 0 2 0 0 0 2 8 1 3 1 2 1 0
split_gain=62.563 126.655 4.60296 0.245937 0.208716 0.00800336 0.0718348 0.000169101 0.000142686 0.000367214 0.00011292 0.000399676 0.000266223 6.28801e-05 2.66338e-05 1.37082e-05 6.01404e-06 7.09292e-07 9.17224e-07 1.96197e-07 9.03204e-08 2.07782e-08 5.93126e-09 2.09557e-09 6.6952e-10 1.86979e-11 8.70415e-12 9.28981e-11 1.52767e-13 3.19744e-14
threshold=0.11277836960585665 364.00000000000006 417.50000000000006 339.50000000000006 0.089017473838194208 54.985000000000007 17.413240000000002 3734.5000000000005 1005.5000000000001 0.024644876167485067 3682.0000000000005 1005.5000000000001 2599.5000000000005 8450.0000000000018 309.00000000000006 0.14131452864802432 1.0000000180025095e-35 49.700500000000012 5811.0000000000009 45.890220000000006 59.125015000000012 68.52676000000001 5570.0000000000009 9.2380000000000049 715.50000000000011 0.16689594824667678 8.5000000000000018 3021.5000000000005 282.50000000000006 91.674805000000006
decision_type=2 2 2 2 2 2 2 2 2 2 2 2 2 2 2 2 2 2 2 2 2 2 2 2 2 2 2 2 2 2
left_child=1 3 -3 14 5 10 -7 -2 9 -8 11 12 -4 17 26 -9 -17 -12 -19 -13 -18 -10 -22 -24 -25 -26 29 -28 -29 -1
right_child=7 2 4 -5 -6 6 8 15 21 -11 13 19 -14 -15 -16 16 20 18 -20 -21 22 -23 23 24 25 -27 27 28 -30 -31
leaf_value=-0.039606369633357383 -0.039905036715013741 0.015401100829489357 0.049374636305960784 -0.026108268007861275 0.039577894211501929 0.043310893093992997 0.049280077823068917 -0.039524801657380843 0.04878422055571445 0.048829949404269005 0.048781022717042925 0.048787096950991274 0.048941348981656085 0.048960250391073892 -0.039752716614029321 -0.039660941425190756 -0.039612257111864724 0.048811019784120509 0.048786031773446772 0.048798164215498013 -0.039604633314907517 0.04878785019513545 -0.039607398348124462 -0.039605757277884977 -0.039606468810562109 -0.039606365627394058 -0.039606657453466657 -0.039606367990618785 -0.039606379819073362 -0.03960636433011714
leaf_weight=35.47049754858017 5.0702648162841788 11.980299293994902 6.9545354843139666 3.5501555651426306 6.9276359379291526 6.8460189104080191 6.9399373531341579 4.8692529946565619 6.8634060621261623 13.052727937698362 11.323752552270891 9.6094249784946459 7.2314442992210388 6.8916280567646018 3.2695458680391303 5.6835854500532141 7.1286037713289252 6.8676897585391981 7.8932338356971741 6.8656636774539939 5.1578248292207709 9.2663958072662336 4.913690745830535 4.9128162562847129 5.1588570624589911 29.47885137796402 3.2246924638748196 18.380162000656131 3.2245943546295157 3.2245901226997367
leaf_count=220 20 35 20 19 19 20 20 20 20 38 33 28 21 20 20 23 29 20 23 20 21 27 20 20 21 120 20 114 20 20
internal_value=9.75048e-05 0.0147764 0.0448773 -0.038932 0.0479877 0.0485342 0.0480069 -0.0396266 0.0488969 0.0489862 0.0488901 0.0489592 0.0491538 0.0488259 -0.0396135 -0.0396056 -0.0396119 0.0487904 0.0487977 0.0487917 -0.039607 0.0487863 -0.0396062 -0.0396064 -0.0396063 -0.0396064 -0.0396064 -0.0396064 -0.0396064 -0.0396064
internal_weight=268.232 195.858 125.514 70.3442 113.533 106.606 42.9685 72.3737 36.1225 19.9927 63.6374 30.6611 14.186 32.9763 66.7941 67.3035 62.4342 26.0847 14.7609 16.4751 56.7506 16.1298 49.622 44.4642 39.5505 34.6377 63.5245 24.8294 21.6048 38.6951
internal_count=1091 797 364 433 329 310 125 294 105 58 185 89 41 96 414 274 254 76 43 48 231 47 202 181 161 141 394 154 134 240
is_linear=0
shrinkage=0.05


Tree=41
num_leaves=31
num_cat=0
split_feature=3 4 3 2 3 1 1 1 1 3 2 2 1 1 2 3 1 7 0 0 2 0 1 1 2 1 2 3 0 0
split_gain=204.28 0.0717014 0.00860713 0.00094402 0.000475571 0.000198042 0.00208139 0.000560193 8.53115e-06 1.71523e-05 1.99811e-06 1.98138e-06 1.96179e-06 7.21466e-06 1.3584e-06 1.11484e-06 8.18156e-07 6.52955e-07 2.52672e-07 8.50522e-07 1.26787e-07 1.25157e-09 1.00527e-09 2.45535e-10 2.28916e-10 1.6567e-10 2.00257e-09 4.12115e-12 4.76064e-13 2.59348e-13
threshold=0.09969184575573993 1.0000000180025095e-35 0.13824253337460482 4329.5000000000009 0.086986916393657035 334.50000000000006 417.50000000000006 372.50000000000006 700.50000000000011 0.018542074366155962 7329.0000000000009 3949.0000000000005 1005.5000000000001 1003.0000000000001 7560.5000000000009 0.14848215025473857 686.50000000000011 17.091500000000003 58.102235 48.52150000000001 4757.5000000000009 68.52676000000001 300.50000000000006 749.50000000000011 6470.5000000000009 8.5000000000000018 3021.5000000000005 0.1767998844781333 78.244000000000014 61.268650000000008
decision_type=2 2 2 2 2 2 2 2 2 2 2 2 2 2 2 2 2 2 2 2 2 2 2 2 2 2 2 2 2 2
left_child=4 -2 -3 -4 5 22 7 -7 9 -8 12 -11 13 20 17 -5 -17 -13 19 -14 -10 -20 25 -18 -25 29 -27 -26 -29 -1
right_child=1 2 3 15 -6 6 8 -9 10 11 -12 14 18 -15 -16 16 23 -19 21 -21 -22 -23 -24 24 27 26 -28 28 -30 -31
leaf_value=-0.039606352271314094 0.044622708280256829 0.050457258804468809 0.04935158490490698 0.048769830302895389 -0.040180251498119414 -0.039964888640612095 -0.039734492942774126 -0.04070391330448641 -0.039603578923868545 -0.039653033522539835 -0.039638103428298314 -0.039616234670233036 -0.039606143660228944 -0.039532329206068834 -0.039639299419735638 0.048804624105349068 0.04878760237295595 -0.039591730815682596 -0.039605276803052994 -0.039634538554077024 -0.039614232949592529 -0.039606411901218413 -0.0396071766094395 0.048788081896948998 0.048787826855906651 -0.039605029460839908 -0.039606367990618792 0.048787786103465479 0.048787799320530595 -0.039606360460373344
leaf_weight=19.347507536411285 10.41191706061363 8.8912808001041395 8.0785762071609479 7.9736112952232352 4.7070388793945304 4.5565655678510648 4.2351695448160198 5.8646140396595001 5.2828792035579664 4.4612185508012798 4.2420862019062033 6.5597016811370832 6.9753496050834674 4.1933508068323126 4.2426260113716117 7.980220139026641 14.358656257390974 4.6429037153720856 4.2270860373973829 4.2404098361730576 5.9236166775226593 5.7072726339101791 3.3861175924539557 7.9771220088005057 8.37592765688896 3.224120274186137 20.959833860397339 36.29564967751503 8.3759217858314496 19.347529590129852
leaf_count=120 26 22 20 20 21 26 20 29 25 21 20 31 33 20 20 20 36 22 20 20 28 27 21 20 21 20 130 91 21 120
internal_value=-0.000147342 0.0485858 0.0489668 0.0488335 -0.0396858 -0.0396694 -0.0397248 -0.0403808 -0.0396196 -0.0396431 -0.0396056 -0.0396237 -0.0396019 -0.0395883 -0.0396152 0.0487877 0.0487894 -0.0396061 -0.0396117 -0.0396169 -0.0396092 -0.0396059 -0.0396063 0.0487878 0.0487878 -0.0396063 -0.0396062 0.0487878 0.0487878 -0.0396064
internal_weight=265.046 118.719 108.307 99.4157 146.327 141.62 75.3549 10.4212 64.9337 24.1416 40.7921 19.9064 36.55 15.3998 15.4452 91.3371 83.3635 11.2026 21.1501 11.2158 11.2065 9.93436 66.2651 75.3833 61.0246 62.879 24.184 53.0475 44.6716 38.695
internal_count=1091 297 271 249 794 773 362 55 307 114 193 94 173 73 73 229 209 53 100 53 53 47 411 189 153 390 150 133 112 240
is_linear=0
shrinkage=0.05


Tree=42
num_leaves=31
num_cat=0
split_feature=1 1 1 1 3 1 1 3 3 3 2 4 2 0 8 0 0 3 2 1 7 2 0 1 2 3 1 0 0 0
split_gain=174.753 5.14313 0.116828 0.116325 0.0172341 0.0628409 0.000157202 4.79397e-05 0.000312394 7.85816e-05 3.76115e-05 1.02081e-05 2.98726e-06 1.8643e-06 5.06088e-06 3.33118e-07 1.13494e-06 2.21173e-07 2.00067e-07 7.03953e-08 3.9258e-08 1.96192e-09 1.24655e-09 2.65743e-10 3.60533e-09 4.16733e-12 3.21165e-12 7.78044e-13 5.96856e-13 3.70193e-12
threshold=414.00000000000006 364.00000000000006 339.50000000000006 438.00000000000006 0.0099647634353574616 1005.5000000000001 309.00000000000006 0.09969184575573993 0.085523332883546924 0.13659231329368118 4223.5000000000009 1.0000000180025095e-35 8214.5000000000018 54.414500000000004 0.45550000000000074 58.102235 48.52150000000001 0.14778550419583955 3734.5000000000005 683.50000000000011 13.239045000000003 5545.0000000000009 68.52676000000001 8.5000000000000018 3021.5000000000005 0.16689594824667678 282.50000000000006 78.645500000000013 56.578500000000012 61.268650000000008
decision_type=2 2 2 2 2 2 2 2 2 2 2 2 2 2 2 2 2 2 2 2 2 2 2 2 2 2 2 2 2 2
left_child=1 2 6 -2 5 -5 23 8 12 -9 -11 -12 13 18 -15 16 -7 -13 -6 -19 -20 -21 -17 28 -25 -23 -26 -27 -1 -30
right_child=3 -3 -4 4 7 15 -8 9 -10 10 11 17 -14 14 -16 22 -18 19 20 21 -22 25 -24 24 26 27 -28 -29 29 -31
leaf_value=0.047480335419157402 -0.028971586317546413 0.010535751757030025 0.039808773796617569 -0.033586097922452811 -0.039181871800992758 -0.039168239913251142 0.047764989185265519 -0.038973981068611836 -0.039645222266325268 -0.039320681396050799 -0.039240050592099472 -0.039157688572044762 -0.039223987357564667 -0.039243259472804298 -0.039173502517940106 -0.039167401041755319 -0.03920186350950855 -0.039174911565946352 -0.039166822424662885 -0.039167496772403977 -0.03917258262490806 -0.039168622123937791 -0.039168562610666577 0.047478916739924562 0.047480341083583878 -0.039168569999468439 0.047480384278889183 -0.039168591506249635 0.047480293943522378 0.047480333010458224
leaf_weight=22.77069479227066 3.0103555917739859 10.519183456897734 5.189874440431594 6.7062015682458904 4.027281314134604 6.6342948824167269 5.0956057608127585 4.7175474613904944 4.2420144677162162 4.7572322487831107 5.4199568480253211 4.6668250411748877 5.2618311345577231 4.0565824210643751 7.2418199926614761 4.0203793048858625 4.036805123090744 4.6765352040529242 7.6381870508193952 4.6723849773406974 4.8274355977773666 4.9066698253154746 5.4282711297273636 5.0599501132965079 28.842885732650757 30.608083173632622 5.0601617097854605 4.9066516906023017 7.5902241468429557 30.360929399728775
leaf_count=90 13 32 19 32 20 33 20 21 20 20 23 20 26 20 36 20 20 20 38 20 24 21 27 20 114 131 20 21 30 120
internal_value=5.42409e-05 0.0439365 0.0471314 -0.0386913 -0.0389106 -0.0377778 0.0474941 -0.0391956 -0.0392413 -0.039171 -0.0391854 -0.0391746 -0.0391894 -0.0391829 -0.0391985 -0.0391749 -0.039181 -0.0391681 -0.0391722 -0.0391691 -0.0391691 -0.0391685 -0.0391681 0.0474803 0.0474802 -0.0391686 0.0474803 -0.0391686 0.0474803 0.0474803
internal_weight=256.953 120.49 109.97 136.463 133.453 26.826 104.78 106.627 37.2952 69.3319 64.6143 59.8571 33.0531 27.7913 11.2984 20.1198 10.6711 54.4371 16.4929 49.7703 12.4656 45.0938 9.44865 99.6848 38.963 40.4214 33.903 35.5147 60.7218 37.9512
internal_count=1091 465 433 626 613 132 414 481 184 297 276 256 164 138 56 100 53 233 82 213 62 193 47 394 154 173 134 152 240 150
is_linear=0
shrinkage=0.05


Tree=43
num_leaves=31
num_cat=0
split_feature=3 1 1 1 3 1 3 2 1 1 2 3 1 3 2 4 7 2 0 0 0 0 2 8 1 3 1 2 1 0
split_gain=58.0345 116.124 4.4518 0.254155 0.206192 0.00832491 0.0631988 0.000137007 9.60463e-05 0.000212172 8.68969e-05 5.5021e-05 2.41614e-05 1.34914e-05 1.22844e-05 9.93706e-06 7.63083e-06 6.40168e-06 4.73682e-06 1.61359e-05 7.3526e-08 1.61673e-08 8.65565e-09 1.71712e-09 5.72101e-10 2.8237e-11 6.71463e-12 7.01839e-11 2.77112e-13 2.84217e-14
threshold=0.11277836960585665 364.00000000000006 417.50000000000006 339.50000000000006 0.089017473838194208 700.50000000000011 0.018542074366155962 3734.5000000000005 1005.5000000000001 1003.0000000000001 3949.0000000000005 0.067487940812970951 309.00000000000006 0.14131452864802432 7560.5000000000009 1.0000000180025095e-35 17.091500000000003 4757.5000000000009 58.102235 48.52150000000001 59.125015000000012 68.52676000000001 5570.0000000000009 9.2380000000000049 715.50000000000011 0.16689594824667678 8.5000000000000018 3021.5000000000005 282.50000000000006 78.361500000000021
decision_type=2 2 2 2 2 2 2 2 2 2 2 2 2 2 2 2 2 2 2 2 2 2 2 2 2 2 2 2 2 2
left_child=1 3 -3 12 5 6 -4 -2 9 11 -8 17 26 -9 16 -15 -12 -7 19 -10 -17 -20 -22 -24 -25 -26 -1 -28 -29 -27
right_child=7 2 4 -5 -6 8 10 13 18 -11 14 -13 -14 15 -16 20 -18 -19 21 -21 22 -23 23 24 25 29 27 28 -30 -31
leaf_value=-0.03916857216155184 -0.039445432378424787 0.014593456585235576 0.042213695505445285 -0.02520944043936902 0.038211021189114049 0.047471078762593828 0.047714271382771151 -0.03908693296786693 0.047479536969261833 0.047870492965329858 0.047523771457695138 0.047676602229013841 -0.039311429312333508 -0.039240115332801806 0.047575821601719331 -0.039173964647918433 0.047456921320096407 0.047532030955550003 0.047477141142290409 0.047578276244388935 -0.039166408244471262 0.047480397831987819 -0.039169530924228292 -0.039167996976261513 -0.039168698812516028 -0.039168569548348249 -0.039168829424084457 -0.039168570585675667 -0.039168586858029902 -0.03916856545630517
leaf_weight=36.803686082363129 4.8261738121509543 12.008171826601027 6.6894441843032828 3.4335564374923697 6.7790713012218466 6.9639596343040564 7.3435904085636166 4.6268111467361441 10.946012616157534 6.7063834667205802 10.295334428548818 6.6677154898643485 3.112837389111518 5.4199993610382071 6.6518836617469779 6.7802108079195014 7.2925743460655204 11.294243127107618 6.6334927678108206 6.6521990299224845 4.9053611606359473 8.9560479223728162 4.6735269725322715 4.6726671159267417 4.9067155718803397 22.897649019956592 3.0670690834522274 17.481746613979343 3.0669793486595145 5.1402864605188361
leaf_count=240 20 35 20 19 19 21 22 20 33 20 31 20 20 23 20 29 22 34 20 20 21 27 20 20 21 98 20 114 20 22
internal_value=0.00010883 0.0144358 0.0434987 -0.0384595 0.0466578 0.0472132 0.0466285 -0.0391885 0.0475585 0.0476208 0.0475636 0.0475537 -0.0391756 -0.0391692 0.0475179 -0.0391756 0.0474961 0.0475088 0.0474991 0.0475169 -0.0391691 0.047479 -0.0391684 -0.0391686 -0.0391685 -0.0391686 -0.0391686 -0.0391686 -0.0391686 -0.0391686
internal_weight=257.695 188.846 121.88 66.9659 109.872 103.093 38.2728 68.8494 64.8201 31.6323 31.5834 24.9259 63.5323 64.0232 24.2398 59.3964 17.5879 18.2582 33.1878 17.5982 53.9764 15.5895 47.1962 42.2908 37.6173 32.9447 60.4195 23.6158 20.5487 28.0379
internal_count=1091 797 364 433 329 310 115 294 195 95 95 75 414 274 73 254 53 55 100 53 231 47 202 181 161 141 394 154 134 120
is_linear=0
shrinkage=0.05


Tree=44
num_leaves=31
num_cat=0
split_feature=3 2 3 3 1 1 1 4 1 2 2 2 1 1 4 0 1 0 0 2 0 1 3 1 2 0 7 13 0 0
split_gain=188.498 0.0756156 0.00813528 0.000470432 0.000214768 0.00225882 0.000594024 0.000142519 7.53403e-06 1.39902e-05 2.20739e-06 1.91663e-06 3.15743e-06 5.23491e-06 1.37987e-06 1.18396e-06 8.58979e-07 3.3141e-07 1.12609e-06 1.11221e-07 1.02438e-09 1.01891e-09 9.75575e-10 1.34762e-10 1.60686e-09 6.4162e-12 3.94351e-12 4.12115e-13 3.69482e-13 1.54365e-12
threshold=0.09969184575573993 3734.5000000000005 0.14131452864802432 0.086986916393657035 334.50000000000006 417.50000000000006 372.50000000000006 1.0000000180025095e-35 713.50000000000011 3070.5000000000005 7497.5000000000009 6549.0000000000009 1005.5000000000001 1003.0000000000001 7.5000000000000009 54.414500000000004 683.50000000000011 58.102235 48.52150000000001 5423.5000000000009 68.52676000000001 300.50000000000006 0.15755055698466761 8.5000000000000018 3021.5000000000005 79.203000000000017 26.746000000000002 12437.000000000002 61.268650000000008 56.578500000000012
decision_type=2 2 2 2 2 2 2 2 2 2 2 2 2 2 2 2 2 2 2 2 2 2 2 2 2 2 2 2 2 2
left_child=3 -2 -3 4 21 6 -6 -4 9 -7 14 12 13 -10 -11 -16 -9 18 -14 -18 -19 23 -21 28 -25 26 -24 -28 29 -1
right_child=1 2 7 -5 5 8 -8 16 11 10 -12 -13 17 -15 15 -17 19 20 -20 22 -22 -23 25 24 -26 -27 27 -29 -30 -31
leaf_value=-0.039168564285151697 0.042661087758942229 0.049105393573669977 0.047691055532822102 -0.03975507225573454 -0.039552235440208583 -0.039288828898007659 -0.040328404434389328 0.047496180241306717 -0.039166849369733761 -0.039161009433420033 -0.039215377161908503 -0.039193789537996973 -0.03916835366534388 -0.039095832919143009 -0.039172113758898112 -0.039210432281241617 0.047474225404569789 -0.039167560520600997 -0.039201845882064094 0.047480923969001311 -0.039168613495543327 -0.039169414590827706 0.047480302280379173 -0.03916734115052848 -0.039168570585675681 0.047480384197356257 0.04748034281888925 0.047480330252037295 -0.039168565988527061 -0.039168530834737557
leaf_weight=13.801369845867159 8.2497191429138166 8.5884555876255018 8.9190893173217756 4.5092820823192588 4.3611989319324476 4.0300851613283184 5.6698624640703201 8.8703595101833326 7.4372021108865756 7.0301852822303799 5.0541896373033515 6.0495221614837638 6.6343858093023318 3.9856081604957581 4.0226048082113248 4.0408511459827423 8.0939753055572492 4.0204562395811063 4.0367968082427979 8.0955293178558332 5.4283035099506378 3.2206484377384177 7.7098909616470328 3.0665202587842968 19.935325086116791 7.7099092006683341 40.862466782331467 7.7098967134952536 18.401829183101654 4.6004386246204367
leaf_count=90 21 22 23 21 26 20 29 23 37 35 25 30 33 20 20 20 21 20 20 21 27 21 20 20 130 20 106 20 120 30
internal_value=-0.00016519 0.0472728 0.0476299 -0.0392527 -0.0392359 -0.039295 -0.0399909 0.0475005 -0.039182 -0.0392038 -0.0391868 -0.039168 -0.0391631 -0.0391421 -0.0391772 -0.0391913 0.0474814 -0.039175 -0.039181 0.0474798 -0.0391682 -0.0391685 0.0474804 -0.0391685 -0.0391684 0.0474803 0.0474803 0.0474803 -0.0391686 -0.0391686
internal_weight=254.146 114.809 106.56 139.337 134.827 71.8013 10.0311 97.9711 61.7702 24.1779 20.1478 37.5923 31.5428 11.4228 15.0936 8.06346 89.052 20.1199 10.6712 80.1817 9.44876 63.0261 72.0877 59.8055 23.0018 63.9922 56.2823 48.5724 36.8036 18.4018
internal_count=1091 297 276 794 773 362 55 254 307 120 100 187 157 57 75 40 231 100 53 208 47 411 187 390 150 166 146 126 240 120
is_linear=0
shrinkage=0.05


Tree=45
num_leaves=31
num_cat=0
split_feature=1 1 1 1 3 1 1 3 3 2 3 4 2 2 0 7 0 0 2 1 7 0 0 3 1 2 3 2 1 0
split_gain=161.066 4.9168 0.120922 0.120477 0.0181499 0.0657573 0.000123495 4.50306e-05 0.000307936 7.0856e-05 8.87913e-05 8.30173e-06 2.83451e-06 1.66266e-06 8.81693e-07 2.34464e-06 2.73315e-07 9.84961e-07 1.10606e-07 6.46052e-08 2.50591e-08 9.06129e-09 1.96777e-09 1.33226e-09 2.12268e-10 2.80006e-09 7.08447e-11 9.07718e-12 2.82796e-12 6.18172e-13
threshold=414.00000000000006 364.00000000000006 339.50000000000006 438.00000000000006 0.0099647634353574616 1005.5000000000001 309.00000000000006 0.09969184575573993 0.085523332883546924 3682.0000000000005 0.13824253337460482 1.0000000180025095e-35 7854.5000000000009 3319.0000000000005 55.130000000000003 19.231000000000005 52.440000000000005 63.354490000000006 5243.5000000000009 683.50000000000011 13.239045000000003 79.79749000000001 44.082225000000008 0.046080494215572705 8.5000000000000018 3021.5000000000005 0.1600873536118422 6560.0000000000009 282.50000000000006 61.268650000000008
decision_type=2 2 2 2 2 2 2 2 2 2 2 2 2 2 2 2 2 2 2 2 2 2 2 2 2 2 2 2 2 2
left_child=1 2 6 -2 5 -5 24 8 12 -9 -11 -12 13 -6 20 -16 22 -18 -13 -20 23 26 -7 -15 29 -26 -21 -28 -27 -1
right_child=3 -3 -4 4 7 16 -8 9 -10 10 11 18 -14 14 15 -17 17 -19 19 21 -22 -23 -24 -25 25 28 27 -29 -30 -31
leaf_value=0.046306108853649192 -0.028209105414748567 0.0101416381573097 0.038399120148304378 -0.032917653253620442 -0.038805997359626442 -0.03876287468669487 0.046563007921379379 -0.038956863908583723 -0.039246502920936732 -0.038531444253736835 -0.038829345255422275 -0.038755440495300997 -0.038815812584448564 -0.038760533064855926 -0.038811224967679747 -0.038758430769650881 -0.038794594549638003 -0.038763124810193159 -0.038769255474977386 -0.0387633565036265 -0.038765567317033928 -0.038760782502458312 -0.038761326334350581 -0.038761853719929164 0.046304844293465777 0.046306122316826792 -0.038763210780743323 -0.03876313410418978 0.046306163619014906 0.046306119150873057
leaf_weight=29.270796775817871 2.9145762622356406 10.544747591018675 5.061639577150344 6.4119754582643536 4.033647805452353 4.202125549316408 4.9152289330959311 4.5524833649396887 4.0545198321342459 4.232349380850791 5.1503455042839041 4.6569558382034293 5.5776972919702521 3.8189260214567202 4.0364206433296186 4.3905298858880997 3.8359378725290281 7.067443385720253 4.4433268904685965 4.4398746043443671 5.7321829795837402 4.438345953822135 4.0102950930595398 3.8195954412221909 4.8782569617032996 27.807270526885986 4.4397887140512458 29.524296790361404 4.8784746527671805 29.270806163549423
leaf_count=120 13 32 19 32 21 22 20 20 20 20 23 21 29 20 21 23 20 37 20 20 30 20 21 20 20 114 20 133 20 120
internal_value=6.05803e-05 0.0427039 0.0459407 -0.0382599 -0.0384908 -0.0372993 0.0463186 -0.038791 -0.0388364 -0.0387665 -0.0387524 -0.0387688 -0.0387835 -0.0387765 -0.0387711 -0.0387837 -0.038769 -0.0387742 -0.0387628 -0.0387635 -0.0387631 -0.0387629 -0.0387621 -0.0387612 0.0463061 0.046306 -0.0387632 -0.0387631 0.0463061 0.0463061
internal_weight=246.411 116.627 106.082 129.784 126.869 25.5278 101.021 101.341 35.4635 65.8778 61.3253 57.0929 31.409 25.8313 21.7977 8.42695 19.1158 10.9034 51.9426 47.2856 13.3707 42.8423 8.21242 7.63852 96.1056 37.564 38.404 33.9641 32.6857 58.5416
internal_count=1091 465 433 626 613 132 414 481 184 297 277 257 164 135 114 44 100 57 234 213 70 193 43 40 394 154 173 153 134 240
is_linear=0
shrinkage=0.05


Tree=46
num_leaves=31
num_cat=0
split_feature=3 1 1 1 3 0 7 1 2 1 3 2 1 2 2 3 4 1 0 0 0 0 2 1 8 1 3 1 2 0
split_gain=53.8632 106.589 4.32224 0.323825 0.204841 0.00855874 0.0766842 0.000177593 0.000135928 0.000128115 0.000365461 8.96133e-05 0.000341366 0.000254335 3.9653e-05 1.32325e-05 8.10208e-06 2.31403e-06 5.24143e-07 8.58244e-08 6.05239e-08 1.26045e-08 7.11199e-09 2.10832e-09 1.42985e-09 5.15453e-10 2.22791e-11 5.20117e-12 5.34044e-11 1.42109e-14
threshold=0.11277836960585665 364.00000000000006 417.50000000000006 343.50000000000006 0.089017473838194208 54.985000000000007 17.413240000000002 317.00000000000006 3734.5000000000005 1005.5000000000001 0.024644876167485067 3682.0000000000005 1005.5000000000001 2599.5000000000005 8450.0000000000018 0.14131452864802432 1.0000000180025095e-35 561.50000000000011 49.811000000000007 45.890220000000006 59.125015000000012 68.52676000000001 5570.0000000000009 285.50000000000006 9.2380000000000049 715.50000000000011 0.16689594824667678 8.5000000000000018 3021.5000000000005 61.76579000000001
decision_type=2 2 2 2 2 2 2 2 2 2 2 2 2 2 2 2 2 2 2 2 2 2 2 2 2 2 2 2 2 2
left_child=1 3 -3 7 5 11 -7 23 -2 10 -8 12 13 -4 17 -10 -17 -13 -19 -14 -18 -11 -22 27 -24 -26 -27 29 -29 -1
right_child=8 2 4 -5 -6 6 9 -9 15 21 -12 14 19 -15 -16 16 20 18 -20 -21 22 -23 24 -25 25 26 -28 28 -30 -31
leaf_value=-0.038763136316461028 -0.039044925056468831 0.013834406741368828 0.046877924850024275 -0.021410822195592521 0.036942894159724196 0.04044656950588469 0.046803794894740181 -0.039164529369936557 -0.038679505933075148 0.046303245833887827 0.046339349872064763 0.046341234212021555 0.046305572979082887 0.046439864624710094 0.046456720327743936 -0.038829406514988965 -0.038768152900724426 0.046297845134349681 0.046315314965208021 0.046313155924584744 -0.038761121039992255 0.046306174443462189 -0.038764030639704329 -0.038761798309339179 -0.038762575095009688 -0.03876325164195308 -0.038763133155924306 -0.038763365176075953 -0.038763133551896201 -0.038763134426369007
leaf_weight=17.774730920791626 4.6029236018657675 12.031133025884627 6.5137015879154223 2.8064506649970999 6.6229691207408896 6.4084967672824851 6.4983304440975216 2.8922447711229315 4.3902187943458548 6.3952749073505393 12.163976639509199 7.0436091125011506 8.9540908336639387 6.7440480291843414 6.4280512034893027 5.150386154651641 6.4418897926807395 7.9926223456859615 9.2769165933132154 6.3974109888076773 4.6604852080345145 8.6344781816005689 4.4402679055929175 3.0590421110391608 4.4394149035215369 4.6618030518293407 26.638459414243698 2.9139790087938335 17.046252340078354 17.191948771476746
leaf_count=122 20 35 20 16 19 20 20 19 20 20 38 22 28 21 20 23 29 25 29 20 21 27 20 21 20 21 120 20 117 118
internal_value=0.000120515 0.0141218 0.0422359 -0.0380166 0.0454573 0.0460243 0.04546 -0.0387821 -0.0387829 0.0464136 0.0465011 0.0464056 0.0464692 0.0466551 0.0463463 -0.0387631 -0.0387696 0.0463171 0.0463072 0.0463087 -0.0387636 0.0463049 -0.038763 -0.0387631 -0.0387632 -0.0387631 -0.0387632 -0.0387631 -0.0387632 -0.0387631
internal_weight=247.216 181.79 118.105 63.6846 106.074 99.451 40.1006 60.8782 65.4258 33.6921 18.6623 59.3505 28.6093 13.2577 30.7412 60.8229 56.4327 24.3131 17.2695 15.3515 51.2823 15.0298 44.8404 57.986 40.1799 35.7397 31.3003 54.9269 19.9602 34.9667
internal_count=1091 797 364 433 329 310 125 417 294 105 58 185 89 41 96 274 254 76 54 48 231 47 202 398 181 161 141 377 137 240
is_linear=0
shrinkage=0.05


Tree=47
num_leaves=31
num_cat=0
split_feature=3 2 3 3 1 1 1 4 1 3 2 2 1 1 2 1 7 0 0 2 2 0 3 1 2 1 7 0 2 4
split_gain=174.145 0.0777849 0.00881545 0.000461016 0.000229698 0.00240908 0.000618231 0.000111194 7.81221e-06 1.84323e-05 1.63745e-06 1.47021e-06 2.2819e-06 5.22117e-06 1.10006e-06 6.73921e-07 6.40775e-07 2.70901e-07 9.85533e-07 9.17166e-08 4.81464e-08 1.97212e-09 8.73726e-10 1.32012e-10 1.32393e-09 3.64686e-11 8.54072e-12 4.49063e-12 3.48166e-13 1.91847e-13
threshold=0.09969184575573993 3734.5000000000005 0.14131452864802432 0.086986916393657035 334.50000000000006 417.50000000000006 372.50000000000006 1.0000000180025095e-35 700.50000000000011 0.018542074366155962 3949.0000000000005 6549.0000000000009 1005.5000000000001 1003.0000000000001 7560.5000000000009 683.50000000000011 17.091500000000003 52.440000000000005 63.354490000000006 5423.5000000000009 4427.5000000000009 44.082225000000008 0.15755055698466761 8.5000000000000018 2916.0000000000005 297.50000000000006 27.065555 79.203000000000017 7061.5000000000009 18.500000000000004
decision_type=2 2 2 2 2 2 2 2 2 2 2 2 2 2 2 2 2 2 2 2 2 2 2 2 2 2 2 2 2 2
left_child=3 -2 -3 4 23 6 -6 -4 9 -7 -11 12 13 20 16 -9 -12 21 -19 -17 -10 -14 -21 -1 -25 -26 -24 28 -28 -30
right_child=1 2 7 -5 5 8 -8 15 11 10 14 -13 17 -15 -16 19 -18 18 -20 22 -22 -23 26 24 25 -27 27 -29 29 -31
leaf_value=-0.038763125830167194 0.041341540904465027 0.048023504044774394 0.046495636945713723 -0.039359904090682796 -0.03917057004699559 -0.038899926535243073 -0.03997832482935626 0.046320400556234015 -0.038760263399394201 -0.03880734751508115 -0.038773120995180245 -0.038785567079830066 -0.038762978661524845 -0.03869271233784255 -0.038793984377400718 0.046300468856532696 -0.038747583096010875 -0.038794650017622459 -0.038763171243525421 0.04630668422887485 -0.038768018496108295 -0.038761428606860188 0.046306077476013584 -0.038761973612553909 -0.038763134436676443 -0.038762951962469587 0.046306134419554876 0.046306166402245004 0.0463061244347686 0.046306115650515289
leaf_weight=34.966632813215256 7.9952465593814841 8.3035117089748365 8.6023336648941022 4.3166474550962439 4.1720744818449003 3.8426523208618191 5.4805867522954941 8.552132695913313 4.2006684988737124 4.0343504548072842 5.9290454089641553 5.9387950897216788 4.2021819353103655 3.7844316363334647 3.8357143104076377 7.8032243251800528 4.1935611069202423 3.8359670341014844 7.0674869120121002 7.8048735857009879 3.8226539641618729 4.0103498846292496 8.9196724295616132 2.9134414643049267 18.794587880373005 3.2052013725042334 7.4330745637416831 7.4330828487873069 29.732287675142288 8.1763767004013044
leaf_count=240 21 22 23 21 26 20 29 23 22 21 31 31 22 20 20 21 22 20 37 21 20 21 24 20 129 22 20 20 80 22
internal_value=-0.000183808 0.046092 0.0464616 -0.0388517 -0.0388346 -0.0388972 -0.0396292 0.0463243 -0.0387768 -0.0388005 -0.0387793 -0.0387628 -0.0387584 -0.0387411 -0.0387712 0.0463071 -0.0387625 -0.0387691 -0.0387742 0.0463056 -0.038764 -0.0387622 0.0463062 -0.0387631 -0.038763 -0.0387631 0.0463061 0.0463061 0.0463061 0.0463061
internal_weight=243.303 110.756 102.761 132.547 128.23 68.3505 9.65266 94.4571 58.6979 21.8353 17.9927 36.8625 30.9237 11.8078 13.9583 85.8547 10.1226 19.116 10.9035 77.3026 8.02332 8.21253 69.4994 59.8799 24.9132 21.9998 61.6945 52.7748 45.3417 37.9087
internal_count=1091 297 276 794 773 362 55 254 307 114 94 193 162 62 73 231 53 100 57 208 42 43 187 411 171 151 166 142 122 102
is_linear=0
shrinkage=0.05


Tree=48
num_leaves=31
num_cat=0
split_feature=1 1 0 1 3 1 1 2 3 3 3 3 4 2 0 0 0 2 1 1 4 7 0 0 1 2 3 2 0 0
split_gain=148.578 4.76264 5.87514 0.125039 0.0191862 0.0692524 0.00337001 4.37727e-05 5.62454e-05 0.000220897 7.83567e-05 3.83737e-05 6.79116e-06 2.94007e-06 1.08158e-06 3.42257e-07 1.16654e-06 1.08376e-07 5.36444e-08 3.93574e-08 2.04156e-08 3.91831e-08 1.03271e-08 9.48949e-10 2.033e-10 2.14222e-09 5.74509e-11 8.35954e-12 4.68958e-13 2.12097e-12
threshold=414.00000000000006 350.50000000000006 52.905500000000011 438.00000000000006 0.0099647634353574616 1005.5000000000001 321.50000000000006 3682.0000000000005 0.09969184575573993 0.082773846981974 0.13824253337460482 0.086986916393657035 1.0000000180025095e-35 7854.5000000000009 55.278000000000006 58.102235 48.52150000000001 5243.5000000000009 683.50000000000011 288.50000000000006 4.5000000000000009 12.144500000000003 79.79749000000001 68.52676000000001 8.5000000000000018 3021.5000000000005 0.1600873536118422 6560.0000000000009 61.268650000000008 56.578500000000012
decision_type=2 2 2 2 2 2 2 2 2 2 2 2 2 2 2 2 2 2 2 2 2 2 2 2 2 2 2 2 2 2
left_child=1 6 -3 -2 5 -5 19 11 9 13 -10 -6 -12 14 20 16 -7 -14 -19 24 -9 -22 26 -17 28 -26 -20 -28 29 -1
right_child=3 2 -4 4 7 15 -8 8 10 -11 12 -13 17 -15 -16 23 -18 18 22 -21 21 -23 -24 -25 25 -27 27 -29 -30 -31
leaf_value=0.045248170331218571 -0.027450089261927848 -0.019829848457145065 0.046879619850295998 -0.032243611013058969 -0.038424175152841814 -0.038387181661162645 0.046534037590231135 -0.038384160093000434 -0.038163488090030874 -0.038805774970779416 -0.038448832322529491 -0.03861869776105728 -0.038379579966950329 -0.038438193097634847 -0.038412635781916261 -0.038386394290635804 -0.038423066589871123 -0.038393153941527328 -0.038387674066866467 0.045243411062362973 -0.038385572377063373 -0.038392484985303739 -0.038384885591991019 -0.038387461554324882 0.045247021154762521 0.045248174398969825 -0.038387543413326647 -0.038387467879365623 0.045248171581386727 0.045248138636329864
leaf_weight=21.116674721241001 2.820842742919921 6.6346873342990857 6.5677706003189087 6.1197367906570461 5.4672767370939237 5.9824444055557269 5.3845480680465689 3.8053179532289603 4.0068975985050193 4.0264715254306784 4.8891165703535071 4.7276684194803238 4.419435277581214 5.2960199713706961 6.3679671287536612 3.6253076344728452 3.6443217694759369 4.2173286676406851 4.2139822691678992 4.6917063295841208 4.7123350799083692 3.6285111159086227 4.2122523039579383 4.894928053021431 4.6923800855875006 28.390201777219772 4.2139020711183539 28.022136762738228 28.155567064881325 7.0388826727867118
leaf_count=90 13 20 22 32 30 33 22 21 20 21 23 22 21 29 35 20 20 20 20 20 26 20 20 27 20 121 20 133 120 30
internal_value=6.72968e-05 0.0415724 0.0133558 -0.037856 -0.0380996 -0.0368432 0.0453175 -0.0384164 -0.0384048 -0.0384633 -0.0383768 -0.0385144 -0.0383926 -0.0384053 -0.0383959 -0.0383943 -0.0384008 -0.0383871 -0.0383878 0.0452479 -0.0383872 -0.0383886 -0.0383872 -0.038387 0.0452481 0.045248 -0.0383875 -0.0383875 0.0452482 0.0452482
internal_weight=235.987 112.672 13.2025 123.314 120.493 24.2667 99.47 96.2266 86.0317 27.8366 58.1951 10.1949 54.1882 23.8102 18.5141 18.147 9.62677 49.299 44.8796 94.0854 12.1462 8.34085 40.6623 8.52024 89.3937 33.0826 36.45 32.236 56.3111 28.1556
internal_count=1091 465 42 626 613 132 423 481 429 152 277 52 257 131 102 100 53 234 213 401 67 46 193 47 381 141 173 153 240 120
is_linear=0
shrinkage=0.05


Tree=49
num_leaves=31
num_cat=0
split_feature=3 1 1 1 3 1 3 1 2 1 1 2 3 3 7 7 4 2 0 0 0 0 2 1 8 1 3 1 2 8
split_gain=50.0171 97.9318 4.21014 0.333072 0.204324 0.00899126 0.0687205 0.000153386 0.0001339 7.70313e-05 0.000211208 7.01556e-05 3.26145e-05 1.29344e-05 7.45093e-06 1.41074e-05 6.60647e-06 5.1897e-06 4.4783e-06 1.52636e-05 4.97338e-08 1.1411e-08 5.92427e-09 2.34316e-09 1.18519e-09 4.53429e-10 1.79696e-11 3.64864e-12 4.03926e-11 2.13163e-14
threshold=0.11277836960585665 364.00000000000006 417.50000000000006 343.50000000000006 0.089017473838194208 700.50000000000011 0.018542074366155962 317.00000000000006 3734.5000000000005 1005.5000000000001 1003.0000000000001 3949.0000000000005 0.067487940812970951 0.14131452864802432 17.248000000000005 13.239045000000003 1.0000000180025095e-35 4757.5000000000009 58.102235 48.52150000000001 59.125015000000012 68.52676000000001 5570.0000000000009 285.50000000000006 9.2380000000000049 715.50000000000011 0.16689594824667678 8.5000000000000018 3021.5000000000005 34.430660000000003
decision_type=2 2 2 2 2 2 2 2 2 2 2 2 2 2 2 2 2 2 2 2 2 2 2 2 2 2 2 2 2 2
left_child=1 3 -3 7 5 6 -4 23 -2 10 12 -8 17 -10 15 -13 -15 -7 19 -11 -18 -20 -22 27 -24 -26 -27 29 -29 -1
right_child=8 2 4 -5 -6 9 11 -9 13 18 -12 14 -14 16 -16 -17 20 -19 21 -21 22 -23 24 -25 25 26 -28 28 -30 -31
leaf_value=-0.038387469506775268 -0.038673434568899941 0.013120105920348117 0.039560780018435 -0.02050532800913471 0.035763307567920892 0.045239637040871639 0.045475040740644915 -0.038770024758452093 -0.038301967066620535 0.0452475134159884 0.045638473028965343 0.045269637538127433 0.045409024394033395 -0.038448886850060593 0.045252102647986153 0.045368010425430552 -0.038392132675323022 0.045296622389818936 0.045245378015087712 0.045347203224957625 -0.038385578010084145 0.045248219182399907 -0.038388301861214592 -0.038386019625848707 -0.038386927409662812 -0.038387574606418784 -0.038387465388221041 -0.038387673180289295 -0.038387466406956429 -0.038387465033407044
leaf_weight=30.145418703556061 4.3866147100925437 12.049732625484465 6.2524253129959098 2.7210863679647437 6.461276799440383 6.4576276540756323 6.8250919580459621 2.7501764148473731 4.1610170453786841 10.150880575180059 6.2455243766307822 8.3124369978904742 6.1879891753196707 4.8891553878784171 7.6912892162799826 6.4899087846279135 6.1142235100269309 10.478357672691343 6.1515269875526419 6.1757211685180655 4.4233277589082709 8.3054994940757734 4.2143647372722617 2.9033024907112113 4.213523417711257 4.4246174842119244 25.283126160502434 2.7657179683446911 16.178959250450134 3.0421977937221518
leaf_count=218 20 35 20 16 19 21 22 19 20 33 20 27 20 23 25 21 29 34 20 20 21 27 20 21 20 21 120 20 117 22
internal_value=0.000132604 0.0138311 0.0410728 -0.0376006 0.044369 0.0449499 0.0443197 -0.0384056 -0.0384071 0.0453225 0.0453805 0.0453346 0.0453108 -0.0383869 0.045292 0.0453128 -0.0383935 0.0452749 0.0452673 0.0452852 -0.0383879 0.045247 -0.0383873 -0.0383874 -0.0383875 -0.0383874 -0.0383875 -0.0383875 -0.0383875 -0.0383875
internal_weight=236.852 174.742 114.235 60.5069 102.186 95.7243 35.5712 57.7858 62.11 60.1531 29.3695 29.3187 23.124 57.7234 22.4936 14.8023 53.5623 16.936 30.7836 16.3266 48.6732 14.457 42.559 55.0356 38.1356 33.9213 29.7077 52.1323 18.9447 33.1876
internal_count=1091 797 364 433 329 310 115 417 294 195 95 95 75 274 73 48 254 55 100 53 231 47 202 398 181 161 141 377 137 240
is_linear=0
shrinkage=0.05


Tree=50
num_leaves=31
num_cat=0
split_feature=3 2 3 3 1 1 1 4 1 3 0 7 2 1 1 1 0 0 1 2 1 0 3 1 2 7 0 2 0 0
split_gain=161.059 0.0803813 0.00949064 0.000447918 0.000242544 0.00252928 0.000634285 8.70736e-05 6.96607e-06 1.38564e-05 2.00254e-06 4.50474e-06 1.44961e-06 2.71121e-06 4.15852e-06 5.29346e-07 3.40855e-07 1.15933e-06 3.2306e-07 7.15585e-08 9.01551e-10 7.95557e-10 6.90875e-10 8.41958e-11 1.03462e-09 1.25482e-11 6.5441e-12 3.97904e-13 2.16716e-13 1.00542e-12
threshold=0.09969184575573993 3734.5000000000005 0.14131452864802432 0.086986916393657035 334.50000000000006 417.50000000000006 372.50000000000006 1.0000000180025095e-35 713.50000000000011 0.018542074366155962 54.414500000000004 19.040000000000003 6549.0000000000009 1005.5000000000001 1003.0000000000001 683.50000000000011 58.102235 48.52150000000001 558.00000000000011 5423.5000000000009 300.50000000000006 68.52676000000001 0.15755055698466761 8.5000000000000018 3021.5000000000005 26.746000000000002 79.203000000000017 14835.000000000002 61.268650000000008 56.578500000000012
decision_type=2 2 2 2 2 2 2 2 2 2 2 2 2 2 2 2 2 2 2 2 2 2 2 2 2 2 2 2 2 2
left_child=3 -2 -3 4 20 6 -6 -4 9 -7 18 -12 13 14 -10 -9 17 -15 -11 -17 23 -18 -21 28 -25 -24 27 -27 29 -1
right_child=1 2 7 -5 5 8 -8 15 12 10 11 -13 -14 16 -16 19 21 -19 -20 22 -22 -23 25 24 -26 26 -28 -29 -30 -31
leaf_value=-0.038387461422388858 0.040117075994656616 0.047059694080991359 0.045419143085311815 -0.038992307202351223 -0.038816576635735997 -0.038509840907816228 -0.039651377574229797 0.04526107883804921 -0.03838549860393782 -0.038381197464458817 -0.038464401382209808 -0.038385795205351368 -0.038410878542726658 -0.038387276569953221 -0.038318815306709685 0.045243083264502472 -0.038386527001338787 -0.038423050324757423 -0.038398780874449444 0.045248683994759231 -0.038386504491664399 -0.038387504200177426 0.045248112781237949 -0.038386429554355145 -0.038387468432820093 0.045248178883896317 0.04524822785879145 0.045248167567562392 -0.038387462384117305 -0.038387432967912104
leaf_weight=12.445345222949983 7.7341276109218589 8.0118258297443372 8.27764183282852 4.1294154375791541 3.988986209034918 3.8304693847894695 5.2968247830867767 8.2265249192714673 6.7059390842914599 4.5281257927417773 3.6657976359128943 3.6249123364686966 5.4571285694837561 5.9825276881456393 3.589447557926178 7.5058362483978263 3.6253784447908384 3.6443139463663101 6.1740581393241882 7.5075114071369162 2.903508484363555 4.8949577063322067 7.1498490571975699 2.7652152925729778 17.976621210575104 35.034348607063293 7.1498810946941367 10.009810388088225 16.593795657157898 4.148431420326232
leaf_count=90 21 22 23 21 26 21 29 23 37 25 20 20 30 33 20 21 20 20 34 21 21 27 20 20 130 98 20 28 120 30
internal_value=-0.000203324 0.045026 0.04541 -0.0384802 -0.0384628 -0.0385288 -0.0392928 0.0452645 -0.0384015 -0.0384235 -0.0384051 -0.0384253 -0.0383873 -0.0383827 -0.0383622 0.045249 -0.0383944 -0.0384008 -0.0383913 0.0452477 -0.0383874 -0.0383871 0.0452482 -0.0383874 -0.0383873 0.0452482 0.0452482 0.0452482 -0.0383875 -0.0383875
internal_weight=232.579 106.607 98.8732 125.971 121.842 65.0089 9.28581 90.8614 55.7231 21.8234 17.9929 7.29071 33.8997 28.4426 10.2954 82.5838 18.1472 9.62684 10.7022 74.3572 56.8329 8.52034 66.8514 53.9294 20.7418 59.3439 52.194 45.0442 33.1876 16.5938
internal_count=1091 297 276 794 773 362 55 254 307 120 99 40 187 157 57 231 100 53 59 208 411 47 187 390 150 166 146 126 240 120
is_linear=0
shrinkage=0.05


Tree=51
num_leaves=31
num_cat=0
split_feature=1 1 1 3 1 1 1 2 3 3 3 3 4 2 0 0 0 2 7 1 1 0 0 1 2 3 2 0 0 0
split_gain=137.156 3.00998 2.21049 0.020485 0.0725881 0.00285679 6.23266e-05 4.44428e-05 4.75298e-05 0.000156028 6.90122e-05 4.12195e-05 5.5569e-06 2.47986e-06 8.94765e-07 2.81891e-07 1.02327e-06 1.0565e-07 5.13144e-08 4.45928e-08 3.57943e-08 1.13779e-08 2.0177e-09 1.56945e-10 1.6893e-09 4.70521e-11 7.89768e-12 2.13163e-13 1.58451e-12 4.29878e-13
threshold=401.50000000000006 350.50000000000006 417.50000000000006 0.0099647634353574616 1005.5000000000001 321.50000000000006 480.50000000000006 3682.0000000000005 0.09969184575573993 0.08207267417633847 0.13824253337460482 0.086986916393657035 1.0000000180025095e-35 7854.5000000000009 55.278000000000006 52.440000000000005 63.354490000000006 5243.5000000000009 13.239045000000003 683.50000000000011 288.50000000000006 79.79749000000001 44.082225000000008 8.5000000000000018 3021.5000000000005 0.1600873536118422 6560.0000000000009 61.268650000000008 56.578500000000012 76.629500000000021
decision_type=2 2 2 2 2 2 2 2 2 2 2 2 2 2 2 2 2 2 2 2 2 2 2 2 2 2 2 2 2 2
left_child=1 5 -2 4 -4 20 -5 11 9 13 -10 -8 -12 14 18 22 -17 -14 -9 -19 23 25 -6 27 -25 -21 -27 28 -1 -29
right_child=2 -3 3 6 15 -7 7 8 10 -11 12 -13 17 -15 -16 16 -18 19 -20 21 -22 -23 -24 24 -26 26 -28 29 -30 -31
leaf_value=0.044292199903496809 0.00063189461188403371 0.015829567035861258 -0.031596168314688332 -0.038270536925904923 -0.038038981484202393 0.045498441344295815 -0.038070114892879356 -0.038037579701940168 -0.037822806241854016 -0.038406524251264146 -0.038096106015771694 -0.03827858321071273 -0.038031142901689817 -0.038091070118514418 -0.038064719260883208 -0.038073001293051252 -0.038039202879232355 -0.038044489879919111 -0.038044896353068146 -0.038039396250627716 0.044287571089152794 -0.03803641619352225 -0.038037328751923963 0.044291158956500452 0.044292204231213654 -0.038039279350335957 -0.038039203946489998 0.044292203951633954 0.044292171944964889 0.044292190842138632
leaf_weight=20.269852280616764 3.8775349855422965 10.237395673990248 5.8447091728448894 3.9123449325561515 3.7818089425563839 5.1880354136228553 5.0093740373849851 6.5307469964027494 3.789937585592269 3.8080967813730231 4.6366819292306891 4.5023374408483505 4.1900046318769446 4.5062270164489737 5.8680701553821555 3.4563561975955945 6.3605382293462753 3.9990222603082648 3.7853656858205795 3.9957869946956626 4.503449633717536 3.9938590675592414 3.6089527755975723 4.5041957050561932 27.251697450876236 3.9957123100757626 26.571164011955261 17.116768792271618 6.7566087841987601 9.9097027182579023
leaf_count=90 12 33 32 22 22 22 29 38 20 21 23 22 21 26 34 20 37 20 22 20 20 20 21 20 121 20 133 76 30 44
internal_value=7.40092e-05 0.0415954 -0.036505 -0.0377448 -0.0364104 0.0443575 -0.0380752 -0.0380666 -0.0380544 -0.0381124 -0.0380287 -0.0381688 -0.0380439 -0.0380583 -0.0380491 -0.0380455 -0.0380511 -0.0380387 -0.0380403 -0.0380395 0.0442919 -0.0380389 -0.0380382 0.0442921 0.0442921 -0.0380392 -0.0380392 0.0442922 0.0442922 0.0442922
internal_weight=225.762 105.738 120.025 116.147 23.0524 95.5003 93.0947 89.1824 79.6707 24.4985 55.1722 9.51171 51.3822 20.6904 16.1842 17.2077 9.81689 46.7455 10.3161 42.5555 90.3123 38.5565 7.39076 85.8088 31.7559 34.5627 30.5669 54.0529 27.0265 27.0265
internal_count=1091 456 635 623 132 423 491 469 418 141 277 51 257 120 94 100 57 234 60 213 401 193 43 381 141 173 153 240 120 120
is_linear=0
shrinkage=0.05


Tree=52
num_leaves=31
num_cat=0
split_feature=3 1 1 1 3 1 1 2 1 1 1 2 3 3 3 2 4 2 0 0 0 0 2 1 8 1 3 1 2 0
split_gain=46.4706 90.1214 4.07683 0.335527 0.20447 0.00932135 0.0712285 0.000131047 0.000123682 7.05916e-05 0.000211512 4.94383e-05 2.56905e-05 2.28729e-05 1.25849e-05 6.32982e-06 5.38686e-06 4.10133e-06 3.54934e-06 1.29462e-05 4.08476e-08 2.55386e-08 4.93472e-09 1.87586e-09 9.82716e-10 3.97538e-10 1.48503e-11 3.04468e-12 3.1168e-11 2.30926e-14
threshold=0.11277836960585665 364.00000000000006 417.50000000000006 343.50000000000006 0.089017473838194208 700.50000000000011 676.50000000000011 3734.5000000000005 317.00000000000006 1005.5000000000001 1003.0000000000001 3949.0000000000005 0.067487940812970951 0.033703706957892217 0.14131452864802432 6064.0000000000009 1.0000000180025095e-35 4757.5000000000009 52.440000000000005 63.354490000000006 59.125015000000012 44.082225000000008 5570.0000000000009 285.50000000000006 9.2380000000000049 715.50000000000011 0.16689594824667678 8.5000000000000018 3021.5000000000005 78.361500000000021
decision_type=2 2 2 2 2 2 2 2 2 2 2 2 2 2 2 2 2 2 2 2 2 2 2 2 2 2 2 2 2 2
left_child=1 3 -3 8 5 6 11 -2 23 10 12 -4 17 -13 -9 -15 -16 -7 21 -20 -18 -11 -22 27 -24 -26 -27 -1 -29 -28
right_child=7 2 4 -5 -6 9 -8 14 -10 18 -12 13 -14 15 16 -17 20 -19 19 -21 22 -23 24 -25 25 26 29 28 -30 -31
leaf_value=-0.038039204746475035 -0.038328635891618841 0.012574405780080917 0.04452601761910633 -0.019883149464565406 0.034662073620726111 0.044284338126482144 0.038517887598845189 -0.037952013337832824 -0.038391904481331812 0.044291725426533028 0.044683225212050641 0.044452353229236782 0.044437820972062461 0.044297870727341614 -0.038096154015801686 0.044363252035024864 -0.038043543046163579 0.044336043704318095 0.044384020451978368 0.044292256653115827 -0.038037431349597112 0.044287239040540619 -0.038039982613612321 -0.038037873088317825 -0.038038684501701531 -0.038039304234758806 -0.03803920300683894 -0.03803938984032966 -0.038039203312575737 -0.038039198928858757
leaf_weight=31.469177722930908 4.1775369942188254 12.058754175901411 6.5623915195465115 2.6634048968553534 6.2957906424999228 6.1985184848308661 6.2953065782785407 3.939604476094245 2.6089788526296607 6.4958999156951922 6.0096226930618277 5.9478355348110226 5.9416414201259604 6.2022210359573355 4.6367191523313513 9.1827997863292676 5.7977114915847769 10.059102535247801 5.929811596870425 10.92519089579582 4.1942561268806449 6.1993492841720581 3.9961578845977774 2.7529658973217002 3.9953314661979666 4.1955139487981823 19.578750222921375 2.6225090771913555 15.341220840811728 4.3952267169952384
leaf_count=240 20 35 22 16 19 21 21 20 19 22 20 20 20 21 23 31 29 34 20 37 21 21 20 21 20 21 98 20 117 22
internal_value=0.000146953 0.0135622 0.0400116 -0.0372136 0.0433793 0.0439762 0.0433219 -0.0380587 -0.0380559 0.0443635 0.0444201 0.044406 0.0443488 0.0443691 -0.0380381 0.0443369 -0.0380448 0.0443163 0.0443095 0.0443245 -0.0380396 0.0442895 -0.0380391 -0.0380391 -0.0380392 -0.0380392 -0.0380392 -0.0380392 -0.0380392 -0.0380392
internal_weight=226.669 167.762 110.304 57.4583 98.2455 91.9497 34.1906 58.9068 54.7949 57.7591 28.2089 27.8952 22.1993 21.3329 54.7293 15.385 50.7897 16.2576 29.5503 16.855 46.1529 12.6952 40.3552 52.1859 36.161 32.1648 28.1695 49.4329 17.9637 23.974
internal_count=1091 797 364 433 329 310 115 294 417 195 95 94 75 72 274 52 254 55 100 57 231 43 202 398 181 161 141 377 137 120
is_linear=0
shrinkage=0.05


Tree=53
num_leaves=31
num_cat=0
split_feature=3 2 3 3 1 1 1 4 1 3 0 2 1 1 1 1 0 0 2 7 1 0 3 1 2 7 0 2 0 0
split_gain=149.11 0.0833645 0.0101581 0.000446919 0.000254239 0.00262897 0.000561817 6.84259e-05 7.15355e-06 1.88552e-05 1.64425e-06 1.09591e-06 1.90755e-06 4.15719e-06 4.17163e-07 3.10967e-07 2.79828e-07 1.02369e-06 5.58838e-08 4.83753e-08 1.08402e-08 2.01798e-09 5.51132e-10 7.01093e-11 8.33737e-10 1.41398e-11 8.36309e-12 4.61853e-13 1.91847e-13 9.7522e-13
threshold=0.09969184575573993 3734.5000000000005 0.14131452864802432 0.086986916393657035 334.50000000000006 417.50000000000006 372.50000000000006 1.0000000180025095e-35 700.50000000000011 0.018542074366155962 54.414500000000004 6549.0000000000009 1005.5000000000001 1003.0000000000001 683.50000000000011 558.00000000000011 52.440000000000005 63.354490000000006 5423.5000000000009 18.264500000000005 300.50000000000006 44.082225000000008 0.15755055698466761 8.5000000000000018 3021.5000000000005 26.746000000000002 79.203000000000017 7061.5000000000009 61.268650000000008 56.578500000000012
decision_type=2 2 2 2 2 2 2 2 2 2 2 2 2 2 2 2 2 2 2 2 2 2 2 2 2 2 2 2 2 2
left_child=3 -2 -3 4 20 6 -6 -4 9 -7 15 12 13 19 -9 -11 21 -18 -16 -10 23 -14 -20 28 -25 -24 27 -27 29 -1
right_child=1 2 7 -5 5 8 -8 14 11 10 -12 -13 16 -15 18 -17 17 -19 22 -21 -22 -23 25 24 -26 26 -28 -29 -30 -31
leaf_value=-0.038039200479771468 0.038974655152589306 0.046199710388915148 0.044446875130341415 -0.038659086272605225 -0.038523127981609381 -0.038183054105815739 -0.039324235620523444 0.044303896969514998 -0.038044034005197992 -0.0380319531802061 -0.038074861788190063 -0.03806004285530884 -0.038039070584606788 -0.037973093115213324 0.04428761049768104 -0.038049783440133961 -0.038073047224207304 -0.038039242059981944 0.044292666654524832 -0.038035839583595028 -0.038035929546833186 -0.038037417747535357 0.044292135255062939 -0.038038246821377047 -0.038039204533406708 0.044292215503045462 0.044292263074749039 0.044292201400327032 -0.038039201085720155 -0.038039171754906259
leaf_weight=11.800930529832842 7.4691113531589499 7.7162833213806143 7.9483810663223258 3.9518446177244178 3.8310047388076764 3.4745866358280209 5.1046741753816605 7.8968313932418814 3.784768611192705 4.2925921380519885 6.2229699939489356 5.34661841392517 3.7818604111671474 3.4016383737325668 7.2047682404518119 5.6824198663234711 3.456382751464842 6.3605776280164719 7.2064529657363883 3.4362784624099731 2.7521099746227256 3.6090029180049896 6.8631203174591056 2.6220294833183315 17.045804023742676 6.863145798444747 6.8631609678268424 36.374650865793228 15.734576508402823 3.9336276054382315
leaf_count=90 21 22 23 21 26 20 29 23 22 25 36 31 22 20 21 33 20 37 21 20 21 21 20 20 130 20 20 106 120 30
internal_value=-0.000225275 0.0440607 0.0444609 -0.0381362 -0.0381184 -0.0381876 -0.0389808 0.044307 -0.0380535 -0.0380774 -0.0380547 -0.0380393 -0.0380353 -0.0380187 0.044293 -0.0380421 -0.0380456 -0.0380511 0.0442918 -0.0380401 -0.038039 -0.0380383 0.0442923 -0.0380392 -0.0380391 0.0442922 0.0442922 0.0442922 -0.0380392 -0.0380392
internal_weight=222.032 102.406 94.9368 119.626 115.674 61.7854 8.93568 87.2205 52.8497 19.6726 16.198 33.1771 27.8305 10.6227 79.2721 9.97501 17.2078 9.81696 71.3753 7.22105 53.8891 7.39086 64.1705 51.137 19.6678 56.9641 50.101 43.2378 31.4691 15.7346
internal_count=1091 297 276 794 773 362 55 254 307 114 94 193 162 62 231 58 100 57 208 42 411 43 187 390 150 166 146 126 240 120
is_linear=0
shrinkage=0.05


Tree=54
num_leaves=31
num_cat=0
split_feature=1 1 0 1 3 1 1 2 3 3 3 3 4 2 0 0 0 2 1 1 1 1 0 0 1 2 3 2 0 0
split_gain=126.69 4.52655 5.51553 0.132167 0.0213904 0.0761469 0.00243205 4.35555e-05 5.16866e-05 0.000210295 6.07034e-05 4.12108e-05 4.548e-06 2.31218e-06 6.86824e-07 2.35975e-07 7.89343e-07 1.02513e-07 4.0978e-08 3.70861e-08 3.19889e-08 1.65666e-08 1.22451e-08 1.02366e-09 1.26533e-10 1.3309e-09 3.91438e-11 7.33991e-12 2.4869e-13 1.24345e-12
threshold=414.00000000000006 350.50000000000006 52.905500000000011 438.00000000000006 0.0099647634353574616 1005.5000000000001 321.50000000000006 3682.0000000000005 0.09969184575573993 0.082773846981974 0.13824253337460482 0.086986916393657035 1.0000000180025095e-35 7854.5000000000009 55.278000000000006 58.102235 48.52150000000001 5243.5000000000009 602.00000000000011 683.50000000000011 288.50000000000006 746.50000000000011 79.79749000000001 68.52676000000001 8.5000000000000018 3021.5000000000005 0.1600873536118422 6560.0000000000009 61.268650000000008 56.578500000000012
decision_type=2 2 2 2 2 2 2 2 2 2 2 2 2 2 2 2 2 2 2 2 2 2 2 2 2 2 2 2 2 2
left_child=1 6 -3 -2 5 -5 20 11 9 13 -10 -6 -12 14 18 16 -7 -14 -9 -19 24 -20 26 -17 28 -26 -21 -28 29 -1
right_child=3 2 -4 4 7 15 -8 8 10 -11 12 -13 17 -15 -16 23 -18 19 21 22 -22 -23 -24 -25 25 -27 27 -29 -30 -31
leaf_value=0.043426084299430921 -0.026066535306877005 -0.020193043819247775 0.044516783640745627 -0.03095479010863917 -0.037750409584158026 -0.037715946146018801 0.044561127464959223 -0.0377127341968434 -0.037507168233932367 -0.038143386049610609 -0.037768973216742469 -0.037962560016623029 -0.037707969782528654 -0.037763988710818652 -0.037738506087178818 -0.037715011445415642 -0.03774708836595269 -0.037721100463182861 -0.037721481793828504 -0.037716365726005507 0.043421617020492381 -0.037716717856763553 -0.037713210161893308 -0.037716180989868175 0.043425139492962568 0.043426087367545434 -0.037716259675452141 -0.037716184996957267 0.04342608482845986 0.043426058990934727
leaf_weight=19.419930309057239 2.6381918936967841 6.5907348692417127 6.5811103284358978 5.5795101374387768 4.9144264161586744 5.3741795122623461 4.9891552776098242 3.5807497352361768 3.5815901830792418 3.6604758501052848 4.393337830901145 4.285013884305954 3.9689205884933463 4.7620806545019141 5.7218092679977408 3.2565438598394385 3.2744913697242737 3.7886510491371146 3.9122623652219772 3.7855306565761557 4.3145167380571356 3.4203907549381256 3.7834102362394324 4.3972363322973251 4.3153242617845562 26.109024435281754 3.7854611575603512 25.172987192869186 25.89324177801609 6.4733013510704032
leaf_count=90 13 20 22 32 30 33 22 22 20 21 23 22 21 29 35 20 20 20 24 20 20 21 20 27 20 121 20 133 120 30
internal_value=8.10665e-05 0.0395433 0.0121382 -0.037124 -0.0373931 -0.0359965 0.0434877 -0.0377464 -0.0377341 -0.0377932 -0.0377058 -0.0378492 -0.0377205 -0.0377333 -0.0377245 -0.0377221 -0.0377277 -0.0377156 -0.0377171 -0.0377164 0.0434258 -0.0377193 -0.0377159 -0.0377157 0.043426 0.043426 -0.0377162 -0.0377162 0.0434261 0.0434261
internal_weight=215.724 104.686 13.1718 111.037 108.399 21.882 91.5145 86.5171 77.3177 25.0578 52.2599 9.19944 48.6783 21.3973 16.6352 16.3025 8.64867 44.285 10.9134 40.316 86.5253 7.33265 36.5274 7.65378 82.2108 30.4243 32.744 28.9584 51.7865 25.8932
internal_count=1091 465 42 626 613 132 423 481 429 152 277 52 257 131 102 100 53 234 67 213 401 45 193 47 381 141 173 153 240 120
is_linear=0
shrinkage=0.05


Tree=55
num_leaves=31
num_cat=0
split_feature=3 1 1 1 3 1 3 2 1 1 1 2 3 3 7 7 4 2 0 0 0 0 2 1 8 1 3 1 2 0
split_gain=43.1929 82.9701 3.96388 0.341506 0.205258 0.00980575 0.0742109 0.000127524 9.97566e-05 6.48162e-05 0.000210033 4.69547e-05 2.02477e-05 1.21889e-05 5.74939e-06 8.44272e-06 4.39319e-06 3.24967e-06 2.87782e-06 9.62255e-06 3.35367e-08 1.16919e-08 4.09721e-09 1.4989e-09 8.11699e-10 3.46102e-10 1.20099e-11 2.32703e-12 2.44853e-11 2.66454e-14
threshold=0.11277836960585665 364.00000000000006 417.50000000000006 343.50000000000006 0.089017473838194208 700.50000000000011 0.018542074366155962 3734.5000000000005 317.00000000000006 1005.5000000000001 1003.0000000000001 3949.0000000000005 0.067487940812970951 0.14131452864802432 17.248000000000005 13.017975000000002 1.0000000180025095e-35 4757.5000000000009 58.102235 48.52150000000001 59.125015000000012 68.52676000000001 5570.0000000000009 285.50000000000006 9.2380000000000049 715.50000000000011 0.16689594824667678 8.5000000000000018 3021.5000000000005 78.361500000000021
decision_type=2 2 2 2 2 2 2 2 2 2 2 2 2 2 2 2 2 2 2 2 2 2 2 2 2 2 2 2 2 2
left_child=1 3 -3 8 5 6 -4 -2 23 10 12 -8 17 -9 15 -13 -15 -7 19 -11 -18 -20 -22 27 -24 -26 -27 -1 -29 -28
right_child=7 2 4 -5 -6 9 11 13 -10 18 -12 14 -14 16 -16 -17 20 -19 21 -21 22 -23 24 -25 25 26 29 28 -30 -31
leaf_value=-0.037716185516246066 -0.038008439399563179 0.012040320767175631 0.037278156151924924 -0.01915427180497447 0.033624575510633768 0.043418846139800078 0.043627009845320759 -0.037627490878701042 -0.03804155558193862 0.043425563710190733 0.043817500866332598 0.043452143877743335 0.043558120235038404 -0.037769019641240437 0.043434417546838792 0.043530926451140983 -0.037720222175958842 0.04346586713384621 0.04342312475276508 0.043508091722306443 -0.037714524164664837 0.043426123726366297 -0.037716910766893166 -0.037714962357320636 -0.037715687057241175 -0.037716278137009021 -0.037716184766873564 -0.037716353746894249 -0.037716183895935694 -0.037716180165558805
leaf_weight=29.813265860080719 3.9759091287851325 12.069087088108061 5.8108785152435294 2.5976227670907965 6.1271195709705344 5.9384850561618867 6.2864626348018673 3.7262464165687552 2.472695365548133 9.3352342545986193 5.7727571725845328 7.0819589793682116 5.694052428007125 4.3933731466531745 7.0752283930778495 6.5420467555522919 5.4927062839269629 9.6381562650203687 5.6569853723049146 5.6818096041679373 3.9735235869884482 7.6381464600563049 3.7858895212411872 2.6081004962325087 3.7850806117057827 3.9747465699911144 18.548514127731327 2.4845112264156368 14.533963859081267 4.1639487445354453
leaf_count=240 20 35 20 16 19 21 22 20 19 33 20 25 20 23 25 23 29 34 20 20 21 27 20 21 20 21 98 20 117 22
internal_value=0.000160657 0.0133111 0.0390199 -0.0368463 0.0424737 0.0430888 0.0424036 -0.0377355 -0.0377316 0.0434947 0.04355 0.0435073 0.0434774 -0.0377146 0.043471 0.04349 -0.0377214 0.0434479 0.0434418 0.0434568 -0.0377166 0.0434248 -0.037716 -0.0377161 -0.0377162 -0.0377161 -0.0377162 -0.0377162 -0.0377162 -0.0377162
internal_weight=216.679 160.859 106.348 54.5102 94.2793 88.1522 32.7966 55.8199 51.9125 55.3556 27.0435 26.9857 21.2707 51.844 20.6992 13.624 48.1178 15.5766 28.3122 15.017 43.7244 13.2951 38.2317 49.4398 34.2582 30.4723 26.6872 46.8317 17.0185 22.7125
internal_count=1091 797 364 433 329 310 115 294 417 195 95 95 75 274 73 48 254 55 100 53 231 47 202 398 181 161 141 377 137 120
is_linear=0
shrinkage=0.05


Tree=56
num_leaves=31
num_cat=0
split_feature=3 2 3 3 1 1 1 4 1 3 4 0 2 1 1 1 1 0 0 2 7 1 0 3 1 2 7 0 2 2
split_gain=138.168 0.0867104 0.0108184 0.000425842 0.000263613 0.00269348 0.000538581 5.39387e-05 7.4796e-06 1.8839e-05 1.4432e-06 2.13171e-06 9.14575e-07 1.65641e-06 3.61658e-06 4.32621e-07 3.29642e-07 2.35068e-07 7.84464e-07 4.3784e-08 4.08909e-08 2.60748e-08 8.93304e-10 4.37808e-10 5.53015e-11 6.71564e-10 1.59304e-11 9.93339e-12 3.69482e-13 1.91847e-13
threshold=0.09969184575573993 3734.5000000000005 0.14131452864802432 0.086986916393657035 334.50000000000006 417.50000000000006 372.50000000000006 1.0000000180025095e-35 700.50000000000011 0.018542074366155962 6.5000000000000009 55.130000000000003 6549.0000000000009 1005.5000000000001 1003.0000000000001 561.50000000000011 683.50000000000011 58.102235 48.52150000000001 5423.5000000000009 18.264500000000005 300.50000000000006 68.52676000000001 0.15755055698466761 8.5000000000000018 3021.5000000000005 26.746000000000002 79.203000000000017 7061.5000000000009 14835.000000000002
decision_type=2 2 2 2 2 2 2 2 2 2 2 2 2 2 2 2 2 2 2 2 2 2 2 2 2 2 2 2 2 2
left_child=3 -2 -3 4 21 6 -6 -4 9 -7 15 -12 13 14 20 -11 -9 18 -15 -18 -10 24 -19 -21 -1 -26 -25 28 -28 -30
right_child=1 2 7 -5 5 8 -8 16 12 10 11 -13 -14 17 -16 -17 19 22 -20 23 -22 -23 -24 26 25 -27 27 -29 29 -31
leaf_value=-0.037716178331700406 0.037902896902764376 0.045431743439138056 0.043566369538753966 -0.038339019749917019 -0.038230295060907797 -0.037864356669597067 -0.039030525157841417 0.043436709683394234 -0.037720586910012253 -0.037702144868189069 -0.037725976412660435 -0.037776603215038056 -0.037735484524326575 -0.037716027358973919 -0.037652647454193985 -0.037727610285541321 0.043421934961297828 -0.03771512351397327 -0.037747073119013659 0.043426509876633657 -0.037712846514310908 -0.037711002188689544 -0.037716216051175644 0.043426014289975036 -0.037715303167656991 -0.037716186252833003 0.043426099125073725 0.043426154364075029 0.043426088388927774 0.04342608000992626
leaf_weight=29.813224889338017 7.2025588154792777 7.4194569885730735 7.6174641251564017 3.7756713330745688 3.6681701838970167 3.3010539114475277 4.9265576303005219 7.5658971369266501 3.5856045633554512 3.2491078227758399 5.2203688621520978 3.4555935263633728 5.0655104368925086 5.3742552250623721 3.2208337932825089 3.426856055855751 6.9026112854480735 3.2566085010766974 3.274483859539032 6.9042913019657126 3.2553085833787918 2.6062893420457831 4.3972632884979248 6.5753422975540152 2.4840542450547245 16.148855045437813 6.5753720700740805 6.5753910541534415 25.643936008214951 9.2055126726627332
leaf_count=240 21 22 23 21 26 20 29 23 22 20 32 21 31 33 20 21 21 20 20 21 20 21 27 20 20 130 20 20 78 28
internal_value=-0.00024705 0.0431839 0.043602 -0.0378169 -0.037799 -0.0378712 -0.038689 0.0434395 -0.0377309 -0.037756 -0.0377327 -0.0377461 -0.037716 -0.0377123 -0.0376963 -0.0377152 0.0434268 -0.0377221 -0.0377278 0.0434257 -0.0377169 -0.0377159 -0.0377158 0.0434261 -0.0377161 -0.0377161 0.0434261 0.0434261 0.0434261 0.0434261
internal_weight=211.694 98.1878 90.9853 113.506 109.73 58.6776 8.59473 83.5658 50.0828 18.653 15.3519 8.67596 31.4299 26.3644 10.0617 6.67596 75.9484 16.3026 8.64874 68.3825 6.84091 51.0524 7.65387 61.4798 48.4461 18.6329 54.5756 48.0002 41.4248 34.8494
internal_count=1091 297 276 794 773 362 55 254 307 114 94 53 193 162 62 41 231 100 53 208 42 411 47 187 390 150 166 146 126 106
is_linear=0
shrinkage=0.05


Tree=57
num_leaves=31
num_cat=0
split_feature=1 1 1 3 1 1 1 2 3 3 3 3 4 2 7 7 0 0 2 1 1 0 0 1 2 3 2 0 0 0
split_gain=117.094 2.89646 2.1072 0.0228707 0.079912 0.00207997 6.12468e-05 4.38592e-05 4.3014e-05 0.000146461 5.33521e-05 4.25425e-05 3.72336e-06 2.00206e-06 4.01914e-07 1.07498e-06 1.94068e-07 6.91871e-07 9.90112e-08 3.08493e-08 2.81871e-08 1.29064e-08 1.77405e-09 1.00087e-10 1.04926e-09 3.13811e-11 6.72884e-12 2.77112e-13 1.13332e-12 4.60076e-13
threshold=401.50000000000006 350.50000000000006 417.50000000000006 0.0099647634353574616 1005.5000000000001 321.50000000000006 480.50000000000006 3682.0000000000005 0.09969184575573993 0.08207267417633847 0.13824253337460482 0.086986916393657035 1.0000000180025095e-35 7497.5000000000009 17.413240000000002 12.759905000000002 52.440000000000005 63.354490000000006 5243.5000000000009 683.50000000000011 288.50000000000006 79.79749000000001 44.082225000000008 8.5000000000000018 3021.5000000000005 0.1600873536118422 6560.0000000000009 61.268650000000008 56.578500000000012 48.864065000000004
decision_type=2 2 2 2 2 2 2 2 2 2 2 2 2 2 2 2 2 2 2 2 2 2 2 2 2 2 2 2 2 2
left_child=1 5 -2 4 -4 20 -5 11 9 13 -10 -8 -12 14 15 -9 22 -18 -14 -20 23 25 -6 27 -25 -21 -27 28 29 -1
right_child=2 -3 3 6 16 -7 7 8 10 -11 12 -13 18 -15 -16 -17 17 -19 19 21 -22 -23 -24 24 -26 26 -28 -29 -30 -31
leaf_value=0.042639469159702827 0.00045424072513962566 0.014527726750731343 -0.030318015831545326 -0.037657567095546129 -0.03741624978033601 0.043710905972770386 -0.037445744469627888 -0.037416248821701331 -0.037214559806181727 -0.037789335608614583 -0.037465433877997417 -0.03766880088471164 -0.037408089664554715 -0.037459646546225016 -0.037412621847535667 -0.037453803013895968 -0.037445790034453398 -0.037416444639352793 -0.037421011456551606 -0.037416607092408009 0.042635195006567636 -0.037413297580153659 -0.037414613269029527 0.042638622442624313 0.042639483042244596 -0.037416513629433636 -0.037416440146571632 0.042639481532947068 0.042639455561271924 0.042639485836962678
leaf_weight=6.1910466849803987 3.8772087693214408 10.186756625771521 5.3246845453977611 3.5363224744796744 3.3914687037467948 4.7896209061145774 4.4951946139335615 4.9330356270074898 3.3819032609462729 3.4517345726490012 4.1592785120010367 4.0758611261844635 3.7563483715057364 5.5951148420572272 4.9296080470085135 3.1049860864877701 3.1002530157566053 5.7040433138608932 3.5863713622093192 3.5833684504032162 4.1262944042682639 3.5810620039701453 3.2362947911024094 4.1271522641181972 24.970575943589211 3.5833036452531841 23.82863649725914 24.764200836420059 6.1910413205623618 12.382103204727171
leaf_count=30 12 33 32 22 22 22 29 32 20 21 23 22 21 36 32 20 20 37 20 20 20 20 21 20 121 20 133 120 30 60
internal_value=8.8365e-05 0.0397615 -0.0357401 -0.037085 -0.0355996 0.0426979 -0.0374539 -0.0374449 -0.0374321 -0.0374903 -0.0374062 -0.0375518 -0.0374203 -0.0374346 -0.0374239 -0.0374308 -0.0374219 -0.0374268 -0.0374158 -0.0374166 0.0426392 -0.0374161 -0.0374155 0.0426394 0.0426394 -0.0374165 -0.0374164 0.0426395 0.0426395 0.0426395
internal_weight=205.945 97.7288 108.216 104.339 20.7567 87.542 83.5821 80.0458 71.4748 22.0145 49.4603 8.57106 46.0784 18.5627 12.9676 8.03802 15.4321 8.8043 41.9191 38.1627 82.7524 34.5764 6.62776 78.6261 29.0977 30.9953 27.4119 49.5284 24.7642 18.5731
internal_count=1091 456 635 623 132 423 491 469 418 141 277 51 257 120 84 52 100 57 234 213 401 193 43 381 141 173 153 240 120 90
is_linear=0
shrinkage=0.05


Tree=58
num_leaves=31
num_cat=0
split_feature=3 1 1 1 3 0 7 2 1 1 1 2 1 3 3 2 4 2 3 0 0 0 2 1 8 1 3 1 2 0
split_gain=40.164 76.4654 3.85639 0.344533 0.206369 0.0103022 0.0921332 0.000123492 0.000117529 8.04771e-05 6.36555e-05 0.000483063 2.82372e-05 1.70737e-05 1.17523e-05 6.72507e-06 3.58319e-06 2.57618e-06 9.59158e-07 2.75109e-08 1.37438e-08 9.25351e-09 3.40328e-09 1.20518e-09 6.70969e-10 2.99874e-10 9.47686e-12 1.80123e-12 1.81792e-11 4.08562e-14
threshold=0.11277836960585665 364.00000000000006 417.50000000000006 343.50000000000006 0.089017473838194208 54.985000000000007 17.413240000000002 3734.5000000000005 700.50000000000011 317.00000000000006 1005.5000000000001 2599.5000000000005 1005.5000000000001 0.025818378904892473 0.14131452864802432 3857.0000000000005 1.0000000180025095e-35 7181.0000000000009 0.051804864718546069 59.125015000000012 45.890220000000006 68.52676000000001 5570.0000000000009 285.50000000000006 9.2380000000000049 715.50000000000011 0.16689594824667678 8.5000000000000018 3021.5000000000005 78.361500000000021
decision_type=2 2 2 2 2 2 2 2 2 2 2 2 2 2 2 2 2 2 2 2 2 2 2 2 2 2 2 2 2 2
left_child=1 3 -3 9 5 10 -7 -2 -8 23 11 -4 -10 -13 -9 -15 -16 18 -17 -18 -12 -14 -21 27 -24 -26 -27 -1 -29 -28
right_child=7 2 4 -5 -6 6 8 14 12 -11 20 13 21 15 16 17 19 -19 -20 22 -22 -23 24 -25 25 26 29 28 -30 -31
leaf_value=-0.037416440231856828 -0.037710958729949895 0.011555284331297279 0.043197843900981296 -0.018560542800172632 0.032653017421568627 0.035664091801549488 0.042910634919558627 -0.037326428582425568 0.042758722951797105 -0.037716762853117078 0.042639134202167688 0.042771770099785805 0.042636789703305887 0.042725860641257163 -0.037465478402016625 0.042635894764962268 -0.037420195167990472 0.042687141733962944 0.042662835970215182 -0.037414881952263078 0.042642433326350246 0.042639517831728674 -0.037417116036814572 -0.037415312785945995 -0.037415962549673366 -0.037416524546386873 -0.037416439574108791 -0.037416589660818268 -0.037416439235457857 -0.037416433864452738
leaf_weight=28.22110278904438 3.7818837612867346 12.070130765438078 5.58499452471733 2.5441468060016623 5.9581230580806723 5.4691052287816992 7.9642288684844997 3.5211185514926902 7.8996799588203457 2.3414643406867972 7.5754774212837201 5.7256272137165096 5.4102874100208265 5.4375948309898403 4.1593120694160453 6.2214777469635028 5.1994341611862174 7.3258908689022055 7.044213742017746 3.7612924426794043 5.4121264219284058 7.3050954043865204 3.5837147682905188 2.4688129276037207 3.5829257071018246 3.7624781280756023 17.557940185070041 2.3518261387944248 13.757784470915793 3.9415746182203284
leaf_count=240 20 35 20 16 19 20 29 20 29 19 28 21 20 20 23 23 29 27 26 21 20 27 20 21 20 21 98 20 117 22
internal_value=0.000175962 0.0130765 0.0380996 -0.0365018 0.0416464 0.0422814 0.0416097 -0.0374357 0.0427475 -0.0374307 0.0427359 0.042769 0.0426845 0.0426936 -0.0374144 0.0426764 -0.0374212 0.0426633 0.0426502 -0.0374168 0.0426405 0.0426384 -0.0374163 -0.0374164 -0.0374165 -0.0374164 -0.0374165 -0.0374164 -0.0374165 -0.0374164
internal_weight=206.941 154.089 102.404 51.6851 90.3339 84.3758 34.0484 52.8517 28.5793 49.141 50.3274 37.3398 20.6151 31.7548 49.0698 26.0292 45.5487 20.5916 13.2657 41.3894 12.9876 12.7154 36.1899 46.7995 32.4286 28.8449 25.262 44.3307 16.1096 21.4995
internal_count=1091 797 364 433 329 310 125 294 105 417 185 137 76 117 274 96 254 76 49 231 48 47 202 398 181 161 141 377 137 120
is_linear=0
shrinkage=0.05


Tree=59
num_leaves=31
num_cat=0
split_feature=3 2 3 3 1 1 1 4 10 2 2 4 1 1 2 1 7 0 0 1 2 0 3 1 2 7 0 2 1 2
split_gain=128.139 0.090406 0.0114712 0.000421764 0.000279161 0.00273863 0.000477022 4.26407e-05 7.94356e-06 1.6915e-05 3.89208e-06 1.64183e-06 1.22109e-06 3.57939e-06 1.0566e-06 2.6128e-07 2.15725e-07 1.92727e-07 6.92107e-07 4.20171e-08 3.4384e-08 1.77591e-09 3.50958e-10 4.3137e-11 5.45537e-10 1.71383e-11 1.06013e-11 3.23297e-13 3.05533e-13 1.77636e-13
threshold=0.09969184575573993 3734.5000000000005 0.14131452864802432 0.089017473838194208 334.50000000000006 417.50000000000006 375.50000000000006 1.0000000180025095e-35 656.50000000000011 3070.5000000000005 7854.5000000000009 7.5000000000000009 1005.5000000000001 1003.0000000000001 5011.5000000000009 683.50000000000011 15.840000000000002 52.440000000000005 63.354490000000006 300.50000000000006 5423.5000000000009 44.082225000000008 0.15755055698466761 8.5000000000000018 3021.5000000000005 26.746000000000002 79.203000000000017 7061.5000000000009 272.50000000000006 14835.000000000002
decision_type=2 2 2 2 2 2 2 2 2 2 2 2 2 2 2 2 2 2 2 2 2 2 2 2 2 2 2 2 2 2
left_child=3 -2 -3 4 19 6 -6 -4 9 -7 11 16 13 -10 -13 -9 -11 21 -19 23 -17 -14 -22 -1 -25 -24 27 -27 -26 -29
right_child=1 2 7 -5 5 8 -8 15 12 10 -12 14 17 -15 -16 20 -18 18 -20 -21 22 -23 25 24 28 26 -28 29 -30 -31
leaf_value=-0.037416432979495436 0.036891786311840903 0.044745657470109716 0.042767010218413892 -0.038094444025824709 -0.038012484339936099 -0.037557432545770632 -0.038774007339281436 0.042649156111755397 -0.037425249352547076 -0.037419112873487863 -0.03748429402086103 -0.037460419366184293 -0.037416323425245868 -0.037355475974813653 -0.037427739984171718 0.042635721784167871 -0.03740201467424057 -0.037445827166186038 -0.03741647687063316 -0.037409695062206406 0.042639870881081648 -0.037414686069308326 0.042639406572980848 -0.037415624292049164 -0.037416439255901886 0.042639495513075942 0.042639554904175737 0.042639485210043848 -0.037416458466122314 0.042639477023252964
leaf_weight=28.221064202487469 6.9364599883556357 7.1235518753528586 7.287387639284133 3.1164241880178443 3.8395608738064748 3.4436716288328197 4.4280191659927368 7.2361569404602042 4.6325614452362087 3.5475105643272462 3.7467845976352683 4.1960704326629621 3.3915152549743643 3.0471469163894653 6.0249778032302856 6.601582169532775 3.8433682918548584 3.1002772003412229 5.7040790617465973 2.4661517143249503 6.6032454669475547 3.2363403886556625 6.2886284589767447 2.3513912335038212 12.81708128005266 6.2886621356010428 6.2886851429939261 24.525765955448151 2.4693552404642096 8.8041182756423932
leaf_count=240 21 22 23 18 28 22 27 23 30 23 24 27 22 20 39 21 25 20 37 21 21 21 20 20 109 20 20 78 21 28
internal_value=-0.000270883 0.0423853 0.0428231 -0.0375213 -0.0375042 -0.03758 -0.0384203 0.0426517 -0.0374349 -0.0374546 -0.037438 -0.0374282 -0.0374139 -0.0373976 -0.0374412 0.0426401 -0.0374102 -0.037422 -0.0374268 -0.0374161 0.0426391 -0.0374155 0.0426395 -0.0374164 -0.0374163 0.0426395 0.0426395 0.0426395 -0.0374164 0.0426395
internal_weight=201.608 93.9842 87.0478 107.623 104.507 56.1819 8.26758 79.9242 47.9143 24.8024 21.3587 17.6119 23.1119 7.67971 10.221 72.6368 7.39088 15.4322 8.80436 48.325 65.4007 6.62786 58.7991 45.8589 17.6378 52.1959 45.9072 39.6185 15.2864 33.3299
internal_count=1091 297 276 794 776 365 55 254 310 160 138 114 150 50 66 231 48 100 57 411 208 43 187 390 150 166 146 126 130 106
is_linear=0
shrinkage=0.05


Tree=60
num_leaves=31
num_cat=0
split_feature=1 1 0 1 3 1 1 2 3 3 3 3 4 2 0 0 0 2 1 1 1 0 1 0 1 2 3 2 0 0
split_gain=108.282 4.34189 5.18941 0.140358 0.0239693 0.0842955 0.00178526 4.26594e-05 4.71453e-05 0.000193161 4.68657e-05 4.11238e-05 3.04936e-06 1.85939e-06 7.89191e-07 2.42372e-07 8.13825e-07 9.51631e-08 3.09861e-08 2.56829e-08 2.45508e-08 1.33738e-08 1.12809e-08 7.52914e-10 7.7705e-11 8.35357e-10 2.57216e-11 6.10001e-12 1.7053e-13 9.23706e-13
threshold=414.00000000000006 350.50000000000006 52.905500000000011 438.00000000000006 0.0099647634353574616 1005.5000000000001 321.50000000000006 3682.0000000000005 0.09969184575573993 0.082773846981974 0.13824253337460482 0.086986916393657035 1.0000000180025095e-35 7854.5000000000009 55.278000000000006 58.102235 48.52150000000001 5243.5000000000009 602.00000000000011 683.50000000000011 288.50000000000006 79.79749000000001 746.50000000000011 68.52676000000001 8.5000000000000018 3021.5000000000005 0.1600873536118422 6560.0000000000009 61.268650000000008 56.578500000000012
decision_type=2 2 2 2 2 2 2 2 2 2 2 2 2 2 2 2 2 2 2 2 2 2 2 2 2 2 2 2 2 2
left_child=1 6 -3 -2 5 -5 20 11 9 13 -10 -6 -12 14 18 16 -7 -14 -9 -19 24 26 -20 -17 28 -26 -21 -28 29 -1
right_child=3 2 -4 4 7 15 -8 8 10 -11 12 -13 17 -15 -16 23 -18 19 22 21 -22 -23 -24 -25 25 -27 27 -29 -30 -31
leaf_value=0.041923509685684091 -0.024699716720004428 -0.020472834571767747 0.042399373560456366 -0.029662738812663826 -0.037172302936876983 -0.037137955748896584 0.042937506914363772 -0.037134544631968462 -0.036943159632489675 -0.037568380207310723 -0.037183654996185325 -0.037395623007356008 -0.037129696842416869 -0.037184340071346175 -0.03716279406899755 -0.037137096622316068 -0.037171359102050418 -0.037142414799006665 -0.037142479719926784 -0.037138317341592113 0.041919418862000679 -0.037134869362940109 -0.037138325085091024 -0.037138156651716145 0.04192272727839904 0.041923513105554942 -0.037138233419473442 -0.03713816148250039 0.041923510011090383 0.041923486871034914
leaf_weight=17.734798640012745 2.4679443687200537 6.5461615025997144 6.5819964110851288 5.0726606547832516 4.4048485308885557 4.8117670267820341 4.5907719582319251 3.2055374383926445 3.1908599957823744 3.3192219585180274 3.9346087127923957 3.8749613910913467 3.5523730367422095 4.2689533978700629 5.1290202736854544 2.9156982451677322 2.93607197701931 3.3922635763883582 3.5027558505535126 3.3893795013427761 3.9399570971727362 3.386894926428794 3.062266081571579 3.9370664358139038 3.9408548176288631 23.843459501862526 3.3893192112445858 22.538639158010483 23.646399170160294 5.9115909039974204
leaf_count=90 13 20 22 32 30 33 22 22 20 21 23 22 21 29 35 20 20 20 24 20 20 20 21 27 20 121 20 133 120 30
internal_value=9.60502e-05 0.0377814 0.0110491 -0.0364752 -0.0367741 -0.0352154 0.041979 -0.0371696 -0.0371567 -0.0372162 -0.0371281 -0.0372768 -0.0371417 -0.0371552 -0.0371469 -0.0371446 -0.0371506 -0.0371375 -0.0371386 -0.0371383 0.0419233 -0.0371378 -0.0371405 -0.0371377 0.0419235 0.0419234 -0.0371382 -0.0371382 0.0419235 0.0419235
internal_weight=196.419 96.736 13.1282 99.6831 97.2152 19.6733 83.6078 77.5419 69.2621 22.4878 46.7743 8.27981 43.5835 19.1685 14.8996 14.6006 7.74784 39.6489 9.77056 36.0965 79.0171 32.7042 6.56502 6.85276 75.0771 27.7843 29.3173 25.928 47.2928 23.6464
internal_count=1091 465 42 626 613 132 423 481 429 152 277 52 257 131 102 100 53 234 67 213 401 193 45 47 381 141 173 153 240 120
is_linear=0
shrinkage=0.05


Tree=61
num_leaves=31
num_cat=0
split_feature=3 1 1 1 3 1 3 2 1 1 1 2 3 3 7 7 4 0 0 2 0 0 2 1 8 1 3 1 2 0
split_gain=37.3596 70.4831 3.76622 0.351275 0.207912 0.0109587 0.0819191 0.000119084 6.49423e-05 5.33358e-05 0.000199894 3.73002e-05 1.20332e-05 1.12811e-05 5.03029e-06 8.37651e-06 2.92248e-06 2.78646e-06 9.35685e-06 2.77517e-06 2.25753e-08 8.14922e-09 2.82193e-09 9.66637e-10 5.55158e-10 2.58522e-10 7.86926e-12 1.38556e-12 1.38201e-11 4.44089e-14
threshold=0.11277836960585665 364.00000000000006 417.50000000000006 343.50000000000006 0.089017473838194208 700.50000000000011 0.018542074366155962 3734.5000000000005 317.00000000000006 1005.5000000000001 1003.0000000000001 3949.0000000000005 0.067487940812970951 0.14131452864802432 17.248000000000005 13.017975000000002 1.0000000180025095e-35 58.102235 48.52150000000001 4757.5000000000009 59.125015000000012 68.52676000000001 5570.0000000000009 285.50000000000006 9.2380000000000049 715.50000000000011 0.16689594824667678 8.5000000000000018 3021.5000000000005 78.361500000000021
decision_type=2 2 2 2 2 2 2 2 2 2 2 2 2 2 2 2 2 2 2 2 2 2 2 2 2 2 2 2 2 2
left_child=1 3 -3 8 5 6 -4 -2 23 10 12 -8 19 -9 15 -13 -15 18 -11 -7 -18 -19 -22 27 -24 -26 -27 -1 -29 -28
right_child=7 2 4 -5 -6 9 11 13 -10 17 -12 14 -14 16 -16 -17 20 21 -20 -21 22 -23 24 -25 25 26 29 28 -30 -31
leaf_value=-0.037138162613077605 -0.037434458722004474 0.011073941820166274 0.035183116409930014 -0.017848006305078573 0.031730465733626458 0.041916385435429575 0.042113337429014235 -0.037047023362901471 -0.037415519342362209 0.04192307854459261 0.042314666839811756 0.041947086062018829 0.042033387538683402 -0.037183695208218563 0.041932158818900021 0.042029163457168631 -0.037141657590452265 0.04192092258161137 0.042008200953674871 0.041961852919360706 -0.037136701797905111 0.041923542581059368 -0.037138792900993721 -0.037137124247417684 -0.037137705754686293 -0.037138240993776592 -0.037138161512168359 -0.037138296675778178 -0.037138161814818292 -0.037138155421268214
leaf_weight=26.693312346935272 3.595542684197425 12.076237767934797 5.3621116429567364 2.482679769396781 5.7882048189640036 5.4226095378398957 5.7537904381752041 3.3243174701929084 2.2153762504458419 8.5251672863960284 5.3027780055999747 6.468913286924364 5.2026310265064231 3.9346407651901236 6.4621670246124259 5.9841078817844391 4.9180113077163687 5.1660025119781476 5.1960157454013816 8.8061836659908277 3.5576452314853659 6.9753602743148804 3.3897129148244884 2.3351575136184684 3.3889456838369396 3.5587916672229793 16.607415407896045 2.2245057076215735 13.012986928224562 3.7281912118196479
leaf_count=240 20 35 20 16 19 21 22 20 19 33 20 25 20 23 25 23 29 20 20 34 21 27 20 21 20 21 98 20 117 22
internal_value=0.000190508 0.0128553 0.0372288 -0.0361726 0.0408839 0.041541 0.0407844 -0.0371572 -0.0371513 0.0419901 0.0420426 0.0420019 0.0419683 -0.0371358 0.041968 0.0419865 -0.0371426 0.0419399 0.0419553 0.0419445 -0.0371385 0.0419224 -0.037138 -0.0371381 -0.0371382 -0.0371381 -0.0371382 -0.0371382 -0.0371382 -0.0371382
internal_weight=197.46 147.456 98.4923 48.964 86.416 80.6278 30.0311 50.0032 46.4813 50.5967 24.7342 24.669 19.4314 46.4077 18.9152 12.453 43.0834 25.8625 13.7212 14.2288 39.1487 12.1414 34.2307 44.266 30.6731 27.2833 23.8944 41.9308 15.2375 20.3356
internal_count=1091 797 364 433 329 310 115 294 417 195 95 95 75 274 73 48 254 100 53 55 231 47 202 398 181 161 141 377 137 120
is_linear=0
shrinkage=0.05


Tree=62
num_leaves=31
num_cat=0
split_feature=3 2 3 3 1 1 1 4 10 2 2 4 1 1 2 0 0 1 7 1 2 0 3 1 2 7 0 1 2 0
split_gain=118.923 0.0944424 0.0121164 0.000402754 0.000283404 0.0027532 0.000453647 3.37983e-05 7.02322e-06 1.46185e-05 3.24769e-06 1.64101e-06 1.14818e-06 3.15398e-06 1.03752e-06 2.41564e-07 8.09882e-07 2.07628e-07 1.83069e-07 5.61491e-08 2.70025e-08 6.65047e-10 2.82789e-10 3.41025e-11 4.41858e-10 1.69038e-11 1.17737e-11 4.74287e-13 3.37508e-13 1.45661e-13
threshold=0.09969184575573993 3734.5000000000005 0.14131452864802432 0.089017473838194208 334.50000000000006 417.50000000000006 375.50000000000006 1.0000000180025095e-35 656.50000000000011 3070.5000000000005 7854.5000000000009 7.5000000000000009 1005.5000000000001 1003.0000000000001 5011.5000000000009 58.102235 48.52150000000001 683.50000000000011 15.840000000000002 300.50000000000006 5423.5000000000009 68.52676000000001 0.15755055698466761 8.5000000000000018 3021.5000000000005 26.746000000000002 79.203000000000017 272.50000000000006 7061.5000000000009 70.071180000000012
decision_type=2 2 2 2 2 2 2 2 2 2 2 2 2 2 2 2 2 2 2 2 2 2 2 2 2 2 2 2 2 2
left_child=3 -2 -3 4 19 6 -6 -4 9 -7 11 18 13 -10 -13 16 -14 -9 -11 23 -19 -17 -22 -1 -25 -24 28 -26 -27 -30
right_child=1 2 7 -5 5 8 -8 17 12 10 -12 14 15 -15 -16 21 -18 20 -20 -21 22 -23 25 24 27 26 -28 -29 29 -31
leaf_value=-0.03713815601820826 0.035932627392233997 0.044132742923465189 0.042039690860703492 -0.037819181070797209 -0.037758440898067902 -0.037274130781170388 -0.038516000176360143 0.041932338340344828 -0.037146989408812205 -0.037140773023599354 -0.037203504137049065 -0.037183761153875228 -0.037138024489428566 -0.037079635658165071 -0.03715047724788071 -0.037137192769128642 -0.037171346765340278 0.041920101164780718 -0.037124577402336906 -0.037130156245876594 0.041923867966283612 -0.037138189019240229 0.041923433883219813 -0.037137408796988153 -0.037138161836910412 0.041923523821528787 0.041923588379317034 -0.037138186445837933 0.041923507270135586 0.041923514059283615
leaf_weight=26.693275488913059 6.6725086867809287 6.8304394781589499 6.9602704346179953 2.9783034622669211 3.6759722754359236 3.2615765780210522 4.2736455053091049 6.9096747040748587 4.3824155777692821 3.355572357773787 3.5461947768926612 3.973081246018408 4.8118353486061078 2.8805565536022186 5.7010082006454468 2.9157567918300629 2.9360649138689041 6.3035590946674338 3.6350254416465759 2.3317480310797682 6.3051957786083213 3.9370907098054886 6.0047691762447348 2.2240923345088985 12.123210065066813 6.0048063397407523 6.0048334896564475 2.335676208138465 14.411519408226015 17.413927465677261
leaf_count=240 21 22 23 18 28 22 27 23 30 23 24 27 33 20 39 20 20 21 25 21 21 27 20 20 109 20 20 21 48 58
internal_value=-0.000294503 0.0416559 0.0421152 -0.0372463 -0.0372291 -0.0373074 -0.0381657 0.0419347 -0.0371569 -0.0371759 -0.0371601 -0.0371508 -0.0371365 -0.0371203 -0.0371641 -0.0371446 -0.0371507 0.0419241 -0.0371324 -0.0371377 0.0419232 -0.0371378 0.0419236 -0.0371381 -0.0371381 0.0419235 0.0419235 -0.0371382 0.0419235 0.0419235
internal_weight=191.794 89.8215 83.149 101.972 98.9938 53.2858 7.94962 76.3186 45.3362 23.4725 20.2109 16.6647 21.8637 7.26297 9.67409 14.6007 7.7479 69.3583 6.9906 45.708 62.4486 6.85285 56.1451 43.3763 16.683 49.8399 43.8351 14.4589 37.8303 31.8254
internal_count=1091 297 276 794 776 365 55 254 310 160 138 114 150 50 66 100 53 231 48 411 208 47 187 390 150 166 146 130 126 106
is_linear=0
shrinkage=0.05


Tree=63
num_leaves=31
num_cat=0
split_feature=1 1 1 3 1 1 1 2 3 3 3 3 4 2 0 0 0 3 1 1 7 2 0 1 2 0 3 0 0 0
split_gain=100.176 2.81126 2.01686 0.0256458 0.0884858 0.00153876 5.88249e-05 4.23851e-05 4.16396e-05 3.87979e-05 0.000133089 4.11581e-05 2.49833e-06 1.63559e-06 4.31961e-07 1.97989e-07 6.64702e-07 9.53266e-08 2.11805e-08 1.2336e-08 8.87519e-09 6.55317e-09 6.12457e-10 6.42473e-11 6.60087e-10 3.91687e-12 3.6593e-13 1.3145e-13 6.75016e-13 2.02505e-13
threshold=401.50000000000006 350.50000000000006 417.50000000000006 0.0099647634353574616 1005.5000000000001 321.50000000000006 480.50000000000006 3682.0000000000005 0.086986916393657035 0.09969184575573993 0.08207267417633847 0.13824253337460482 1.0000000180025095e-35 7497.5000000000009 55.505500000000005 58.102235 48.52150000000001 0.14848215025473857 288.50000000000006 686.50000000000011 12.873500000000002 5470.5000000000009 68.52676000000001 8.5000000000000018 3021.5000000000005 79.203000000000017 0.1692635276531009 61.268650000000008 56.578500000000012 48.864065000000004
decision_type=2 2 2 2 2 2 2 2 2 2 2 2 2 2 2 2 2 2 2 2 2 2 2 2 2 2 2 2 2 2
left_child=1 5 -2 4 -4 18 -5 8 -8 10 13 -11 -13 14 20 16 -6 -14 23 -19 -9 -21 -17 27 -25 26 -23 28 29 -1
right_child=2 -3 3 6 15 -7 7 9 -10 11 -12 12 17 -15 -16 22 -18 19 -20 21 -22 25 -24 24 -26 -27 -28 -29 -30 -31
leaf_value=0.041270502263316897 0.00031140848913450688 0.0133575824056682 -0.029027706733442911 -0.03712866309330682 -0.036879510895366757 0.042232864111951825 -0.036908787893032959 -0.036879349609981148 -0.03714148636107184 -0.036691305087887982 -0.037253733701829189 -0.036921964184321338 -0.036870742108080036 -0.036921743637474462 -0.036901168796039337 -0.036878712957104667 -0.036910561445122475 -0.036882722991123718 0.041266619659539511 -0.036877322876894568 -0.036882820606096232 -0.036879719908338 -0.036879696347823031 0.041269795644252816 0.041270511031396145 -0.036879760614442494 -0.036879701821558156 0.041270510359812412 0.041270489989510231 0.041270513844750889
leaf_weight=5.63643246889115 3.8740670979022971 10.127953961491583 4.8387045338749912 3.1897339075803748 4.547986298799513 4.3938966542482367 4.0225638449192038 4.6856256574392372 3.6823389828205109 3.0083908811211577 3.1210647821426383 3.719355881214141 3.1968054175376883 5.0082847625017157 3.8773187398910522 2.7558537125587463 2.7753562927246094 3.2056598812341681 3.7564886659383765 3.2017303407192257 3.0342591106891632 3.2034843266010347 3.7212386131286621 3.7574159055948284 22.73363234102726 3.5238654017448416 21.142910242080688 22.545744299888611 5.6364271044731131 11.272874772548674
leaf_count=30 12 33 32 22 33 22 29 34 22 20 21 23 20 36 28 20 20 20 20 20 22 20 27 20 121 22 132 120 30 60
internal_value=0.000103919 0.0381714 -0.0350399 -0.0365052 -0.0348457 0.0413233 -0.0369186 -0.0369092 -0.03702 -0.0368959 -0.0369542 -0.0368698 -0.0368829 -0.0368979 -0.0368876 -0.0368856 -0.0368913 -0.036879 0.0412703 -0.0368798 -0.0368807 -0.0368795 -0.0368793 0.0412705 0.0412704 -0.0368797 -0.0368797 0.0412705 0.0412705 0.0412705
internal_weight=187.197 89.8609 97.3366 93.4625 18.6391 79.7329 74.8234 71.6337 7.7049 63.9288 19.7266 44.2022 41.1938 16.6055 11.5972 13.8004 7.32334 37.4745 75.339 34.2777 7.71988 31.072 6.47709 71.5825 26.491 27.8703 24.3464 45.0915 22.5457 16.9093
internal_count=1091 456 635 623 132 423 491 469 51 418 141 277 257 120 84 100 53 234 401 214 56 194 47 381 141 174 152 240 120 90
is_linear=0
shrinkage=0.05


Tree=64
num_leaves=31
num_cat=0
split_feature=3 1 1 1 3 1 1 2 1 1 1 3 2 3 3 3 4 2 0 0 0 0 2 1 8 1 3 1 2 0
split_gain=34.7645 65.0294 3.67619 0.354629 0.209599 0.011486 0.0958361 0.000114416 5.24146e-05 4.93962e-05 0.000195281 4.05716e-05 1.99541e-05 1.07831e-05 9.59832e-06 3.54637e-06 2.38405e-06 2.22291e-06 2.21718e-06 7.44458e-06 1.85249e-08 6.48324e-09 2.33529e-09 7.73497e-10 4.5838e-10 2.21574e-10 6.56009e-12 1.03029e-12 1.12497e-11 3.37508e-14
threshold=0.11277836960585665 364.00000000000006 417.50000000000006 343.50000000000006 0.089017473838194208 700.50000000000011 683.50000000000011 3734.5000000000005 317.00000000000006 1005.5000000000001 1003.0000000000001 0.03260638443436626 4088.0000000000005 0.14131452864802432 0.067487940812970951 0.049741196374967718 1.0000000180025095e-35 4757.5000000000009 58.102235 48.52150000000001 59.125015000000012 68.52676000000001 5570.0000000000009 285.50000000000006 9.2380000000000049 715.50000000000011 0.16689594824667678 8.5000000000000018 3021.5000000000005 78.361500000000021
decision_type=2 2 2 2 2 2 2 2 2 2 2 2 2 2 2 2 2 2 2 2 2 2 2 2 2 2 2 2 2 2
left_child=1 3 -3 8 5 6 11 -2 23 10 14 -4 -13 -9 17 -14 -15 -7 19 -11 -18 -20 -22 27 -24 -26 -27 -1 -29 -28
right_child=7 2 4 -5 -6 9 -8 13 -10 18 -12 12 15 16 -16 -17 20 -19 21 -21 22 -23 24 -25 25 26 29 28 -30 -31
leaf_value=-0.036879701059325615 -0.037177352884248609 0.010641110018203601 0.041494803931218766 -0.017283171735324 0.030861685513925947 0.041263846082343167 0.03366745372701014 -0.036787619629674306 -0.03713596702821597 0.041270116000410424 0.041661534308924594 0.041425453246919125 0.041275796199645512 -0.036921999805235327 0.041370910494818773 0.041328704425259655 -0.036882956962130231 0.041305520018910649 0.041268147383433297 0.041347870562989428 -0.036878334098407788 0.041270540643879368 -0.036880290122047625 -0.036878745426912309 -0.036879266828791675 -0.036879775603486695 -0.036879700929344193 -0.036879824712232494 -0.036879699557329587 -0.036879695449282011
leaf_weight=25.229998633265495 3.4169057160615912 12.070189386606215 5.5104315280914369 2.4334882646799079 5.6201280355453482 5.1700660139322343 4.8533797562122336 3.1358712166547766 2.0944665595889083 8.1283439993858355 5.0725355446338645 4.9818084836006191 5.1747674047946921 3.7193862646818152 4.9615452140569678 8.1640069186687452 4.6484582722187033 8.3969396948814374 4.9255171716213209 4.9550226777791968 3.3625953793525687 6.6506825089454651 3.2038975656032589 2.2071432992815962 3.2031535506248501 3.3637012094259289 15.697005331516268 2.1025586053729048 12.299621790647505 3.5238132029771796
leaf_count=240 20 35 22 16 19 21 19 20 19 33 20 20 21 23 20 33 29 34 20 20 21 27 20 21 20 21 98 20 117 22
internal_value=0.000206783 0.0126473 0.0364152 -0.0358628 0.0401831 0.040864 0.0400716 -0.0368987 -0.0368919 0.0413349 0.0413867 0.0413758 0.0413401 -0.036877 0.0413114 0.0413082 -0.0368838 0.0412896 0.0412855 0.0412996 -0.03688 0.0412695 -0.0368796 -0.0368797 -0.0368797 -0.0368797 -0.0368797 -0.0368797 -0.0368797 -0.0368797
internal_weight=188.277 141.003 94.6354 46.3673 82.5652 76.945 28.6844 47.2748 43.9338 48.2607 23.6011 23.831 18.3206 43.8579 18.5286 13.3388 40.722 13.567 24.6596 13.0834 37.0026 11.5762 32.3542 41.8393 28.9916 25.7877 22.5845 39.6322 14.4022 19.2208
internal_count=1091 797 364 433 329 310 115 294 417 195 95 96 74 274 75 54 254 55 100 53 231 47 202 398 181 161 141 377 137 120
is_linear=0
shrinkage=0.05


Tree=65
num_leaves=31
num_cat=0
split_feature=3 4 3 2 3 1 1 1 10 3 2 2 3 1 1 7 7 0 0 1 1 0 2 1 2 7 0 1 7 1
split_gain=110.451 0.0973486 0.0138425 0.000581985 0.000396336 0.000288251 0.00277905 0.000409029 6.72981e-06 1.58308e-05 2.20022e-06 1.94608e-06 1.2961e-06 9.93034e-07 2.70486e-06 7.08897e-07 1.11953e-06 1.97355e-07 6.61532e-07 1.22287e-07 6.72623e-08 5.4068e-10 1.53022e-10 2.75833e-11 3.56044e-10 1.37703e-11 6.45173e-12 7.56728e-13 8.40217e-13 6.26166e-13
threshold=0.09969184575573993 1.0000000180025095e-35 0.13824253337460482 4329.5000000000009 0.089017473838194208 334.50000000000006 417.50000000000006 375.50000000000006 656.50000000000011 0.018542074366155962 3682.0000000000005 7898.5000000000009 0.14848215025473857 1005.5000000000001 1003.0000000000001 16.761500000000005 13.881500000000001 58.102235 48.52150000000001 686.50000000000011 300.50000000000006 68.52676000000001 5613.5000000000009 8.5000000000000018 3021.5000000000005 27.276000000000003 79.203000000000017 867.00000000000011 34.644500000000008 272.50000000000006
decision_type=2 2 2 2 2 2 2 2 2 2 2 2 2 2 2 2 2 2 2 2 2 2 2 2 2 2 2 2 2 2
left_child=4 -2 -3 -4 5 20 7 -7 9 -8 -11 15 -5 14 -10 16 -12 18 -15 -14 23 -19 -21 -1 -25 -24 27 28 -27 -26
right_child=1 2 3 12 -6 6 8 -9 13 10 11 -13 19 17 -16 -17 -18 21 -20 22 -22 -23 25 24 29 26 -28 -29 -30 -31
leaf_value=-0.036879695395776083 0.035594430661896347 0.043703607831336609 0.041785856672816722 0.041246353629957225 -0.037572619882217953 -0.037537895653390427 -0.037017316067678906 -0.038271570011571311 -0.036887858751254499 -0.036936478273786093 -0.036878683910685932 -0.036929612824476085 0.041278224162528181 -0.036879574130782099 -0.036823691153310724 -0.036868690576762252 -0.036918318808608151 -0.036878801397889516 -0.036910550478147834 0.041270786357572899 -0.036870694750453674 -0.0368797253626773 0.041270450433326389 -0.036879005311982314 -0.03687969958117273 0.041270511617090749 0.041270573610654775 0.041270510091197282 0.041270535529219637 -0.036879728674286072
leaf_weight=25.229963608086109 7.6218646466732016 6.6100254952907553 5.9426154494285575 5.7143075764179221 2.849351540207862 3.5248606130480757 3.3756716474890736 4.120377317070961 4.1422232836484936 3.3486381322145489 4.9604646265506727 2.7868580222129813 5.728693723678588 4.5480511486530286 2.721195325255394 4.9491330236196518 2.7802160233259201 2.755909338593483 2.7753495275974274 5.725421428680419 2.2030829638242713 3.7212616354227066 7.4428538978099814 2.1021661534905425 11.458622030913828 6.5840940475463858 5.725327640771865 20.324810147285461 8.3016993403434736 2.2076386362314215
leaf_count=240 26 22 20 20 18 28 24 27 30 24 36 20 20 33 20 36 20 20 20 20 21 27 26 20 109 23 20 71 29 21
internal_value=-0.000320305 0.0409881 0.0415145 0.0413121 -0.0369917 -0.036974 -0.0370551 -0.0379333 -0.0368985 -0.0369176 -0.0368997 -0.0368918 0.0412691 -0.036878 -0.0368624 -0.0368835 -0.0368929 -0.0368857 -0.0368913 0.0412713 -0.0368792 -0.0368793 0.0412705 -0.0368797 -0.0368796 0.0412705 0.0412705 0.0412705 0.0412705 -0.0368797
internal_weight=182.283 85.7217 78.0998 71.4898 96.561 93.7117 50.5102 7.64524 42.865 22.201 18.8253 15.4767 65.5472 20.664 6.86342 12.6898 7.74068 13.8006 7.3234 59.8329 43.2015 6.47717 54.1042 40.9984 15.7684 48.3788 40.9359 35.2106 14.8858 13.6663
internal_count=1091 297 271 249 794 776 365 55 310 160 136 112 229 150 50 92 56 100 53 209 411 47 189 390 150 169 143 123 52 130
is_linear=0
shrinkage=0.05


Tree=66
num_leaves=31
num_cat=0
split_feature=1 1 0 1 3 1 1 2 3 3 3 3 4 2 0 7 7 0 0 2 1 1 0 0 1 2 3 2 0 0
split_gain=92.7147 4.19234 4.89091 0.149466 0.0268505 0.0928528 0.00133083 3.32945e-05 4.04334e-05 0.000175498 3.64022e-05 3.39098e-05 4.22932e-06 1.62294e-06 7.29017e-07 4.2485e-07 8.37618e-07 1.65808e-07 5.92269e-07 8.25981e-08 1.81369e-08 1.7755e-08 1.12858e-08 1.59335e-09 4.83453e-11 5.26438e-10 3.24238e-11 4.68958e-12 9.9476e-14 6.07514e-13
threshold=414.00000000000006 350.50000000000006 52.905500000000011 438.00000000000006 0.0099647634353574616 1005.5000000000001 321.50000000000006 3682.0000000000005 0.09969184575573993 0.082773846981974 0.13824253337460482 0.086986916393657035 1.0000000180025095e-35 7497.5000000000009 51.75990500000001 17.413240000000002 12.873500000000002 52.440000000000005 63.354490000000006 5243.5000000000009 288.50000000000006 683.50000000000011 79.79749000000001 44.082225000000008 8.5000000000000018 3021.5000000000005 0.1600873536118422 6560.0000000000009 61.268650000000008 56.578500000000012
decision_type=2 2 2 2 2 2 2 2 2 2 2 2 2 2 2 2 2 2 2 2 2 2 2 2 2 2 2 2 2 2
left_child=1 6 -3 -2 5 -5 20 11 9 13 -10 -6 -12 15 -15 16 -9 23 -19 -14 24 -21 26 -7 28 -26 -23 -28 29 -1
right_child=3 2 -4 4 7 17 -8 8 10 -11 12 -13 19 14 -16 -17 -18 18 -20 21 -22 22 -24 -25 25 -27 27 -29 -30 -31
leaf_value=0.040673835510981221 -0.023342870882715205 -0.020678936037985686 0.040483945042154718 -0.028392814131461126 -0.0366710583832471 -0.036639399798853896 0.041589344983860008 -0.036639800937155673 -0.036458490022581856 -0.037070185355158831 -0.036696267123581698 -0.036885275233871036 -0.036631161883142402 -0.036660309579985562 -0.036697548254633387 -0.036633916196583634 -0.03667490861471371 -0.036669089580315631 -0.036639558744368791 -0.036643263988830513 0.04067014805159138 -0.036639730019664092 -0.036636349629995305 -0.036637712000841177 0.0406731839765892 0.040673838701515995 -0.036639614001671976 -0.036639547250914631 0.040673835444368756 0.040673816086010277
leaf_weight=16.100338250398639 2.3104010373353949 6.5013482421636564 6.5732206404209137 4.6156923696398762 3.9350154697895041 2.8638636469840986 4.1999405324459067 4.4263945817947441 2.8350227549672118 3.0047542154788962 3.5284423381090155 3.4821807146072388 3.1704272627830496 2.616867944598197 2.6403704136610031 4.6799371093511581 2.7572565078735352 2.6222078800201416 4.8166908472776413 3.0285871922969809 3.5767022222280493 3.0259530395269456 3.023366928100585 2.7325449436903 3.5776496529579189 21.64601856470108 3.0258660614490536 20.12167876958847 21.467118978500366 5.3667712211608878
leaf_count=90 13 20 22 32 30 22 22 34 20 21 23 22 21 20 20 36 21 20 37 20 20 20 20 21 20 121 20 133 120 30
internal_value=0.000112016 0.0362215 0.0100706 -0.0358946 -0.0362281 -0.0344871 0.0407243 -0.0366715 -0.0366595 -0.0367177 -0.0366315 -0.0367716 -0.0366441 -0.0366559 -0.036679 -0.0366456 -0.0366533 -0.0366451 -0.03665 -0.0366389 0.0406736 -0.0366396 -0.0366392 -0.0366386 0.0406738 0.0406737 -0.0366396 -0.0366396 0.0406738 0.0406738
internal_weight=178.273 89.0091 13.0746 89.2635 86.9531 17.651 75.9345 69.3021 61.8849 20.1256 41.7593 7.4172 38.9243 17.1208 5.25724 11.8636 7.18365 13.0353 7.4389 35.3959 71.7346 32.2255 29.1969 5.59641 68.1579 25.2237 26.1735 23.1475 42.9342 21.4671
internal_count=1091 465 42 626 613 132 423 481 429 152 277 52 257 131 40 91 55 100 57 234 401 213 193 43 381 141 173 153 240 120
is_linear=0
shrinkage=0.05


Tree=67
num_leaves=31
num_cat=0
split_feature=3 1 1 1 3 1 1 1 2 1 2 3 2 3 3 4 3 0 0 2 0 0 1 2 8 1 3 1 2 0
split_gain=32.358 59.9945 3.6018 0.451371 0.211469 0.0121577 0.0993049 0.000214135 9.27399e-05 4.58014e-05 0.000189917 3.24018e-05 1.60536e-05 1.01866e-05 7.66621e-06 4.09225e-06 2.80795e-06 1.81122e-06 6.49156e-06 1.78537e-06 1.73634e-08 1.5033e-08 6.04362e-09 2.91752e-09 3.70287e-10 1.80748e-10 1.02176e-11 7.24754e-13 8.61267e-12 3.37508e-14
threshold=0.11277836960585665 364.00000000000006 417.50000000000006 346.00000000000006 0.089017473838194208 700.50000000000011 683.50000000000011 321.50000000000006 3734.5000000000005 1005.5000000000001 2599.5000000000005 0.03260638443436626 4088.0000000000005 0.14131452864802432 0.067487940812970951 1.0000000180025095e-35 0.049741196374967718 52.440000000000005 63.354490000000006 4757.5000000000009 44.082225000000008 59.125015000000012 288.50000000000006 5570.0000000000009 9.2380000000000049 715.50000000000011 0.16689594824667678 8.5000000000000018 3021.5000000000005 78.361500000000021
decision_type=2 2 2 2 2 2 2 2 2 2 2 2 2 2 2 2 2 2 2 2 2 2 2 2 2 2 2 2 2 2
left_child=1 3 -3 7 5 6 11 22 -2 10 -7 -4 -13 -10 19 -15 -14 20 -19 -12 -11 -17 27 -23 -25 -26 -27 -1 -29 -28
right_child=8 2 4 -5 -6 9 -8 -9 13 17 14 12 16 15 -16 21 -18 18 -20 -21 -22 23 -24 24 25 26 29 28 -30 -31
leaf_value=-0.036639548165341505 -0.036916273777110702 0.010205040787984369 0.040879024388244291 -0.012207038369448558 0.030033612644012938 0.041064572811551493 0.032756416903519305 -0.037159482352363438 -0.036548683033092354 0.04067353881847461 0.040667581462831219 0.040815810199141198 0.040678493508177371 -0.036696300453630336 0.040765700520066762 -0.03664253695838543 0.040726739841736755 0.040746760506463732 0.040673899336455342 0.040705856081719061 0.040669387925457795 -0.036637973590118098 -0.036636722767880825 -0.036640096150719365 -0.036639148052709222 -0.036639643735367315 -0.036639547536221721 -0.036639658959131266 -0.036639546558255319 -0.03663954207484868
leaf_weight=23.830821290612221 3.230004519224166 12.072897076606749 5.24927186965943 1.9752893447875965 5.4527842104434958 4.8468429148197201 4.6595362573862067 2.0828052461147299 2.9572029560804358 5.1596718430519122 4.9225837290287036 4.7450320720672634 4.9271741807460767 3.5284713953733435 4.7251075208187094 4.3906671553850165 7.7741284221410751 4.7196089625358573 8.6779015362262708 7.9957848489284515 4.9233587831258774 3.1758652329444912 1.9845083951950062 3.0262257456779507 3.0255167633295086 3.1771827191114452 14.826497986912729 1.9859565496444691 12.014706410467623 3.3283935934305182
leaf_count=240 20 35 22 13 19 20 19 19 20 22 21 20 21 23 20 29 33 20 37 34 21 21 20 20 20 21 98 20 121 22
internal_value=0.000222244 0.0124493 0.035636 -0.0355641 0.0395333 0.0402397 0.0394051 -0.0366653 -0.0366582 0.0407364 0.0407874 0.0407701 0.0407373 -0.0366381 0.0407112 -0.036645 0.040708 0.0406875 0.0406996 0.0406913 0.0406715 -0.0366398 -0.0366394 -0.0366394 -0.0366396 -0.0366395 -0.0366396 -0.0366396 -0.0366396 -0.0366395
internal_weight=179.392 134.726 90.8517 43.8741 78.7788 73.326 27.3551 41.8988 44.666 45.9709 22.4903 22.6956 17.4463 41.436 17.6435 38.4788 12.7013 23.4805 13.3975 12.9184 10.083 34.9503 39.816 30.5597 27.3838 24.3576 21.3321 37.8315 14.0007 18.1549
internal_count=1091 797 364 433 329 310 115 420 294 195 95 96 74 274 75 254 54 100 57 55 43 231 401 202 181 161 141 381 141 120
is_linear=0
shrinkage=0.05


Tree=68
num_leaves=31
num_cat=0
split_feature=3 2 3 1 1 1 3 4 1 3 4 0 7 7 1 1 1 1 1 2 0 0 3 1 2 7 0 1 2 0
split_gain=102.644 0.101175 0.0133661 0.000392909 0.00279233 0.000389402 0.000252703 4.49617e-05 7.07049e-06 2.05833e-05 1.14889e-06 1.63276e-06 5.47014e-07 1.86955e-06 3.04755e-07 2.46025e-07 1.36892e-07 8.55475e-08 7.5023e-08 3.30325e-08 1.58077e-09 4.42029e-10 3.44443e-10 2.18563e-11 2.89991e-10 1.48574e-11 1.03633e-11 7.23865e-13 2.66454e-13 2.34479e-13
threshold=0.09969184575573993 3965.0000000000005 0.14131452864802432 334.50000000000006 417.50000000000006 372.50000000000006 0.085523332883546924 1.0000000180025095e-35 700.50000000000011 0.018542074366155962 6.5000000000000009 54.414500000000004 13.239045000000003 17.695500000000006 1005.5000000000001 561.50000000000011 683.50000000000011 1005.5000000000001 300.50000000000006 5423.5000000000009 44.082225000000008 68.52676000000001 0.15755055698466761 8.5000000000000018 3021.5000000000005 26.746000000000002 79.203000000000017 272.50000000000006 7061.5000000000009 70.071180000000012
decision_type=2 2 2 2 2 2 2 2 2 2 2 2 2 2 2 2 2 2 2 2 2 2 2 2 2 2 2 2 2 2
left_child=3 -2 -3 18 5 -5 8 -4 9 -6 15 -12 14 -14 -10 -11 -9 -15 23 -18 -16 -19 -21 -1 -25 -24 28 -26 -27 -30
right_child=1 2 7 4 6 -7 -8 16 12 10 11 -13 13 17 20 -17 19 21 -20 22 -22 -23 25 24 27 26 -28 -29 29 -31
leaf_value=-0.036639541560632635 0.034341749992207439 0.043099811280833698 0.040813940881807904 -0.037290747802816784 -0.036808655661229803 -0.038016281163998709 -0.037118596307273516 0.040681274992404787 -0.036621324939123262 -0.036627060583734314 -0.036647553856229372 -0.036697399952248973 -0.036675964551056567 -0.036630289165036765 -0.036639450548708381 -0.036648542327326596 0.040669789008604233 -0.03663870949674803 -0.03662976456139249 0.040674250070950269 -0.036637769438231792 -0.03663956910321594 0.040673761003952896 -0.036638901815688088 -0.036639545683249362 0.040673848984429571 0.040673913048826303 -0.036639577855779641 0.04067383195980933 0.040673841046984044
leaf_weight=23.83078870922327 6.4050077497959128 6.2608683407306662 6.3449521958827964 3.0921213775873175 2.6789865791797629 4.6014470532536507 3.1865779757499686 6.2731265723705283 4.6650272309780139 2.5954582244157773 3.7826192826032639 2.9042133539915085 3.8085510283708564 4.805465027689932 2.8639039695262909 2.7398266792297363 5.4494638741016379 2.6030689179897308 2.0801211148500434 5.7241669297218314 2.7325841784477234 3.5148923546075821 5.4513546526432028 1.9855843484401692 10.823162853717802 5.4513969719409934 5.4514275491237631 2.0852126479148856 13.083334505558016 15.809039145708082
leaf_count=240 22 22 23 26 20 31 22 23 36 20 29 22 29 37 22 21 20 20 21 21 21 27 20 20 109 20 20 21 48 58
internal_value=-0.000345718 0.0403746 0.0408877 -0.0367544 -0.0368476 -0.0377247 -0.0366902 0.0406871 -0.0366558 -0.0366833 -0.0366554 -0.0366692 -0.0366396 -0.0366458 -0.0366308 -0.0366381 0.0406743 -0.0366353 -0.036639 0.0406735 -0.0366386 -0.0366392 0.0406739 -0.0366395 -0.0366395 0.0406738 0.0406738 -0.0366396 0.0406738 0.0406738
internal_weight=173.084 81.7041 75.2991 91.3796 50.5747 7.69357 42.8812 69.0383 39.6946 14.7011 12.0221 6.68683 24.9935 14.732 10.2615 5.33528 62.6933 10.9234 40.8049 56.4202 5.59649 6.11796 50.9707 38.7247 14.894 45.2466 39.7952 12.9084 34.3438 28.8924
internal_count=1091 297 275 794 383 57 326 253 304 112 92 51 192 113 79 41 230 84 411 207 43 47 187 390 150 166 146 130 126 106
is_linear=0
shrinkage=0.05


Tree=69
num_leaves=31
num_cat=0
split_feature=1 1 1 3 1 1 1 2 3 3 3 3 4 2 7 7 1 0 0 3 0 2 0 8 1 2 0 2 0 1
split_gain=85.8348 2.7426 1.93681 0.0287336 0.0974308 0.00131737 5.3768e-05 3.2998e-05 3.42002e-05 3.31565e-05 0.000120645 3.19843e-05 3.45255e-06 1.31357e-06 3.36592e-07 7.76091e-07 2.35514e-07 1.35454e-07 4.83766e-07 8.28109e-08 8.46256e-09 3.80767e-09 1.29676e-09 3.29411e-10 2.01101e-10 3.43405e-11 5.08749e-11 5.97211e-12 5.57776e-12 6.23146e-12
threshold=401.50000000000006 350.50000000000006 417.50000000000006 0.0099647634353574616 1005.5000000000001 326.50000000000006 480.50000000000006 3682.0000000000005 0.086986916393657035 0.09969184575573993 0.08207267417633847 0.13824253337460482 1.0000000180025095e-35 7497.5000000000009 17.413240000000002 12.759905000000002 290.00000000000006 52.440000000000005 63.354490000000006 0.14848215025473857 59.125015000000012 5570.0000000000009 44.082225000000008 9.2380000000000049 731.50000000000011 2519.0000000000005 49.885500000000008 3627.5000000000005 56.578500000000012 7.5000000000000009
decision_type=2 2 2 2 2 2 2 2 2 2 2 2 2 2 2 2 2 2 2 2 2 2 2 2 2 2 2 2 2 2
left_child=1 5 -2 4 -4 16 -5 8 -8 10 13 -11 -13 14 15 -9 25 22 -19 -14 -21 -22 -6 -23 -25 26 -1 -27 -28 -30
right_child=2 -3 3 6 17 -7 7 9 -10 11 -12 12 19 -15 -16 -17 -18 18 -20 20 21 23 -24 24 -26 27 28 -29 29 -31
leaf_value=0.04012752164683344 0.00019653066622536526 0.012317319447522908 -0.027754349510690102 -0.036667584575471181 -0.03641617526273392 0.041121529797360348 -0.036442777817390214 -0.036417261283065112 -0.036665689488740098 -0.036241250681756224 -0.036790705820502465 -0.036469045840735015 -0.036407513305394316 -0.03645645177313827 -0.036412490462173576 -0.036452970816040167 0.040114169996393931 -0.036443794454065946 -0.036416325038600934 -0.036418712682911046 -0.036414396333514495 -0.036416831527394694 -0.036414608074904847 -0.036415880181424581 -0.03641632195428731 0.04012778241258004 0.040127702442176838 0.04012771054603842 0.040127698042342855 0.040127642933205698
leaf_weight=6.9748324155807486 3.8685491234064093 10.066400140523909 4.4027718454599407 2.869597263634204 2.703338295221327 3.4993301331996909 3.5882799327373496 3.9332367181777972 3.3060474395751953 2.6692752316594115 2.8183519020676604 3.3311635851860038 2.8492908477783194 4.47084055840969 3.9282159134745598 2.4814868867397308 3.397903397679328 2.4754175394773483 4.5467071309685707 3.5725620537996319 2.8547332286834743 2.8566081970930126 2.5793687999248505 2.9986726045608547 18.279805198311806 3.4024429768323925 9.3566475808620435 19.22366538643837 6.9749519079923656 19.393664285540581
leaf_count=41 12 33 32 22 22 19 29 32 22 20 21 23 20 36 32 20 20 20 37 25 20 20 21 21 128 20 55 113 41 114
internal_value=0.000120449 0.0367674 -0.03439 -0.0359921 -0.0341375 0.0401752 -0.0364559 -0.0364463 -0.0365497 -0.0364339 -0.0364909 -0.0364084 -0.0364205 -0.0364338 -0.036424 -0.0364311 0.040127 -0.0364215 -0.036426 -0.0364157 -0.0364164 -0.0364161 -0.0364154 -0.0364163 -0.0364163 0.0401277 0.0401276 0.0401277 0.0401277 0.0401277
internal_weight=169.674 82.2898 87.3843 83.5158 16.7076 72.2234 66.8082 63.9386 6.89433 57.0442 17.6321 39.4121 36.7428 14.8138 10.3429 6.41472 68.7241 12.3048 7.02212 33.4117 30.5624 26.9898 5.28271 24.1351 21.2785 65.3262 42.7001 22.6261 35.7253 26.3686
internal_count=1091 456 635 623 132 423 491 469 51 418 141 277 257 120 84 52 404 100 57 234 214 189 43 169 149 384 251 133 210 155
is_linear=0
shrinkage=0.05


Tree=70
num_leaves=31
num_cat=0
split_feature=3 1 1 1 3 1 1 1 2 1 1 3 7 0 3 3 4 0 0 2 0 0 1 2 8 1 3 1 2 0
split_gain=30.1286 55.3975 3.52359 0.450946 0.213353 0.0127956 0.103264 0.000174319 8.90614e-05 4.24893e-05 0.000183809 2.83223e-05 1.39436e-05 2.61698e-05 9.67754e-06 6.08413e-06 3.32939e-06 1.44863e-06 5.1917e-06 1.42955e-06 1.81599e-08 1.38614e-08 4.90878e-09 2.40205e-09 3.07098e-10 1.52834e-10 8.35421e-12 7.35412e-13 6.31672e-12 1.42109e-14
threshold=0.11277836960585665 364.00000000000006 417.50000000000006 346.00000000000006 0.089017473838194208 700.50000000000011 683.50000000000011 321.50000000000006 3734.5000000000005 1005.5000000000001 1003.0000000000001 0.03260638443436626 17.413240000000002 50.157000000000004 0.14131452864802432 0.067487940812970951 1.0000000180025095e-35 52.440000000000005 63.354490000000006 4757.5000000000009 59.125015000000012 44.082225000000008 288.50000000000006 5570.0000000000009 9.2380000000000049 715.50000000000011 0.16689594824667678 8.5000000000000018 3021.5000000000005 78.361500000000021
decision_type=2 2 2 2 2 2 2 2 2 2 2 2 2 2 2 2 2 2 2 2 2 2 2 2 2 2 2 2 2 2
left_child=1 3 -3 7 5 6 11 22 -2 10 15 -4 13 -13 -10 19 -16 21 -19 -7 -18 -11 27 -22 -25 -26 -27 -1 -29 -28
right_child=8 2 4 -5 -6 9 -8 -9 14 17 -12 12 -14 -15 16 -17 20 18 -20 -21 23 -23 -24 24 25 26 29 28 -30 -31
leaf_value=-0.036416316440826664 -0.036694366292631724 0.0098168801664293634 0.040325179125642055 -0.011817594456101184 0.029250227059274173 0.040121956241644344 0.031872189865460719 -0.036898957860852725 -0.036324730226236293 0.040127428984099135 0.040517868653304492 0.040146620339621325 0.04011863031597232 0.040296279513278604 -0.036469077638306105 0.040211683971534205 -0.036419722817511532 0.040194575247921104 0.040127760528324258 0.040157076673195374 -0.036414843842636442 0.040123625817831639 -0.036413696153471155 -0.036416827929957381 -0.036415935945834046 -0.036416403781131639 -0.036416314028390968 -0.036416416326385558 -0.036416317250890971 -0.036416310170084662
leaf_weight=22.495061919093132 3.0667111426591864 12.060547977685927 4.9982766062021318 1.9512362331151951 5.289154738187789 4.6811407357454353 4.4706115722656241 1.9677666202187527 2.7852567285299292 4.9066688716411608 4.6264716833829871 6.0326929837465304 4.9023596942424765 5.6630410104990005 3.3311909884214392 4.4941560178995124 4.1452864855527869 4.4888903051614752 8.2523901313543302 7.6042497903108597 2.9978334158659008 4.6819024235010147 1.8732627779245365 2.8566059321165111 2.8559217900037792 2.9990969151258495 13.995447292923929 1.8746395483613003 11.341260768473147 3.141830936074256
leaf_count=240 20 35 22 13 19 21 19 19 20 22 20 27 22 25 23 20 29 20 37 34 21 21 20 20 20 21 98 20 121 22
internal_value=0.00023946 0.0122618 0.0349031 -0.0352826 0.0389322 0.0396659 0.038789 -0.0364402 -0.0364349 0.0401885 0.0402388 0.0402208 0.0401894 0.0402191 -0.0364146 0.0401619 -0.0364214 0.0401403 0.0401513 0.0401437 -0.0364166 0.0401256 -0.0364162 -0.0364162 -0.0364163 -0.0364163 -0.0364163 -0.0364163 -0.0364163 -0.0364163
internal_weight=170.831 128.656 87.1526 41.5032 75.092 69.8029 26.067 39.552 42.1752 43.7359 21.406 21.5964 16.5981 11.6957 39.1085 16.7795 36.3232 22.3299 12.7413 12.2854 32.992 9.58857 37.5842 28.8467 25.8489 22.9923 20.1364 35.711 13.2159 17.1373
internal_count=1091 797 364 433 329 310 115 420 294 195 95 96 74 52 274 75 254 100 57 55 231 43 401 202 181 161 141 381 141 120
is_linear=0
shrinkage=0.05


Tree=71
num_leaves=31
num_cat=0
split_feature=3 2 3 1 1 1 3 4 1 3 4 0 7 7 1 1 1 1 1 2 0 3 0 1 2 7 0 1 2 0
split_gain=95.4493 0.105934 0.0139797 0.000394012 0.0027999 0.000343309 0.00023626 3.58738e-05 7.01243e-06 2.01804e-05 1.11349e-06 1.29269e-06 4.55166e-07 1.89848e-06 2.9798e-07 2.42805e-07 1.0947e-07 7.9254e-08 7.43248e-08 2.62058e-08 4.61241e-10 2.79424e-10 5.95941e-11 1.62323e-11 2.36146e-10 1.4321e-11 1.085e-11 6.79456e-13 2.38032e-13 1.52767e-13
threshold=0.09969184575573993 3965.0000000000005 0.14131452864802432 334.50000000000006 417.50000000000006 372.50000000000006 0.085523332883546924 1.0000000180025095e-35 700.50000000000011 0.018542074366155962 6.5000000000000009 54.414500000000004 14.039760000000003 17.695500000000006 1005.5000000000001 561.50000000000011 683.50000000000011 300.50000000000006 1005.5000000000001 5423.5000000000009 68.52676000000001 0.15755055698466761 44.082225000000008 8.5000000000000018 3021.5000000000005 26.746000000000002 79.203000000000017 272.50000000000006 7061.5000000000009 70.071180000000012
decision_type=2 2 2 2 2 2 2 2 2 2 2 2 2 2 2 2 2 2 2 2 2 2 2 2 2 2 2 2 2 2
left_child=3 -2 -3 17 5 -5 8 -4 9 -6 15 -12 14 -14 -10 -11 -9 23 -15 -18 -20 -21 -16 -1 -25 -23 28 -26 -27 -30
right_child=1 2 7 4 6 -7 -8 16 12 10 11 -13 13 18 22 -17 19 -19 20 21 -22 25 -24 24 27 26 -28 -29 29 -31
leaf_value=-0.03641630959386491 0.0335087764254672 0.042664208551063891 0.040256017914017478 -0.037108284396639726 -0.036588437129793087 -0.03780313680637052 -0.036891756821940597 0.040134523403518342 -0.036398968897019011 -0.03640369465027931 -0.036426677780354737 -0.036472310775887397 -0.036457492602585732 -0.036407399836885769 -0.036416229096222927 -0.03642566008003937 0.040124004125178067 -0.03640596991882699 -0.036415432940094132 0.040128082472561999 -0.036416336731902241 0.040127624309306512 -0.036415904083715506 -0.036415718625691811 -0.036416316296426186 0.040127712042434989 0.04012778013020387 -0.036416348379886249 0.040127696298918082 0.040127703833316895
leaf_weight=22.495030395686626 6.1424376368522635 5.9844484329223624 6.0356148779392234 2.9662198498845092 2.53931601345539 4.4361680522561073 3.0312482044100753 5.9656273126602164 4.6474377736449259 2.4492180943489057 3.5733935609459877 2.7434333860874176 2.9812790006399146 4.5356143340468389 2.7033761590719223 2.5869799703359604 5.1822159290313712 1.9628086388111103 2.4570881053805351 5.4434933960437766 3.3178763836622238 5.1840489208698264 2.9488763064146042 1.8742868825793255 10.216505318880079 5.1840930283069602 5.1841271221637717 1.9683353081345547 12.441804498434069 15.033857673406599
leaf_count=240 22 22 23 26 20 31 22 23 38 20 29 22 24 37 22 21 20 21 20 21 27 20 24 20 109 20 20 21 48 58
internal_value=-0.000373558 0.0398104 0.0403507 -0.0365348 -0.0366305 -0.0375247 -0.0364672 0.0401399 -0.0364328 -0.036461 -0.0364325 -0.0364465 -0.0364162 -0.0364224 -0.0364083 -0.036415 0.0401281 -0.0364158 -0.0364122 0.0401274 -0.036416 0.0401277 -0.0364161 -0.0364163 -0.0364162 0.0401277 0.0401277 -0.0364163 0.0401277 0.0401277
internal_weight=164.216 77.7818 71.6393 86.4345 47.9175 7.40239 40.5151 65.6549 37.4839 13.8923 11.353 6.31683 23.5915 13.2919 10.2997 5.0362 59.6193 38.517 10.3106 53.6536 5.77496 48.4714 5.65225 36.5542 14.0591 43.0279 37.8439 12.1848 32.6598 27.4757
internal_count=1091 297 275 794 383 57 326 253 304 112 92 51 192 108 84 41 230 411 84 207 47 187 46 390 150 166 146 130 126 106
is_linear=0
shrinkage=0.05


Tree=72
num_leaves=31
num_cat=0
split_feature=1 1 0 1 3 1 1 2 3 3 3 3 4 2 0 7 7 1 0 0 3 0 2 0 8 1 1 2 1 0
split_gain=79.4889 4.06094 4.61101 0.159453 0.0301251 0.102217 0.0011098 3.08982e-05 3.58006e-05 0.000157478 3.31903e-05 2.81041e-05 2.81868e-06 1.28253e-06 5.70784e-07 3.47467e-07 5.92507e-07 1.95216e-07 1.12968e-07 3.69603e-07 8.65449e-08 1.16497e-08 3.12681e-09 6.11153e-10 2.71669e-10 1.6944e-10 2.82228e-11 3.46896e-10 1.64313e-12 1.51523e-12
threshold=414.00000000000006 350.50000000000006 52.905500000000011 438.00000000000006 0.0099647634353574616 1005.5000000000001 326.50000000000006 3682.0000000000005 0.09969184575573993 0.082773846981974 0.086986916393657035 0.13824253337460482 1.0000000180025095e-35 7497.5000000000009 51.75990500000001 17.413240000000002 12.873500000000002 290.00000000000006 58.102235 48.52150000000001 0.14848215025473857 59.125015000000012 5570.0000000000009 68.52676000000001 9.2380000000000049 731.50000000000011 8.5000000000000018 3021.5000000000005 262.50000000000006 78.361500000000021
decision_type=2 2 2 2 2 2 2 2 2 2 2 2 2 2 2 2 2 2 2 2 2 2 2 2 2 2 2 2 2 2
left_child=1 6 -3 -2 5 -5 17 10 9 13 -6 -10 -13 15 -15 16 -9 26 19 -7 -14 -22 -23 -20 -24 -26 -1 -28 -29 -27
right_child=3 2 -4 4 7 18 -8 8 11 -11 -12 12 20 14 -16 -17 -18 -19 23 -21 21 22 24 -25 25 29 27 28 -30 -31
leaf_value=0.039627036949715005 -0.021984578298354148 -0.020770409517610316 0.038742808667093148 -0.027110737873833859 -0.036237342736083276 -0.036208589127491246 0.040561409148551185 -0.0362100613231418 -0.036039415203560493 -0.03663760141842811 -0.036461193030231556 -0.036257774470532494 -0.036199537817468597 -0.03622864471195008 -0.036263542213987511 -0.036203518616794883 -0.036241342223401127 0.039614398001975061 -0.036207658642981366 -0.036233832728392479 -0.036211681990941047 -0.036206943077058226 -0.03620921609075034 -0.036208729774693547 -0.036208322779357781 -0.036208733523038793 0.0396264865778592 0.039627038172527412 0.039627075668090816 -0.03620877279764214
leaf_weight=38.782097145915031 2.1646708175539962 6.4601429998874647 6.5593673586845398 4.1997665688395491 3.5060756728053084 3.8254493325948697 3.3356953263282767 3.9429922401905078 2.5116462707519522 2.7166766300797454 3.1379561424255371 3.1430342346429816 2.687107831239703 2.3318881914019576 2.3551030308008194 4.1670077219605446 2.457215704023838 3.2273811846971503 2.3178213089704514 2.3351356163620949 3.3710534572601345 2.6931179463863399 2.694909259676936 3.1300418674945831 2.8289187401533153 14.281022280454637 3.231648504734042 16.48239824175835 3.5550408363342276 2.9640192240476599
leaf_count=240 13 20 22 32 30 33 19 34 20 21 22 23 20 20 20 36 21 20 20 20 25 20 20 27 21 106 20 102 22 22
internal_value=0.000129105 0.0348141 0.00921298 -0.0353695 -0.0357429 -0.0337952 0.0396718 -0.0362412 -0.0362289 -0.0362869 -0.0363431 -0.0362009 -0.0362126 -0.0362244 -0.0362462 -0.0362148 -0.0362221 0.0396264 -0.0362135 -0.0362182 -0.0362081 -0.0362089 -0.0362086 -0.0362083 -0.0362087 -0.0362087 0.039627 0.039627 0.039627 -0.0362087
internal_weight=161.396 81.6338 13.0195 79.7626 77.598 15.8082 68.6143 61.7897 55.1457 17.9709 6.64403 37.1748 34.6632 15.2542 4.68699 10.5672 6.40021 65.2786 11.6084 6.16058 31.5201 28.833 25.462 5.44786 22.7689 20.074 62.0512 23.2691 20.0374 17.245
internal_count=1091 465 42 626 613 132 423 481 429 152 52 277 257 131 40 91 55 404 100 53 234 214 189 47 169 149 384 144 124 128
is_linear=0
shrinkage=0.05


Tree=73
num_leaves=31
num_cat=0
split_feature=3 1 1 1 3 1 1 1 2 1 2 3 7 0 3 3 4 0 0 2 0 0 1 2 8 1 3 1 2 0
split_gain=28.0584 51.1388 3.45983 0.456024 0.21539 0.0135735 0.107419 0.000141878 8.52773e-05 3.94578e-05 0.000177344 2.27002e-05 1.12655e-05 2.10191e-05 9.15708e-06 4.83123e-06 2.70817e-06 1.1777e-06 3.86859e-06 1.14624e-06 2.10494e-08 5.60936e-09 3.91233e-09 1.97581e-09 2.52124e-10 1.3072e-10 6.78035e-12 3.8014e-13 4.98712e-12 1.95399e-14
threshold=0.11277836960585665 364.00000000000006 417.50000000000006 346.00000000000006 0.089017473838194208 700.50000000000011 683.50000000000011 321.50000000000006 3734.5000000000005 1005.5000000000001 2599.5000000000005 0.03260638443436626 17.413240000000002 50.157000000000004 0.14131452864802432 0.067487940812970951 1.0000000180025095e-35 58.102235 48.52150000000001 4757.5000000000009 59.125015000000012 68.52676000000001 288.50000000000006 5570.0000000000009 9.2380000000000049 715.50000000000011 0.16689594824667678 8.5000000000000018 3021.5000000000005 78.361500000000021
decision_type=2 2 2 2 2 2 2 2 2 2 2 2 2 2 2 2 2 2 2 2 2 2 2 2 2 2 2 2 2 2
left_child=1 3 -3 7 5 6 11 22 -2 10 -7 -4 13 -13 -10 19 -16 18 -11 -12 -18 -19 27 -22 -25 -26 -27 -1 -29 -28
right_child=8 2 4 -5 -6 9 -8 -9 14 17 15 12 -14 -15 16 -17 20 21 -20 -21 23 -23 -24 24 25 26 29 28 -30 -31
leaf_value=-0.03620873486166911 -0.036487782691790718 0.0094200054302129663 0.039808185713642689 -0.011233645593558649 0.028497562190235255 0.040016561241867844 0.031010138127743999 -0.036656858245610234 -0.03611661136697359 0.039626756182453697 0.039621746082570221 0.039644214687393327 0.039618208835455908 0.039781820538642765 -0.03625780241347059 0.03970387956462032 -0.036212532993643957 0.039624662773521779 0.039687185146285026 0.039654013456834961 -0.036207359254617502 0.039627063218280176 -0.036206325461227838 -0.036209211483167386 -0.036208372770674145 -0.036208816333748284 -0.036208733233085669 -0.036208823672340212 -0.036208733032043881 -0.036208728848973193
leaf_weight=21.221686013042927 2.9109007865190497 12.060521364212034 4.7496617138385835 1.9182849153876294 5.1274722069501868 4.4121585041284588 4.2871620357036582 1.8578733280301083 2.6214288026094428 6.9909932762384432 4.4463950544595701 5.7303650081157667 4.6562378406524649 5.3810720145702362 3.1430602520704261 4.269464746117591 3.9113712012767818 4.2360029816627485 4.2638748437166214 7.2234810143709183 2.8281190544366863 5.7200926691293716 1.7672249451279629 2.6949071437120464 2.694247871637347 2.8293272703886059 13.203207701444628 1.7685205861926068 10.699266463518141 2.9639815241098395
leaf_count=240 20 35 22 13 19 20 19 19 20 33 21 27 22 25 23 20 29 20 20 34 21 27 20 20 20 21 98 20 121 22
internal_value=0.000255693 0.0120813 0.0341922 -0.0350087 0.0383711 0.0391339 0.0382083 -0.0362309 -0.0362272 0.0396863 0.039736 0.0397124 0.0396835 0.0397109 -0.0362067 0.0396584 -0.0362136 0.0396386 0.0396496 0.0396417 -0.0362091 0.039626 -0.0362086 -0.0362086 -0.0362088 -0.0362087 -0.0362087 -0.0362087 -0.0362087 -0.0362087
internal_weight=162.588 122.788 83.555 39.2329 71.4944 66.367 24.8045 37.3146 39.8006 41.5625 20.3515 20.5173 15.7677 11.1114 36.8897 15.9393 34.2682 21.211 11.2549 11.6699 31.1252 9.9561 35.4567 27.2138 24.3857 21.6908 18.9965 33.6895 12.4678 16.1672
internal_count=1091 797 364 433 329 310 115 420 294 195 95 96 74 52 274 75 254 100 53 55 231 47 401 202 181 161 141 381 141 120
is_linear=0
shrinkage=0.05


Tree=74
num_leaves=31
num_cat=0
split_feature=3 2 3 1 1 1 3 4 1 3 4 0 7 7 1 1 1 1 1 2 0 3 0 7 2 0 0 1 0 0
split_gain=88.8031 0.111026 0.0145802 0.000387142 0.00273129 0.000322043 0.00022065 2.86767e-05 7.00715e-06 1.96713e-05 1.03496e-06 1.01311e-06 3.78338e-07 1.56821e-06 2.56661e-07 2.139e-07 8.78721e-08 7.72759e-08 6.43288e-08 2.10021e-08 4.60556e-10 2.42419e-10 5.30749e-11 1.43991e-11 1.28964e-11 2.04015e-11 8.80007e-12 2.06413e-12 2.39186e-12 1.46194e-12
threshold=0.09969184575573993 3965.0000000000005 0.14131452864802432 334.50000000000006 417.50000000000006 372.50000000000006 0.085523332883546924 1.0000000180025095e-35 700.50000000000011 0.018542074366155962 6.5000000000000009 54.414500000000004 14.039760000000003 17.695500000000006 1005.5000000000001 561.50000000000011 683.50000000000011 300.50000000000006 1005.5000000000001 5423.5000000000009 68.52676000000001 0.15755055698466761 44.082225000000008 26.746000000000002 2519.0000000000005 49.885500000000008 79.203000000000017 7.5000000000000009 56.578500000000012 65.94348500000001
decision_type=2 2 2 2 2 2 2 2 2 2 2 2 2 2 2 2 2 2 2 2 2 2 2 2 2 2 2 2 2 2
left_child=3 -2 -3 17 5 -5 8 -4 9 -6 15 -12 14 -14 -10 -11 -9 24 -15 -18 -20 -21 -16 -23 25 -1 -25 -27 -29 -30
right_child=1 2 7 4 6 -7 -8 16 12 10 11 -13 13 18 22 -17 19 -19 20 21 -22 23 -24 26 -26 27 -28 28 29 -31
leaf_value=-0.036208574081282988 0.032702375452521242 0.042276724955531156 0.039744741178560465 -0.036913490300747337 -0.036383781149514738 -0.03760050516261338 -0.03668051770263666 0.039633312325932729 -0.036192155689285903 -0.036197270328146257 -0.036221396860058715 -0.036262972402512465 -0.036247143463411742 -0.036200165713699245 -0.036208651698767351 -0.036218494487820281 0.039623644699391086 -0.036198218975539591 -0.036207823484304055 0.039627403403581528 -0.036208753311970765 0.039626959835374412 -0.036208335909539945 0.03962704116192925 -0.036208746418963801 -0.036208729815958442 0.039627113106325648 -0.036208731523073585 -0.036208659347287897 -0.036208697817910827
leaf_weight=3.6252012550830868 5.8868184089660636 5.7155915945768347 5.7345923632383338 2.8362182676792136 2.4062509238719931 4.2796753644943237 2.8828560113906851 5.666641265153884 4.3835690319538134 2.3106875047087652 3.3740623220801353 2.5900948494672775 2.812900483608245 4.278410851955412 2.5503457188606262 2.4413311704993248 4.9223739653825751 1.8511598035693158 2.3179329857230186 5.1706057935953131 3.1300616338849068 4.9241497367620459 2.7819343358278275 31.02241525053978 12.290930658578871 5.3938397467136392 4.9242316186428061 3.0948289483785638 4.3326652124524099 5.7474769502878189
leaf_count=41 22 22 23 26 20 31 22 23 38 20 29 22 24 37 22 21 20 21 20 21 27 20 24 126 139 61 20 35 49 65
internal_value=-0.000400886 0.0392901 0.0398597 -0.0363298 -0.0364272 -0.0373267 -0.0362599 0.0396382 -0.0362256 -0.0362546 -0.0362256 -0.0362395 -0.0362085 -0.0362143 -0.0362011 -0.0362082 0.0396274 -0.0362082 -0.0362048 0.0396267 -0.0362084 0.0396271 -0.0362085 0.039627 -0.0362087 -0.0362087 0.0396271 -0.0362087 -0.0362087 -0.0362087
internal_weight=155.68 73.9674 68.0806 81.7124 45.3763 7.11589 38.2604 62.365 35.3776 13.1224 10.7162 5.96416 22.2552 12.5393 9.71585 4.75202 56.6304 36.3361 9.72641 50.9638 5.44799 46.0414 5.33228 40.8708 34.4849 22.194 35.9466 18.5688 13.175 10.0801
internal_count=1091 297 275 794 383 57 326 253 304 112 92 51 192 108 84 41 230 411 84 207 47 187 46 166 390 251 146 210 149 114
is_linear=0
shrinkage=0.05


Tree=75
num_leaves=31
num_cat=0
split_feature=1 1 0 3 1 1 1 2 3 3 3 3 4 2 7 7 1 0 0 3 0 2 0 8 1 1 2 1 0 0
split_gain=73.6505 4.38355 5.88878 0.0322432 0.107208 0.000938393 4.84121e-05 3.06026e-05 3.28052e-05 2.92384e-05 0.00010773 2.4696e-05 2.30141e-06 1.06019e-06 2.76494e-07 5.55213e-07 1.61613e-07 9.22977e-08 3.25777e-07 8.88989e-08 1.47922e-08 2.55977e-09 1.01518e-09 2.22895e-10 1.41938e-10 2.19131e-11 2.8145e-10 1.25411e-12 1.19371e-12 4.9738e-14
threshold=417.50000000000006 350.50000000000006 52.835000000000008 0.0099647634353574616 1005.5000000000001 326.50000000000006 480.50000000000006 3682.0000000000005 0.086986916393657035 0.09969184575573993 0.08207267417633847 0.13824253337460482 1.0000000180025095e-35 7497.5000000000009 17.413240000000002 12.759905000000002 290.00000000000006 52.440000000000005 63.354490000000006 0.14848215025473857 59.125015000000012 5570.0000000000009 44.082225000000008 9.2380000000000049 731.50000000000011 8.5000000000000018 3021.5000000000005 262.50000000000006 78.361500000000021 76.629500000000021
decision_type=2 2 2 2 2 2 2 2 2 2 2 2 2 2 2 2 2 2 2 2 2 2 2 2 2 2 2 2 2 2
left_child=1 5 -3 4 -2 16 -5 8 -8 10 13 -11 -13 14 15 -9 25 22 -19 -14 -21 -22 -6 -23 -25 29 -27 -28 -26 -1
right_child=3 2 -4 6 17 -7 7 9 -10 11 -12 12 19 -15 -16 -17 -18 18 -20 20 21 23 -24 24 28 26 27 -29 -30 -31
leaf_value=0.039167398995117036 -0.026460602752665621 -0.026535716228945107 0.038773867717675291 -0.036267706802795986 -0.03601551628635432 0.040047964982432044 -0.036039982203844648 -0.036017635159272511 -0.036270682334631307 -0.035851830529506218 -0.036388094734287085 -0.036061262443127066 -0.036006098938031222 -0.036054123754763419 -0.036012165210228785 -0.036049648977698551 0.039155592886409525 -0.036039548251925554 -0.036015648477756304 -0.036019098045906923 -0.036013967462110934 -0.036016085947508873 -0.036014046021252251 -0.036015249143852304 -0.036015636491083573 0.039166890603770772 0.039167400848620144 0.039167434479991013 -0.036015672402169019 0.039167394241832264
leaf_weight=30.052101954817772 4.0064757242798796 6.4807586669921857 7.3842384368181229 2.5774937793612471 2.4046223461627942 3.1762971431016913 3.1935900598764411 3.4998645782470685 2.9777465537190437 2.361925207078456 2.5414788201451293 2.963873326778411 2.532714948058131 3.9821733161807051 3.4939060807228088 2.2092274203896523 3.0621525049209586 2.2022726982831955 4.0443066880106926 3.1792165040969875 2.5392575711011913 2.5409666001796749 2.2942491546273232 2.667309075593951 13.465216875076296 3.0663535892963436 15.63936483860016 3.3732101023197165 2.7946994453668585 6.7463883012533179
leaf_count=196 32 20 25 22 22 19 29 32 22 20 21 23 20 36 32 20 20 20 37 25 20 20 21 21 106 20 102 22 22 44
internal_value=0.000138088 0.0337743 0.00824695 -0.0355343 -0.0334586 0.0392098 -0.0360558 -0.0360462 -0.0361513 -0.0360334 -0.03609 -0.036008 -0.0360192 -0.0360326 -0.0360232 -0.03603 0.0391668 -0.0360201 -0.0360241 -0.0360151 -0.0360159 -0.0360155 -0.0360148 -0.0360156 -0.0360156 0.0391674 0.0391673 0.0391674 -0.0360156 0.0391674
internal_weight=153.453 78.9809 13.865 74.4726 14.9519 65.1159 59.5207 56.9432 6.17134 50.7718 15.7267 35.0452 32.6833 13.1852 9.203 5.70909 61.9396 10.9455 6.24658 29.7194 27.1867 24.0074 4.69887 21.4682 18.9272 58.8774 22.0789 19.0126 16.2599 36.7985
internal_count=1091 468 45 623 132 423 491 469 51 418 141 277 257 120 84 52 404 100 57 234 214 189 43 169 149 384 144 124 128 240
is_linear=0
shrinkage=0.05


Tree=76
num_leaves=31
num_cat=0
split_feature=3 1 1 1 3 1 1 1 2 1 1 1 7 3 3 4 0 0 2 3 0 0 1 2 8 1 3 1 2 0
split_gain=26.1386 47.2471 3.38903 0.455545 0.217303 0.0143234 0.112028 0.000115492 8.14479e-05 3.66951e-05 0.000170606 2.29056e-05 9.44968e-06 8.63155e-06 3.84348e-06 2.20272e-06 9.48712e-07 3.36506e-06 9.20301e-07 5.62811e-07 2.36594e-08 1.02183e-08 3.1226e-09 1.62532e-09 2.07807e-10 1.11006e-10 5.32729e-12 4.29878e-13 3.85825e-12 9.76996e-15
threshold=0.11277836960585665 364.00000000000006 417.50000000000006 346.00000000000006 0.089017473838194208 700.50000000000011 683.50000000000011 321.50000000000006 3734.5000000000005 1005.5000000000001 1003.0000000000001 494.50000000000006 16.115000000000006 0.14131452864802432 0.067487940812970951 1.0000000180025095e-35 52.440000000000005 63.354490000000006 4757.5000000000009 0.049370458789454903 59.125015000000012 44.082225000000008 288.50000000000006 5570.0000000000009 9.2380000000000049 715.50000000000011 0.16689594824667678 8.5000000000000018 3021.5000000000005 78.361500000000021
decision_type=2 2 2 2 2 2 2 2 2 2 2 2 2 2 2 2 2 2 2 2 2 2 2 2 2 2 2 2 2 2
left_child=1 3 -3 7 5 6 11 22 -2 10 14 -4 19 -10 18 -15 21 -18 -7 -13 -17 -11 27 -22 -25 -26 -27 -1 -29 -28
right_child=8 2 4 -5 -6 9 -8 -9 13 16 -12 12 -14 15 -16 20 17 -19 -20 -21 23 -23 -24 24 25 26 29 28 -30 -31
leaf_value=-0.036015636465743309 -0.036295400893032001 0.0090718980304498979 0.039349143665872631 -0.010880764117441528 0.027783504149517458 0.039162524447876074 0.030165967610483891 -0.036431870892802955 -0.035923151606293793 0.039167169516478383 0.039556204686233359 0.039197037968414797 0.039263533606451614 -0.036061287633325112 0.039237812311395608 -0.036019803658592905 0.039224112017255418 0.039167456904214054 0.039192206112965096 0.039170606856637459 -0.036014352574432452 0.039163729938034124 -0.036013420375426035 -0.036016083069297267 -0.036015294320867149 -0.036015712674292162 -0.036015636716088414 -0.036015718926080589 -0.03601563682003163 -0.036015633353752428
leaf_weight=20.009394846856598 2.7624227851629248 12.04251781105995 4.5135041773319307 1.8967393785715092 4.9702731668949118 4.2189187407493609 4.1095762252807608 1.7530336976051319 2.4655598551034918 4.422294497489931 4.2044187784194937 4.0343683958053571 6.9112863689661017 2.9638980329036704 4.0516278296709052 3.6886811107397106 4.0470108389854413 7.437749832868576 6.8544216603040695 4.0218841433525085 2.66654805839062 4.2195316404104233 1.666274070739745 2.5409645587205913 2.5403306484222439 2.6677017062902477 12.448972657322882 1.6674931868910778 10.088069774210451 2.7946636974811545
leaf_count=240 20 35 22 13 19 21 19 19 20 22 20 20 34 23 20 29 20 37 34 20 21 21 20 20 20 21 98 20 121 22
internal_value=0.000273863 0.0119094 0.0335204 -0.0347495 0.037849 0.0386425 0.0376679 -0.0360363 -0.0360341 0.0392253 0.0392745 0.0392504 0.0392206 -0.0360133 0.0391961 -0.0360202 0.039178 0.0391874 0.0391809 0.0391838 -0.0360161 0.0391655 -0.0360155 -0.0360155 -0.0360157 -0.0360156 -0.0360156 -0.0360156 -0.0360156 -0.0360156
internal_weight=154.68 117.14 80.0594 37.081 68.0169 63.0466 23.5906 35.1843 37.5397 39.456 19.3294 19.481 14.9675 34.7773 15.125 32.3118 20.1266 11.4848 11.0733 8.05625 29.3479 8.64183 33.4312 25.6592 22.9926 20.4517 17.9113 31.765 11.7556 15.2436
internal_count=1091 797 364 433 329 310 115 420 294 195 95 96 74 274 75 254 100 57 55 40 231 43 401 202 181 161 141 381 141 120
is_linear=0
shrinkage=0.05


Tree=77
num_leaves=31
num_cat=0
split_feature=3 4 3 2 1 1 1 3 1 3 3 4 0 7 7 1 1 1 1 1 0 2 0 7 1 2 0 1 7 1
split_gain=82.6658 0.116661 0.0160219 0.000409011 0.000385168 0.0027098 0.000281293 0.000205254 6.88979e-06 1.91207e-05 9.97045e-07 9.91221e-07 7.93842e-07 3.15998e-07 1.29323e-06 2.19622e-07 2.08777e-07 7.37712e-08 5.5948e-08 5.01587e-08 3.76569e-10 1.23485e-10 7.01554e-11 1.25056e-11 1.05516e-11 1.57604e-10 4.03233e-12 1.33138e-12 4.44089e-13 5.48894e-13
threshold=0.09969184575573993 1.0000000180025095e-35 0.13824253337460482 4329.5000000000009 334.50000000000006 417.50000000000006 372.50000000000006 0.085523332883546924 700.50000000000011 0.018542074366155962 0.14848215025473857 6.5000000000000009 54.414500000000004 14.039760000000003 17.695500000000006 1005.5000000000001 561.50000000000011 300.50000000000006 1005.5000000000001 686.50000000000011 68.52676000000001 5613.5000000000009 44.082225000000008 26.514500000000002 8.5000000000000018 3021.5000000000005 79.203000000000017 272.50000000000006 33.740500000000004 867.00000000000011
decision_type=2 2 2 2 2 2 2 2 2 2 2 2 2 2 2 2 2 2 2 2 2 2 2 2 2 2 2 2 2 2
left_child=4 -2 -3 -4 17 6 -6 8 9 -7 -5 16 -13 15 -15 -10 -11 24 -16 -12 -20 -21 -17 -23 -1 -26 28 -27 -25 -30
right_child=1 2 3 10 5 7 -8 -9 13 11 19 12 -14 14 18 22 -18 -19 20 21 -22 23 -24 26 25 27 -28 -29 29 -31
leaf_value=-0.036015632567787864 0.032330090627529361 0.042020907799887382 0.039641971520368691 0.039143739408692091 -0.036757194461289992 -0.036193157123399509 -0.03741213555219846 -0.036482893704733531 -0.035999806459869603 -0.036004200004652868 0.039172873643369049 -0.036030362910893989 -0.036068247895592244 -0.036051465254290926 -0.036007416926213287 -0.036015560238170319 -0.036025794030106605 -0.036005057015410007 -0.036014787453646308 0.039167670543834049 -0.036015653331313818 0.039167321911667531 -0.03601518633394922 0.039167395408040283 -0.036015121445341761 -0.036015635945804633 0.039167452247171761 -0.036015683569435887 0.039167418055479124 0.039167399939982257
leaf_weight=20.009367398917675 6.3229177296161643 5.5339029282331458 4.9258550256490699 4.6586142629384986 2.7204396575689307 2.2793767675757399 4.1257844045758247 2.7406441494822493 4.1324247494339961 2.1780790314078313 4.6753839105367652 3.1842166557908058 2.4440692812204361 2.652547910809516 4.0335877761244756 2.4046562761068344 2.3026703894138336 1.7449156492948521 2.1855151951313019 4.6724839359521857 2.951256588101387 4.6722878217697135 2.6229470372200012 13.082522407174112 1.6671765968203534 9.0875979512929899 4.672361508011817 1.7508480474352826 7.2421303391456631 9.8118968904018384
leaf_count=240 26 22 20 20 26 20 31 22 38 20 20 29 22 24 37 22 21 21 20 20 27 20 24 56 20 109 20 21 31 42
internal_value=-0.00043089 0.038809 0.0394496 0.039206 -0.0361401 -0.0362398 -0.0371519 -0.0360669 -0.0360328 -0.0360623 0.0391658 -0.0360328 -0.0360468 -0.0360153 -0.0360207 -0.0360083 -0.0360153 -0.0360151 -0.0360118 0.0391679 -0.0360153 0.0391674 -0.0360154 0.0391674 -0.0360156 -0.0360156 0.0391674 -0.0360156 0.0391674 0.0391674
internal_weight=147.488 70.2704 63.9474 58.4135 77.2181 42.9582 6.84622 36.112 33.3713 12.3884 53.4877 10.109 5.62829 20.9829 11.8229 9.16003 4.48075 34.2599 9.17036 48.8291 5.13677 44.1537 5.0276 39.4812 32.515 12.5056 34.8089 10.8384 30.1365 17.054
internal_count=1091 297 271 249 794 383 57 326 304 112 229 92 51 192 108 84 41 411 84 209 47 189 46 169 390 150 149 130 129 73
is_linear=0
shrinkage=0.05


Tree=78
num_leaves=31
num_cat=0
split_feature=1 1 1 3 1 1 1 2 3 3 3 3 4 2 4 1 0 0 3 7 0 2 0 8 1 1 1 0 2 1
split_gain=68.2869 2.62935 1.79114 0.0341525 0.112398 0.000795877 4.12145e-05 2.45919e-05 2.7084e-05 2.64275e-05 0.0001142 2.18231e-05 3.60258e-06 9.07045e-07 2.59806e-07 1.33599e-07 7.68487e-08 2.48676e-07 7.21351e-08 4.85561e-08 1.20567e-08 2.73927e-09 5.0359e-10 1.83011e-10 1.18991e-10 1.79696e-11 2.26963e-10 1.43352e-12 2.04725e-12 1.41487e-12
threshold=401.50000000000006 350.50000000000006 417.50000000000006 0.0099647634353574616 1005.5000000000001 326.50000000000006 480.50000000000006 3682.0000000000005 0.086986916393657035 0.09969184575573993 0.082773846981974 0.13824253337460482 1.0000000180025095e-35 7497.5000000000009 13.500000000000002 290.00000000000006 58.102235 48.52150000000001 0.14848215025473857 17.413240000000002 59.125015000000012 5570.0000000000009 68.52676000000001 9.2380000000000049 731.50000000000011 8.5000000000000018 105.50000000000001 49.325205000000004 5470.5000000000009 206.50000000000003
decision_type=2 2 2 2 2 2 2 2 2 2 2 2 2 2 2 2 2 2 2 2 2 2 2 2 2 2 2 2 2 2
left_child=1 5 -2 4 -4 15 -5 8 -8 10 13 -11 -13 14 19 25 17 -6 -14 -9 -20 -22 -18 -23 -25 -1 -27 29 -29 -28
right_child=2 -3 3 6 16 -7 7 9 -10 11 -12 12 18 -15 -16 -17 22 -19 20 -21 21 23 -24 24 -26 26 27 28 -30 -31
leaf_value=0.038744858217838574 -0.00038477513943989476 0.011106702288819693 -0.025802714936783263 -0.036076951223660246 -0.035835833829769223 0.039576399220790898 -0.035859446436823227 -0.035841682534880744 -0.036075295421955152 -0.035678513349695962 -0.036242068944195627 -0.035894789233427905 -0.035827078414570133 -0.035872458381377266 -0.035855940012518246 0.038733833714095028 -0.035834920032875507 -0.035857799079479238 -0.035839147301819495 -0.03583264714087829 -0.035834172196608685 -0.035836371623559356 -0.035835951532062212 -0.03583558724035122 -0.035835958398664519 0.038744401111740101 0.038744823840291459 0.038744908944437405 0.038744863934831245 0.03874487258523613
leaf_weight=34.881866365671158 3.8704897761344901 9.9655274003744108 3.8226649537682524 2.4340230822563163 3.399131737649439 3.0214887559413901 3.0106041133403769 3.1993406042456609 2.8095037490129471 2.2206389158964148 2.2070017307996741 2.8088760375976589 2.3867449834942844 3.8581656739115706 2.799749381840229 2.9025226831436148 2.0594324171543121 2.0752325132489204 2.996066331863406 2.7780554890632629 2.3927752077579525 2.3945884555578258 2.7812203913927078 2.5136416777968433 15.323201730847357 3.0519778728485134 3.0521500259637859 3.6335525959730139 8.2844516336917859 2.9068282246589661
leaf_count=240 12 33 32 22 33 19 29 31 22 20 19 23 20 37 27 20 20 20 25 27 20 20 27 21 128 21 21 25 57 20
internal_value=0.000147041 0.0349381 -0.0334986 -0.0353225 -0.0331261 0.038785 -0.0358757 -0.0358666 -0.0359636 -0.0358548 -0.0359102 -0.0358299 -0.0358408 -0.0358523 -0.0358434 0.0387443 -0.0358401 -0.0358442 -0.0358354 -0.0358375 -0.0358362 -0.0358358 -0.0358355 -0.035836 -0.0358359 0.0387448 0.0387448 0.0387449 0.0387449 0.0387448
internal_weight=145.842 71.7004 74.1411 70.2707 14.1377 61.7348 56.133 53.699 5.82011 47.8788 14.8423 33.0365 30.8159 12.6353 8.77715 58.7133 10.315 5.47436 28.007 5.9774 25.6203 22.6242 4.84065 20.2314 17.8368 55.8108 20.929 17.877 11.918 5.95898
internal_count=1091 456 635 623 132 423 491 469 51 418 141 277 257 122 85 404 100 53 234 58 214 189 47 169 149 384 144 123 82 41
is_linear=0
shrinkage=0.05


Tree=79
num_leaves=31
num_cat=0
split_feature=3 1 1 1 3 1 1 1 2 1 1 1 3 7 4 3 0 0 2 3 1 0 0 2 3 1 1 13 8 1
split_gain=24.3564 43.6725 3.30739 0.575695 0.219201 0.0152144 0.116815 0.000298954 6.59796e-05 3.41579e-05 0.000163726 1.83393e-05 8.0258e-06 7.57954e-06 3.48922e-06 3.05795e-06 7.72168e-07 2.5128e-06 7.3995e-07 4.56265e-07 2.73401e-08 1.93231e-08 4.33915e-09 1.84891e-09 1.85013e-10 9.8586e-11 4.01457e-13 3.28093e-12 2.46914e-13 1.68754e-13
threshold=0.11277836960585665 364.00000000000006 417.50000000000006 350.50000000000006 0.089017473838194208 700.50000000000011 683.50000000000011 326.50000000000006 3734.5000000000005 1005.5000000000001 1003.0000000000001 494.50000000000006 0.14131452864802432 16.115000000000006 1.0000000180025095e-35 0.067487940812970951 58.102235 48.52150000000001 4757.5000000000009 0.049370458789454903 290.00000000000006 59.125015000000012 68.52676000000001 5570.0000000000009 0.17243108127731724 733.00000000000011 8.5000000000000018 36.500000000000007 10.552905000000004 262.50000000000006
decision_type=2 2 2 2 2 2 2 2 2 2 2 2 2 2 2 2 2 2 2 2 2 2 2 2 2 2 2 2 2 2
left_child=1 3 -3 7 5 6 11 20 -2 10 15 -4 -10 19 -14 18 17 -11 -7 -13 26 -16 -18 -23 -25 -26 -1 -28 -27 -29
right_child=8 2 4 -5 -6 9 -8 -9 12 16 -12 13 14 -15 21 -17 22 -19 -20 -21 -22 23 -24 24 25 28 27 29 -30 -31
leaf_value=-0.035835952459881179 -0.03609632482522545 0.0088021905284957624 0.03891181880641776 -0.0045106631167055591 0.027095979627484758 0.038740357554133686 0.029335970051073464 -0.036503425455428444 -0.035745226842568922 0.038744630312120235 0.039132886772019593 0.03877208766748913 -0.035894814940377807 0.038833186885820076 -0.035839812123367516 0.038809419415989532 0.038742652104861469 0.038795978589516104 0.038767693682736665 0.038747644746602992 -0.035829184594837797 -0.035834541439752614 0.038744878272005866 -0.035836267424249307 -0.035835603502337089 -0.035835934362024195 -0.035836029527978944 -0.035835950218622271 -0.035835951882321852 -0.035835967790599013
leaf_weight=18.856677144765861 2.6052117496728888 12.026028245687483 4.2799058705568376 1.5302722752094258 4.8157006055116645 3.9991278648376483 3.9381593316793433 1.7693222165107716 2.3190213069319716 6.2879236191511172 4.0036408603191367 3.8244623839855176 2.8088993802666691 6.5525522232055664 3.4761983379721668 3.8410386890172949 3.8098582625389081 3.8361389487981796 6.4977636784315109 3.8123492747545242 1.567706175148486 2.5127357095479992 5.1448358446359634 4.3101060390472439 2.3939580768346813 2.3942305073142043 1.6500030010938633 8.0140860676765424 12.569784902036188 1.6499671936035145
leaf_count=240 20 35 22 10 19 21 19 19 20 33 20 20 23 34 29 20 20 20 34 20 20 21 27 36 20 20 21 102 105 21
internal_value=0.000292957 0.0117447 0.0328792 -0.0345012 0.0373584 0.0381845 0.0371541 -0.0358709 -0.0358541 0.0388015 0.0388502 0.0388211 -0.0358349 0.0387937 -0.0358417 0.0387712 0.0387546 0.0387641 0.0387573 0.0387599 -0.0358356 -0.0358363 0.0387439 -0.0358358 -0.035836 -0.0358359 -0.035836 -0.035836 -0.0358359 -0.035836
internal_weight=147.098 111.708 76.6695 35.038 64.6435 59.8278 22.4074 33.5078 35.3901 37.4203 18.3416 18.4693 32.7849 14.1894 30.4659 14.3379 19.0788 10.1241 10.4969 7.63681 31.7384 27.657 8.95469 24.1808 21.6681 17.358 30.1707 11.3141 14.964 9.66405
internal_count=1091 797 364 433 329 310 115 423 294 195 95 96 274 74 254 75 100 53 55 40 404 231 47 202 181 145 384 144 125 123
is_linear=0
shrinkage=0.05


Tree=80
num_leaves=31
num_cat=0
split_feature=3 2 3 1 1 0 3 4 1 1 2 2 3 7 7 7 1 1 1 1 2 0 3 0 7 2 0 0 0 1
split_gain=76.9886 0.124421 0.0157212 0.000381926 0.00267304 0.000240933 0.000230103 3.56327e-05 6.4323e-06 2.00684e-05 6.78955e-07 8.89746e-07 6.26788e-07 2.84243e-07 2.73324e-07 1.10541e-06 2.34422e-07 7.22807e-08 6.92515e-08 5.82867e-08 1.88687e-08 3.6121e-10 2.70465e-10 6.01017e-11 1.43245e-11 8.51763e-12 1.36691e-11 6.32383e-12 1.49036e-12 1.64668e-12
threshold=0.09969184575573993 3965.0000000000005 0.14131452864802432 334.50000000000006 417.50000000000006 52.905500000000011 0.089017473838194208 1.0000000180025095e-35 700.50000000000011 683.50000000000011 3682.0000000000005 7497.5000000000009 0.067487940812970951 16.761500000000005 14.039760000000003 18.264500000000005 1005.5000000000001 1005.5000000000001 300.50000000000006 683.50000000000011 5423.5000000000009 68.52676000000001 0.15755055698466761 44.082225000000008 26.746000000000002 2519.0000000000005 49.885500000000008 79.203000000000017 56.578500000000012 7.5000000000000009
decision_type=2 2 2 2 2 2 2 2 2 2 2 2 2 2 2 2 2 2 2 2 2 2 2 2 2 2 2 2 2 2
left_child=3 -2 -3 18 5 -5 8 -4 9 10 -6 13 14 -12 16 -16 -10 -17 25 -9 -21 -19 -22 -18 -24 26 -1 -26 -28 -30
right_child=1 2 7 4 6 -7 -8 19 12 -11 11 -13 -14 -15 15 17 23 21 -20 20 22 -23 24 -25 27 -27 28 -29 29 -31
leaf_value=-0.035835813873987203 0.031065762209006517 0.041630201185968566 0.038882708201323848 -0.037282489565996668 -0.035879461191592847 -0.036677456456529568 -0.036412815122364953 0.038750208647222652 -0.035818746184646054 -0.036026473427905624 -0.035846930128828135 -0.035874080949062623 -0.03586403952795026 -0.035823901738174124 -0.035872995327490942 -0.03582547096220666 -0.035835879951656373 -0.035835095220020492 -0.035825393775832041 0.038741469675484246 0.038745263264229904 -0.035835968798515361 0.038744774223703073 -0.035835523453849133 0.038744861305132876 -0.035835963120641884 -0.035835951710394977 0.038744925606719958 -0.035835948174516505 -0.035835906500063609
leaf_weight=3.2211956903338494 5.3716195076704016 5.2056563645601264 5.1860826760530463 3.3787040486931792 2.1944969370961172 3.2074580043554306 1.9642728939652432 5.0969220101833335 3.5836849063634926 2.05677955597639 3.1015259400010109 2.2953245043754578 2.0786753967404357 2.3593161851167679 2.0858571454882604 2.7710651978850365 2.2661263793706894 2.0595569312572479 1.6439377367496479 4.4269700646400443 4.650675266981124 2.7812381684780121 4.4289260357618323 2.4718293994665146 27.902558773756027 10.921203441917894 4.3213214874267605 4.4290151298046103 3.2213442325592014 8.9567785337567329
leaf_count=41 22 22 23 26 21 31 16 23 35 19 30 22 20 23 20 27 22 20 21 20 21 27 20 24 126 139 55 20 41 114
internal_value=-0.000462174 0.0383625 0.0390017 -0.0359638 -0.0360657 -0.0369878 -0.0358875 0.0387578 -0.0358553 -0.0358843 -0.0358549 -0.035848 -0.035838 -0.035837 -0.035835 -0.0358407 -0.0358284 -0.0358319 -0.0358354 0.0387451 0.0387446 -0.0358356 0.0387449 -0.0358357 0.0387449 -0.0358359 -0.0358359 0.0387449 -0.0358359 -0.0358359
internal_weight=139.64 66.6984 61.3268 72.9417 40.6559 6.58616 34.0697 56.1211 32.1055 12.0074 9.95066 7.75617 20.098 5.46084 18.0194 9.69772 8.32164 7.61186 32.2858 50.9351 45.8381 4.8408 41.4112 4.73796 36.7605 30.6418 19.7206 32.3316 16.4994 12.1781
internal_count=1091 297 275 794 383 57 326 253 310 115 96 75 195 53 175 94 81 74 411 230 207 47 187 46 166 390 251 146 210 155
is_linear=0
shrinkage=0.05


Tree=81
num_leaves=31
num_cat=0
split_feature=1 1 0 3 1 1 1 2 3 3 3 3 4 2 4 1 3 0 0 7 0 2 0 8 1 1 2 1 0 0
split_gain=63.2474 4.24433 5.5582 0.0361859 0.11778 0.000637969 3.51118e-05 2.38318e-05 2.65057e-05 2.47897e-05 0.000106979 1.91734e-05 2.94172e-06 8.21096e-07 2.58992e-07 1.07022e-07 7.37404e-08 6.28015e-08 2.03182e-07 4.07715e-08 1.48359e-08 2.24503e-09 4.1069e-10 1.50797e-10 9.92575e-11 1.41327e-11 1.84338e-10 8.61533e-13 8.26894e-13 5.32907e-14
threshold=417.50000000000006 350.50000000000006 52.835000000000008 0.0099647634353574616 1005.5000000000001 326.50000000000006 480.50000000000006 3682.0000000000005 0.086986916393657035 0.09969184575573993 0.082773846981974 0.13824253337460482 1.0000000180025095e-35 7497.5000000000009 13.500000000000002 290.00000000000006 0.14848215025473857 58.102235 48.52150000000001 17.413240000000002 59.125015000000012 5570.0000000000009 68.52676000000001 9.2380000000000049 731.50000000000011 8.5000000000000018 3021.5000000000005 262.50000000000006 78.361500000000021 56.578500000000012
decision_type=2 2 2 2 2 2 2 2 2 2 2 2 2 2 2 2 2 2 2 2 2 2 2 2 2 2 2 2 2 2
left_child=1 5 -3 4 -2 15 -5 8 -8 10 13 -11 -13 14 19 25 -14 18 -6 -9 -18 -22 -19 -23 -25 29 -27 -28 -26 -1
right_child=3 2 -4 6 17 -7 7 9 -10 11 -12 12 16 -15 -16 -17 20 22 -20 -21 21 23 -24 24 28 26 27 -29 -30 -31
leaf_value=0.038355947914293996 -0.025136004636094653 -0.026374611431172163 0.037211274472333557 -0.035899386154511811 -0.035668585533314069 0.039120412328813144 -0.035691405247048738 -0.035674015964368304 -0.035910998592124245 -0.035516273447717538 -0.036072204260675068 -0.035723470885948259 -0.035659509239065162 -0.035704616453502348 -0.035689034450317167 0.038345806063635399 -0.035672384926439114 -0.035667734398787086 -0.035689042560079015 -0.035665485000086039 -0.035667035262541384 -0.035669087889505041 -0.035668694189384072 -0.035668352429186499 -0.035668696251879371 0.038355512220964928 0.038355947925272062 0.038355977338222887 -0.035668727978916591 0.038355943747126371
leaf_weight=12.388074725866316 3.6480743438005439 6.4370386153459531 7.3736246675252914 2.2975472733378401 3.2017759308218938 2.8658723682165137 2.8367892429232588 3.0136119201779348 2.6652465015649796 2.0859875082969692 2.0958967655897132 2.6462074220180538 2.2472982704639461 3.6369241327047339 2.6388846263289452 2.7487719357013694 2.8228621706366566 1.9398559480905531 1.9548562839627264 2.6166062653064728 2.2538359612226513 2.255561068654063 2.6197417750954628 2.3676928803324726 11.952744148671625 2.7527300864458111 14.03982123732567 3.0282098054885855 2.4807867854833594 20.646784663200378
leaf_count=90 32 20 25 22 33 19 29 31 22 20 19 23 20 37 27 20 25 20 20 27 20 20 27 21 106 20 102 22 22 150
internal_value=0.00015639 0.0325044 0.00757441 -0.0351211 -0.0327964 0.0383929 -0.0357082 -0.0356995 -0.0357978 -0.0356876 -0.0357428 -0.0356627 -0.0356732 -0.0356848 -0.0356761 0.0383554 -0.0356682 -0.0356726 -0.0356763 -0.0356701 -0.035669 -0.0356685 -0.0356683 -0.0356687 -0.0356687 0.0383559 0.0383559 0.038356 -0.0356687 0.0383559
internal_weight=138.56 72.2809 13.8107 66.2788 13.3643 58.4703 52.9145 50.6169 5.50204 45.1149 14.0019 31.113 29.027 11.906 8.2691 55.6044 26.3808 9.71623 5.15663 5.63022 24.1335 21.3106 4.5596 19.0568 16.8012 52.8556 19.8208 17.068 14.4335 33.0349
internal_count=1091 468 45 623 132 423 491 469 51 418 141 277 257 122 85 404 234 100 53 58 214 189 47 169 149 384 144 124 128 240
is_linear=0
shrinkage=0.05


Tree=82
num_leaves=31
num_cat=0
split_feature=3 1 1 1 3 1 1 1 2 1 1 3 4 3 3 4 7 0 0 0 1 0 0 2 3 1 1 13 8 1
split_gain=22.6977 40.3343 3.25368 0.575228 0.272649 0.0160614 0.122561 0.000244004 6.34685e-05 5.60884e-05 0.000161479 1.69882e-05 1.18938e-05 7.51495e-06 6.42292e-06 2.84052e-06 1.37711e-06 6.23108e-07 2.19164e-06 5.88465e-07 2.225e-08 2.15681e-08 7.40471e-09 1.51595e-09 1.51474e-10 8.24176e-11 3.4639e-13 2.49045e-12 1.90958e-13 9.59233e-14
threshold=0.11277836960585665 364.00000000000006 417.50000000000006 350.50000000000006 0.091852391733789132 700.50000000000011 683.50000000000011 326.50000000000006 3734.5000000000005 1005.5000000000001 887.50000000000011 0.066927871290141841 12.500000000000002 0.14131452864802432 0.038225140500946227 1.0000000180025095e-35 16.197000000000006 52.440000000000005 63.354490000000006 54.939820000000005 290.00000000000006 59.125015000000012 44.082225000000008 5570.0000000000009 0.17243108127731724 733.00000000000011 8.5000000000000018 36.500000000000007 10.552905000000004 262.50000000000006
decision_type=2 2 2 2 2 2 2 2 2 2 2 2 2 2 2 2 2 2 2 2 2 2 2 2 2 2 2 2 2 2
left_child=1 3 -3 7 5 6 12 20 -2 10 11 19 14 -10 -4 -15 -16 22 -19 -7 26 -17 -11 -23 -25 -26 -1 -28 -27 -29
right_child=8 2 4 -5 -6 9 -8 -9 13 17 -12 -13 -14 15 16 21 -18 18 -20 -21 -22 23 -24 24 25 28 27 29 -30 -31
leaf_value=-0.03566869721511174 -0.035930656862576286 0.0084533044225748432 0.038466727794825094 -0.0042028492197978672 0.024314871233598063 0.038356876097562498 0.02851639751729905 -0.036289632842056864 -0.035577808488146415 0.038355755293711151 0.038746333330754022 0.038493045342989266 0.038501193415273978 -0.035723493112570691 0.038369941076917789 -0.035672916683941625 0.038411270142634318 0.038404251020696861 0.038355998667666646 0.038382431987387444 -0.03566240650400105 -0.035667379374924729 0.038352664968707345 -0.035668989489405958 -0.035668367600139743 -0.035668679831357561 -0.035668767079452379 -0.035668696263262745 -0.035668695701518233 -0.035668709852570993
leaf_weight=17.761850878596317 2.4716366529464713 12.02284789085388 3.8490666300058427 1.5192133486270893 4.0232506245374671 5.9559332430362719 3.7730227410793296 1.6688012108206738 2.1784040331840542 3.9699926078319576 4.5678190588951102 3.6709551513195029 5.7009946852922431 2.6462294682860401 4.5203565210103971 3.2751290872693088 3.637488454580307 3.6340653002262098 6.6770472973585129 3.6227020919322968 1.4766626805067051 2.3668325692415264 3.7878173291683197 4.0598627105355289 2.2549583017826107 2.2552206069231024 1.5542025566101063 7.5487853214144689 11.839978523552416 1.5541695505380628
leaf_count=240 20 35 21 10 16 33 19 19 20 22 24 20 31 23 25 29 20 20 37 20 20 21 21 36 20 20 21 102 105 21
internal_value=0.000310401 0.0115825 0.0322391 -0.0342548 0.0368973 0.0377797 0.0366984 -0.0357012 -0.0356869 0.038427 0.03849 0.0384016 0.0384417 -0.0356673 0.0384135 -0.0356741 0.0383884 0.038365 0.038373 0.0383665 -0.0356684 -0.0356691 0.0383542 -0.0356686 -0.0356687 -0.0356686 -0.0356687 -0.0356687 -0.0356687 -0.0356687
internal_weight=139.845 106.497 73.4134 33.0837 61.3905 57.3673 21.4809 31.5645 33.3483 35.8863 17.8174 13.2496 17.7079 30.8766 12.0069 28.6982 8.15784 18.0689 10.3111 9.57864 29.8957 26.052 7.75781 22.7769 20.41 16.3502 28.419 10.6572 14.0952 9.10295
internal_count=1091 797 364 433 329 313 116 423 294 197 97 73 97 274 66 254 45 100 57 53 404 231 43 202 181 145 384 144 125 123
is_linear=0
shrinkage=0.05


Tree=83
num_leaves=31
num_cat=0
split_feature=3 2 3 1 1 1 3 4 1 1 2 2 3 7 7 7 1 1 1 1 2 0 3 0 7 2 0 0 1 0
split_gain=71.728 0.130424 0.0162672 0.000370524 0.00256562 0.00022001 0.000214595 2.86178e-05 6.35269e-06 2.15395e-05 5.62536e-07 7.28655e-07 5.17222e-07 2.35766e-07 2.28434e-07 8.46608e-07 1.79083e-07 7.15979e-08 6.40535e-08 4.69452e-08 1.51834e-08 2.94977e-10 2.31882e-10 6.89071e-11 1.37952e-11 7.4234e-12 1.11413e-11 5.1017e-12 1.35802e-12 1.25944e-12
threshold=0.09969184575573993 3965.0000000000005 0.14131452864802432 334.50000000000006 417.50000000000006 372.50000000000006 0.089017473838194208 1.0000000180025095e-35 700.50000000000011 683.50000000000011 3682.0000000000005 7497.5000000000009 0.067487940812970951 16.761500000000005 14.469400000000002 18.628095000000005 1005.5000000000001 1005.5000000000001 300.50000000000006 683.50000000000011 5423.5000000000009 68.52676000000001 0.15755055698466761 44.082225000000008 26.746000000000002 2519.0000000000005 49.885500000000008 79.203000000000017 272.50000000000006 56.578500000000012
decision_type=2 2 2 2 2 2 2 2 2 2 2 2 2 2 2 2 2 2 2 2 2 2 2 2 2 2 2 2 2 2
left_child=3 -2 -3 18 5 -5 8 -4 9 10 -6 13 14 -12 16 -16 -10 -17 25 -9 -21 -19 -22 -18 -24 26 -1 -26 -27 -28
right_child=1 2 7 4 6 -7 -8 19 12 -11 11 -13 -14 -15 15 17 23 21 -20 20 22 -23 24 -25 27 28 29 -29 -30 -31
leaf_value=-0.035668568032591545 0.03031488315389402 0.041361207696928193 0.038482873775390357 -0.036456399089945066 -0.035709444592772359 -0.037059527553573807 -0.036239960431384874 0.0383608801106127 -0.035653509154690004 -0.035868929559172362 -0.035679000960353938 -0.035704256976312125 -0.03569488719689367 -0.035657391156387018 -0.035701366255027109 -0.035657420115286616 -0.035668629014187589 -0.035667898386073503 -0.035658234772500817 0.038352822361014484 0.038356329887917061 -0.035668711788347254 0.038355859784788504 -0.035668235702348061 0.038355948343974086 -0.035668700940911562 -0.035668696674991278 0.038356007713720552 -0.035668751687077664 -0.035668664295090746
leaf_weight=3.0341708138585188 5.1410336792469016 4.9627218991518012 4.9129456877708426 2.4965797737240782 2.0674858689308167 3.8342155814170837 1.8717447444796551 4.8270985484123221 3.6658980622887665 1.9534910395741469 2.921622596681118 2.1623199880123138 1.9581353440880764 2.2221924737095833 2.0618392303585988 2.2221383899450302 2.1345537602901459 1.9399735108017919 1.5480763614177693 4.1925273835659018 4.4044312685728064 2.6197585090994835 4.1944071501493445 2.3282590284943581 26.425108760595325 8.7329249829053861 4.0704238936305037 4.194498509168624 1.5541937649250019 11.471055410802363
leaf_count=41 22 22 23 26 21 31 16 23 38 19 30 22 20 23 21 23 22 20 21 20 21 27 20 24 126 118 55 20 21 155
internal_value=-0.000492541 0.0379482 0.0386235 -0.0357986 -0.0359017 -0.0368217 -0.0357204 0.0383679 -0.0356883 -0.0357179 -0.0356864 -0.0356799 -0.0356706 -0.0356697 -0.0356677 -0.0356733 -0.0356617 -0.0356648 -0.0356681 0.0383562 0.0383557 -0.0356684 0.038356 -0.0356684 0.0383559 -0.0356687 -0.0356687 0.038356 -0.0356687 -0.0356687
internal_weight=132.126 63.2548 58.1137 68.8711 38.4602 6.3308 32.1294 53.151 30.2577 11.3271 9.37362 7.30614 18.9306 5.14382 16.9724 8.84371 8.12871 6.78187 30.4108 48.2381 43.411 4.55973 39.2184 4.46281 34.814 28.8628 18.5757 30.6196 10.2871 15.5415
internal_count=1091 297 275 794 383 57 326 253 310 115 96 75 195 53 175 91 84 70 411 230 207 47 187 46 166 390 251 146 139 210
is_linear=0
shrinkage=0.05


Tree=84
num_leaves=31
num_cat=0
split_feature=1 1 1 3 1 1 1 2 3 3 3 3 4 2 4 1 0 0 7 0 2 0 3 1 2 0 2 0 1 0
split_gain=58.678 2.56022 1.70059 0.0383448 0.123347 0.000512751 3.0361e-05 2.31172e-05 2.5883e-05 2.29445e-05 9.86153e-05 1.68556e-05 2.31867e-06 7.41296e-07 2.54848e-07 8.59068e-08 5.18938e-08 1.66867e-07 3.42648e-08 1.75655e-08 1.73849e-09 3.76652e-10 1.61707e-10 8.77654e-11 1.13722e-11 1.69784e-11 2.40163e-12 2.06057e-12 2.11919e-12 1.11555e-12
threshold=401.50000000000006 350.50000000000006 417.50000000000006 0.0099647634353574616 1005.5000000000001 326.50000000000006 480.50000000000006 3682.0000000000005 0.086986916393657035 0.09969184575573993 0.082773846981974 0.14131452864802432 1.0000000180025095e-35 7497.5000000000009 13.500000000000002 290.00000000000006 58.102235 48.52150000000001 17.413240000000002 59.125015000000012 5570.0000000000009 68.52676000000001 0.17243108127731724 733.00000000000011 2519.0000000000005 49.885500000000008 3627.5000000000005 56.578500000000012 7.5000000000000009 65.94348500000001
decision_type=2 2 2 2 2 2 2 2 2 2 2 2 2 2 2 2 2 2 2 2 2 2 2 2 2 2 2 2 2 2
left_child=1 5 -2 4 -4 15 -5 8 -8 10 13 -11 -13 14 18 24 17 -6 -9 -14 -21 -18 -22 -24 25 -1 -26 -27 -29 -30
right_child=2 -3 3 6 16 -7 7 9 -10 11 -12 12 19 -15 -16 -17 21 -19 -20 20 22 -23 23 -25 26 27 -28 28 29 -31
leaf_value=0.037997459551009687 -0.00079641738748302885 0.010429740913324138 -0.024459532224227074 -0.035735163051324938 -0.035512859469914483 0.038701635943903474 -0.035534861105880097 -0.035517893507180452 -0.035758045619730089 -0.035376105366451707 -0.035910925569365412 -0.035563965882014784 -0.035516872168494994 -0.03554824936817208 -0.035533550344833985 0.037988238261176081 -0.035512012424165788 -0.035531965085818733 -0.035509833476503702 -0.035511514165140083 -0.035513280606423302 -0.035512959703265033 -0.035512618772869341 -0.035512965010762385 0.037997635452921459 0.03799758005762463 0.037997583382755301 0.037997575859532715 0.037997523340229579 0.037997551024056282
leaf_weight=5.3400076925754538 3.8756093680858603 9.9050610363483411 3.4824170395731917 2.168519899249076 3.0145315453410131 2.7157769203186026 2.6717663258314124 2.837382607161997 2.52839545160532 2.2682285532355335 1.9885196834802616 2.4918178245425251 3.0836113691329983 3.4268415197730064 2.4861624613404274 2.600967898964881 1.8263657614588735 1.8406683951616285 2.4634242281317711 2.2282083407044437 3.8225079625844982 2.4665341004729271 2.1230513080954543 13.270921766757963 2.6049572229385403 7.1635651588439968 14.717877820134161 5.34010934829712 6.3820266723632821 8.4659932255744916
leaf_count=41 12 33 32 22 33 19 29 31 22 23 19 23 29 37 27 20 20 20 27 21 36 27 20 125 20 55 113 41 49 65
internal_value=0.000166148 0.0338408 -0.0329355 -0.0349288 -0.032468 0.0380317 -0.0355522 -0.0355439 -0.0356434 -0.0355317 -0.0355864 -0.035507 -0.035518 -0.0355289 -0.0355203 0.0379971 -0.0355166 -0.0355201 -0.0355141 -0.0355133 -0.0355128 -0.0355126 -0.035513 -0.0355129 0.0379976 0.0379975 0.0379976 0.0379976 0.0379975 0.0379975
internal_weight=131.602 65.2363 66.3655 62.4899 12.6305 55.3313 49.8594 47.6908 5.20016 42.4907 13.2023 29.2883 27.0201 11.2138 7.78697 52.6155 9.1481 4.8552 5.30081 24.5283 21.4447 4.2929 19.2165 15.394 50.0145 32.6917 17.3228 27.3517 20.1881 14.848
internal_count=1091 456 635 623 132 423 491 469 51 418 141 277 254 122 85 404 100 53 58 231 202 47 181 145 384 251 133 210 155 114
is_linear=0
shrinkage=0.05


Tree=85
num_leaves=31
num_cat=0
split_feature=3 1 1 1 3 1 1 1 2 1 1 3 4 3 3 4 7 0 0 0 0 1 0 2 7 1 3 1 13 1
split_gain=21.1587 37.2959 3.17683 0.564025 0.27216 0.0170583 0.127938 0.000199164 6.08898e-05 5.0482e-05 0.000151224 1.3711e-05 9.62289e-06 7.01229e-06 5.18187e-06 2.31224e-06 1.11006e-06 5.0634e-07 1.63746e-06 4.74935e-07 2.37311e-08 1.81274e-08 3.18759e-09 1.85206e-09 1.29444e-09 8.45599e-11 4.59277e-12 2.52243e-13 1.94955e-12 7.19425e-14
threshold=0.11277836960585665 364.00000000000006 417.50000000000006 350.50000000000006 0.091852391733789132 700.50000000000011 683.50000000000011 326.50000000000006 3734.5000000000005 1005.5000000000001 887.50000000000011 0.066927871290141841 12.500000000000002 0.14131452864802432 0.038225140500946227 1.0000000180025095e-35 16.197000000000006 58.102235 48.52150000000001 54.939820000000005 57.498500000000007 290.00000000000006 68.52676000000001 5500.5000000000009 26.832500000000007 715.50000000000011 0.16689594824667678 8.5000000000000018 36.500000000000007 262.50000000000006
decision_type=2 2 2 2 2 2 2 2 2 2 2 2 2 2 2 2 2 2 2 2 2 2 2 2 2 2 2 2 2 2
left_child=1 3 -3 7 5 6 12 21 -2 10 11 19 14 -10 -4 -15 -16 18 -11 -7 -17 27 -19 -22 -25 -26 -27 -1 -29 -30
right_child=8 2 4 -5 -6 9 -8 -9 13 17 -12 -13 -14 15 16 20 -18 22 -20 -21 23 -23 -24 24 25 26 -28 28 29 -31
leaf_value=-0.035512962889227527 -0.035776215419755335 0.0082137084154681756 0.03809970982067043 -0.0043368975429557447 0.023718134695676185 0.037998417323848455 0.027704710676380497 -0.036090775837812158 -0.035422074006922134 0.037997385830742476 0.038382105214514878 0.038124163826841119 0.038131646472930929 -0.035563988731612706 0.038010353551133906 -0.035518225556178368 0.038048497688582837 0.037995579228883407 0.038041169402223192 0.038022018688669112 -0.035511527254209349 -0.035507110874913671 0.037997594813694607 -0.035514159099580229 -0.035512643178424612 -0.035513039037816704 -0.035512961425654216 -0.035513026288368547 -0.035512961768304152 -0.035512974000247416
leaf_weight=16.723103247582927 2.3447811007499721 12.001246720552443 3.6430285722017341 1.5220992118120182 3.9071439504623404 5.6357875019311923 3.6143802255392066 1.5731326267123211 2.0451179146766689 5.6348849087953585 4.3416027426719657 3.4746063053607932 5.3962085247039786 2.4918386712670353 4.27741739153862 2.3404913693666485 3.4423206150531769 3.414083003997801 3.4385509639978409 3.4281777143478394 2.1221163496375111 1.3902854025363911 4.6105144172906876 2.4430173560977009 2.2292249202728298 2.2295813485980025 13.164733797311781 1.4633094519376744 7.1073176115751249 1.4632787257432935
leaf_count=240 20 35 21 10 16 33 19 19 20 33 24 20 31 23 25 22 20 20 20 20 20 20 27 23 21 21 124 21 102 21
internal_value=0.000330356 0.011428 0.0316387 -0.0340229 0.0364643 0.0373805 0.0362366 -0.0355433 -0.0355311 0.0380664 0.0381278 0.0380397 0.0380767 -0.0355113 0.0380506 -0.0355181 0.0380274 0.0380059 0.038014 0.0380073 -0.0355134 -0.0355127 0.0379967 -0.0355129 -0.0355131 -0.0355129 -0.035513 -0.035513 -0.035513 -0.035513
internal_weight=132.913 101.502 70.26 31.2425 58.2587 54.3516 20.3734 29.7204 31.4109 33.9782 16.8802 12.5386 16.759 29.0661 11.3628 27.021 7.71974 17.098 9.07344 9.06397 24.5292 28.1473 8.0246 22.1887 20.0666 17.6235 15.3943 26.757 10.0339 8.5706
internal_count=1091 797 364 433 329 313 116 423 294 197 97 73 97 274 66 254 45 100 53 53 231 404 47 209 189 166 145 384 144 123
is_linear=0
shrinkage=0.05


Tree=86
num_leaves=31
num_cat=0
split_feature=3 2 3 1 1 0 3 4 1 1 1 2 2 3 7 7 7 1 1 1 2 0 3 0 7 1 2 0 2 1
split_gain=66.8555 0.136886 0.0166929 0.000365338 0.00295421 0.000243016 0.000198591 2.30164e-05 6.24795e-06 2.27357e-05 1.86718e-06 4.63353e-07 5.95653e-07 4.19796e-07 1.93548e-07 1.89926e-07 6.99136e-07 1.53291e-07 6.11121e-08 3.78351e-08 1.22446e-08 2.76972e-10 1.97286e-10 5.95373e-11 1.33369e-11 6.25811e-12 9.13909e-11 4.21707e-12 2.06413e-12 3.39551e-12
threshold=0.09969184575573993 3965.0000000000005 0.14131452864802432 350.50000000000006 417.50000000000006 52.905500000000011 0.089017473838194208 1.0000000180025095e-35 700.50000000000011 683.50000000000011 321.50000000000006 3682.0000000000005 7497.5000000000009 0.067487940812970951 16.761500000000005 14.469400000000002 18.628095000000005 1005.5000000000001 1005.5000000000001 683.50000000000011 5423.5000000000009 68.52676000000001 0.15755055698466761 44.082225000000008 26.746000000000002 8.5000000000000018 3021.5000000000005 79.203000000000017 9293.5000000000018 282.50000000000006
decision_type=2 2 2 2 2 2 2 2 2 2 2 2 2 2 2 2 2 2 2 2 2 2 2 2 2 2 2 2 2 2
left_child=3 -2 -3 10 5 -5 8 -4 9 11 25 -6 14 15 -13 17 -17 -10 -18 -9 -21 -20 -22 -19 -24 -1 -27 -26 29 -28
right_child=1 2 7 4 6 -7 -8 19 13 -11 -12 12 -14 -15 -16 16 18 23 21 20 22 -23 24 -25 27 26 28 -29 -30 -31
leaf_value=-0.035512958367027614 0.029569948790141101 0.041115856113173498 0.038114581033376296 -0.037170048217484063 -0.035551034376112935 -0.036485538256480848 -0.036076702205887039 0.038002130699350732 -0.035498484768734753 -0.035722043646429523 -0.0355690437188875 -0.035522582057926959 -0.035546096353424678 -0.03553717743595005 -0.035502403447126976 -0.035543479646558886 -0.03550220841281098 -0.035512903034798204 -0.035512163901873194 0.037994693476843998 0.037997940114674944 -0.035512976203635062 0.037997489038642869 -0.03551252625649956 0.037997579169232541 -0.035512541575388794 -0.035512961030017685 0.037997634646365595 -0.035512924745719703 -0.035513044629898606
leaf_weight=16.723081827163703 4.9190349727869025 4.7287517338991156 4.650153473019599 2.8007192537188521 1.9468645974993739 2.4144168049097061 1.7826055362820614 4.5676860064268103 3.450889520347121 1.8554757237434394 1.5660723075270642 2.7508588507771492 2.0360660627484322 1.8435956612229336 2.0921479761600494 1.9414940029382686 2.0919009819626808 2.0097204148769379 1.8264767304062841 3.9671427160501471 4.1676961779594413 2.4665498957037926 3.9689447134733191 2.1920885965228081 25.004714608192447 1.463024079799651 5.8530848994851095 3.9690380543470374 2.3690712600946426 1.5330025926232336
leaf_count=240 22 22 23 21 21 24 16 23 38 19 22 30 22 20 23 21 23 22 20 20 21 27 20 24 126 21 84 20 34 22
internal_value=-0.000526394 0.0375612 0.0382756 -0.0356459 -0.035754 -0.0368531 -0.0355647 0.0380086 -0.0355327 -0.0355629 -0.0355159 -0.0355295 -0.0355234 -0.0355146 -0.0355139 -0.035512 -0.0355172 -0.0355063 -0.0355092 0.0379978 0.0379973 -0.0355126 0.0379976 -0.0355127 0.0379976 -0.0355129 -0.0355129 0.0379976 -0.035513 -0.035513
internal_weight=124.952 59.9432 55.0241 65.0092 35.5019 5.21514 30.2867 50.2954 28.5041 10.6814 29.5073 8.82594 6.87907 17.8227 4.84301 15.9791 8.32642 7.6527 6.38493 45.6452 41.0775 4.29303 37.1104 4.20181 32.9427 27.9413 11.2182 28.9738 9.75516 7.38609
internal_count=1091 297 275 794 371 45 326 253 310 115 423 96 75 195 53 175 91 84 70 230 207 47 187 46 166 401 161 146 140 106
is_linear=0
shrinkage=0.05


Tree=87
num_leaves=31
num_cat=0
split_feature=1 1 1 3 1 1 1 2 3 3 3 3 4 2 4 1 0 0 7 0 2 0 3 1 2 0 2 0 1 0
split_gain=54.3468 2.54946 1.68185 0.0406366 0.129087 0.000414062 2.6293e-05 2.23568e-05 2.51492e-05 2.12258e-05 9.07756e-05 1.49013e-05 1.88739e-06 6.70878e-07 2.50244e-07 6.95119e-08 4.28032e-08 1.47791e-07 2.87423e-08 1.94769e-08 1.42463e-09 5.93941e-10 1.31957e-10 7.31939e-11 9.32232e-12 1.37526e-11 2.2311e-12 1.55254e-12 1.71596e-12 1.05782e-12
threshold=401.50000000000006 350.50000000000006 417.50000000000006 0.0099647634353574616 1005.5000000000001 326.50000000000006 480.50000000000006 3682.0000000000005 0.086986916393657035 0.09969184575573993 0.082773846981974 0.14131452864802432 1.0000000180025095e-35 7497.5000000000009 13.500000000000002 290.00000000000006 52.440000000000005 63.354490000000006 17.413240000000002 59.125015000000012 5570.0000000000009 44.082225000000008 0.17243108127731724 733.00000000000011 2519.0000000000005 49.885500000000008 3627.5000000000005 56.578500000000012 7.5000000000000009 65.94348500000001
decision_type=2 2 2 2 2 2 2 2 2 2 2 2 2 2 2 2 2 2 2 2 2 2 2 2 2 2 2 2 2 2
left_child=1 5 -2 4 -4 15 -5 8 -8 10 13 -11 -13 14 18 24 21 -18 -9 -14 -21 -6 -22 -24 25 -1 -26 -27 -29 -30
right_child=2 -3 3 6 16 -7 7 9 -10 11 -12 12 19 -15 -16 -17 17 -19 -20 20 22 -23 23 -25 26 27 -28 28 29 -31
leaf_value=0.037666895630303614 -0.00073166023146713829 0.010006965751774729 -0.023772598635148964 -0.035582165140585625 -0.035367821660334461 0.038317208986248796 -0.035389078406439477 -0.035372487902835065 -0.035615372621876605 -0.035234973777692045 -0.035760217266636855 -0.035415422213540076 -0.035372175532495768 -0.035402638512979728 -0.035388765881719485 0.037658365160236913 -0.03538607429205199 -0.035367925388380163 -0.035364878401655482 -0.0353665616059805 -0.03536820935398597 -0.035366553601685613 -0.035367590032057784 -0.03536791596834464 0.037667061620442178 0.037667006417472636 0.037667010005387129 0.037667003541673461 0.037666953753818955 0.037666981483703704
leaf_weight=5.0490093156695393 3.8734330832958213 9.8815803527832013 3.325410194694995 2.0460066348314276 1.8913698196411117 2.5715909674763671 2.5153416693210593 2.6703411042690259 2.3985219076275826 2.1287251040339497 1.8862568214535702 2.3454322293400791 2.9028285294771221 3.2276942357420921 2.3414087072014809 2.4591707512736312 1.7327303290367124 3.18108219653368 2.3182484656572342 2.0970110520720509 3.5974588841199902 1.8044006898999212 1.9980510026216496 12.489589139819143 2.4630037695169475 6.7731958255171802 13.915845885872839 5.0491067767143258 6.0342455208301553 8.0046491920948011
leaf_count=41 12 33 32 22 22 19 29 31 22 23 19 23 29 37 27 20 20 37 27 21 36 21 20 125 20 55 113 41 49 65
internal_value=0.000176326 0.0332993 -0.0326459 -0.0347448 -0.0321396 0.0376985 -0.0354069 -0.0353989 -0.0354995 -0.0353865 -0.0354407 -0.0353621 -0.0353727 -0.0353836 -0.0353753 0.0376666 -0.0353713 -0.0353743 -0.035369 -0.0353683 -0.0353678 -0.0353672 -0.0353679 -0.0353679 0.037667 0.037667 0.037667 0.037667 0.037667 0.037667
internal_weight=124.973 62.2014 62.7713 58.8979 11.935 52.3198 46.9629 44.9169 4.91386 40.003 12.4439 27.5591 25.4304 10.5577 7.33 49.7482 8.60958 4.91381 4.98859 23.0849 20.1821 3.69577 18.0851 14.4876 47.2891 30.9102 16.3788 25.8612 19.088 14.0389
internal_count=1091 456 635 623 132 423 491 469 51 418 141 277 254 122 85 404 100 57 58 231 202 43 181 145 384 251 133 210 155 114
is_linear=0
shrinkage=0.05


Tree=88
num_leaves=31
num_cat=0
split_feature=3 1 1 1 3 0 7 1 12 3 2 3 1 1 3 1 7 4 0 1 0 2 7 1 0 3 1 13 1 2
split_gain=19.7248 34.4479 3.12749 0.563954 0.316881 0.0182521 0.159175 0.000162537 0.000126011 0.000105171 5.82838e-05 4.04416e-05 0.000191264 1.15928e-05 6.51871e-06 3.28931e-06 2.28746e-06 1.882e-06 2.64988e-08 1.47487e-08 2.56328e-09 1.52068e-09 1.06465e-09 7.13367e-11 3.72138e-11 3.67795e-12 2.25597e-13 1.5552e-12 7.37188e-14 3.01981e-14
threshold=0.11277836960585665 364.00000000000006 417.50000000000006 350.50000000000006 0.093279130216099473 54.985000000000007 17.413240000000002 326.50000000000006 101.50000000000001 0.078188239648981986 3734.5000000000005 0.017579709884236853 1005.5000000000001 1005.5000000000001 0.14131452864802432 708.50000000000011 13.881500000000001 1.0000000180025095e-35 57.498500000000007 290.00000000000006 68.52676000000001 5500.5000000000009 26.832500000000007 715.50000000000011 45.890220000000006 0.16689594824667678 8.5000000000000018 36.500000000000007 262.50000000000006 7161.0000000000009
decision_type=2 2 2 2 2 2 2 2 2 2 2 2 2 2 2 2 2 2 2 2 2 2 2 2 2 2 2 2 2 2
left_child=1 3 -3 7 5 9 -7 19 -8 11 -2 12 -4 -10 -12 16 -13 -16 -19 26 -15 -20 -23 -24 -14 -25 -1 -28 -29 -27
right_child=10 2 4 -5 -6 6 8 -9 13 -11 14 15 24 20 17 -17 -18 18 21 -21 -22 22 23 25 -26 29 27 28 -30 -31
leaf_value=-0.035367912619981977 -0.035632207604367687 0.0078900705053024916 0.038063785658465792 -0.0040411395713775998 0.021250571279302535 0.025871205955304202 0.038000325801537005 -0.035905693361720024 0.037765781615480824 0.038045014647741217 -0.035277201254150452 0.037743649328689927 0.037666877832370174 0.037665162323124779 -0.035415443454273506 0.037672011692470066 0.037692498642536723 -0.035373649733520605 -0.03536657248668533 -0.035362471595290185 0.037667021138944934 -0.035369031610504496 -0.035367611026983735 -0.035367984201367803 0.037666655586118508 -0.035367918178778525 -0.035367971493933906 -0.035367911836784428 -0.035367924534171459 -0.03536791154204804
leaf_weight=15.738522037863744 2.2244261056184795 11.996540427207945 4.9856495261192375 1.5115607082843769 3.3926279991865149 3.336970970034602 5.0863122045993832 1.4821708947420109 4.7584035992622358 3.5797447413206092 1.9189322963356996 4.7426256388425809 4.5206118822097778 3.2280226200819016 2.3454518392682102 5.9790353477001181 4.0540762394666672 2.2034612819552448 1.9971642047166849 1.3084158450365055 4.3592703193426132 2.2991945594549206 2.0979725271463421 2.0983141884207717 3.2288734763860703 1.9983357191085804 1.3771555796265591 6.6888703852891904 1.3771274313330648 10.391317211091517
leaf_count=240 20 35 29 10 14 20 30 19 29 21 20 29 28 20 23 37 25 22 20 20 27 23 21 21 20 20 21 102 21 104
internal_value=0.000348524 0.0112739 0.0310306 -0.0337887 0.0360549 0.0370234 0.0358757 -0.0353962 0.0377909 0.0377901 -0.0353861 0.0377569 0.0378222 0.0377046 -0.0353661 0.0377006 0.0377201 -0.0353728 -0.0353684 -0.0353676 0.0376662 -0.0353679 -0.035368 -0.0353679 0.0376668 -0.0353679 -0.0353679 -0.0353679 -0.0353679 -0.0353679
internal_weight=126.307 96.7326 67.2488 29.4838 55.2522 51.8596 20.769 27.9723 17.432 31.0906 29.5746 27.5109 12.7351 12.3457 27.3501 14.7757 8.7967 25.4312 23.0858 26.4901 7.58729 20.8823 18.8851 16.5859 7.74949 14.488 25.1817 9.44315 8.066 12.3897
internal_count=1091 797 364 433 329 315 126 423 106 189 294 168 77 76 274 91 54 254 231 404 47 209 189 166 48 145 384 144 123 124
is_linear=0
shrinkage=0.05


Tree=89
num_leaves=31
num_cat=0
split_feature=3 2 3 1 1 0 3 4 1 1 1 2 2 3 7 7 7 1 1 1 2 0 3 0 7 1 2 0 2 1
split_gain=62.3325 0.143696 0.0170909 0.000352926 0.0028072 0.000211936 0.000183398 1.85337e-05 6.12334e-06 2.36626e-05 1.57154e-06 3.81487e-07 4.86995e-07 3.40919e-07 1.58864e-07 1.58566e-07 5.76669e-07 1.30467e-07 5.22567e-08 3.04665e-08 9.89786e-09 2.25413e-10 1.59904e-10 6.23077e-11 1.28466e-11 4.79261e-12 7.54437e-11 3.35199e-12 1.80478e-12 3.27294e-12
threshold=0.09969184575573993 3965.0000000000005 0.14131452864802432 350.50000000000006 417.50000000000006 52.905500000000011 0.089017473838194208 1.0000000180025095e-35 700.50000000000011 683.50000000000011 321.50000000000006 3682.0000000000005 7497.5000000000009 0.067487940812970951 16.761500000000005 14.469400000000002 18.628095000000005 1005.5000000000001 1005.5000000000001 683.50000000000011 5423.5000000000009 68.52676000000001 0.15755055698466761 44.082225000000008 26.746000000000002 8.5000000000000018 3021.5000000000005 79.203000000000017 9293.5000000000018 282.50000000000006
decision_type=2 2 2 2 2 2 2 2 2 2 2 2 2 2 2 2 2 2 2 2 2 2 2 2 2 2 2 2 2 2
left_child=3 -2 -3 10 5 -5 8 -4 9 11 25 -6 14 15 -13 17 -17 -10 -18 -9 -21 -20 -22 -19 -24 -1 -27 -26 29 -28
right_child=1 2 7 4 6 -7 -8 19 13 -11 -12 12 -14 -15 -16 16 18 23 21 20 22 -23 24 -25 27 26 28 -29 -30 -31
leaf_value=-0.035367909537772628 0.028832421927789589 0.040899685268793888 0.037774968215900435 -0.037002030382588029 -0.03540348682862756 -0.036351096187668408 -0.035923731032067099 0.037671206167710747 -0.035354123851765971 -0.035585050907564912 -0.035420938412292241 -0.035376894366997563 -0.035398794351451289 -0.035390313779619063 -0.035358049718010619 -0.03539642400422581 -0.035357668129660479 -0.035367856297280752 -0.035367168995797553 0.037664338047374291 0.037667340382736669 -0.035367924375814812 0.037666915558338281 -0.03536745897677971 0.037667007248554207 -0.035367520862940385 -0.03536791275446341 0.037667058127670711 -0.035367878607359127 -0.035367997350254553
leaf_weight=15.738501600921159 4.7058269679546347 4.5042212605476371 4.3978775441646567 2.702142968773841 1.8324974328279529 2.3276040107011795 1.6974592357873906 4.3188180327415457 3.2471471279859561 1.7625424861907966 1.4745147377252568 2.5889871567487717 1.9163696244359014 1.7350264415144909 1.9688941016793249 1.8273958116769788 1.9684808924794195 1.8913967013359072 1.7189379781484602 3.7509306520223609 3.9405852109193793 2.3213305622339249 3.7526558339595821 2.0629845485091209 23.6421142667532 1.3768864423036564 5.5084812566637975 3.7527513504028311 2.229590430855751 1.4427509382367132
leaf_count=240 22 22 23 21 21 24 16 23 38 19 22 30 22 20 23 21 23 22 20 20 21 27 20 24 126 21 84 20 34 22
internal_value=-0.000559304 0.0371997 0.037956 -0.0355026 -0.0356117 -0.0367008 -0.0354197 0.0376772 -0.0353878 -0.0354187 -0.0353707 -0.0353833 -0.0353776 -0.0353693 -0.0353688 -0.0353669 -0.0353718 -0.0353616 -0.0353643 0.0376672 0.0376668 -0.0353676 0.037667 -0.0353676 0.037667 -0.0353679 -0.0353679 0.037667 -0.0353679 -0.0353679
internal_weight=118.106 56.7658 52.06 61.3399 33.5692 5.02975 28.5395 47.5557 26.842 10.0693 27.7707 8.30675 6.47425 16.7727 4.55788 15.0377 7.83615 7.20153 6.00875 43.1579 38.839 4.04027 35.0881 3.95438 31.1475 26.2962 10.5577 27.3949 9.18082 6.95123
internal_count=1091 297 275 794 371 45 326 253 310 115 423 96 75 195 53 175 91 84 70 230 207 47 187 46 166 401 161 146 140 106
is_linear=0
shrinkage=0.05


Tree=90
num_leaves=31
num_cat=0
split_feature=1 1 0 3 1 1 2 3 3 3 3 4 1 2 7 7 0 0 0 1 0 2 7 0 1 3 1 1 0 2
split_gain=50.3695 4.04687 5.27731 0.043151 0.13579 0.000334707 2.24141e-05 3.12323e-05 0.00016467 2.45143e-05 1.31558e-05 1.5361e-06 1.52682e-06 6.42392e-07 2.70325e-07 2.68943e-07 4.28034e-07 6.25047e-08 2.04462e-07 5.6323e-08 2.20823e-08 1.61397e-09 8.79099e-10 2.62338e-10 7.4353e-11 1.07248e-11 7.56373e-12 9.9007e-11 6.23501e-13 8.74856e-13
threshold=417.50000000000006 350.50000000000006 52.835000000000008 0.0099647634353574616 1005.5000000000001 326.50000000000006 3682.0000000000005 0.09969184575573993 0.089017473838194208 0.086986916393657035 0.14131452864802432 1.0000000180025095e-35 500.50000000000006 7497.5000000000009 15.963320000000001 17.413240000000002 50.842500000000008 58.102235 48.52150000000001 290.00000000000006 57.498500000000007 5500.5000000000009 26.832500000000007 68.52676000000001 715.50000000000011 0.16689594824667678 8.5000000000000018 105.50000000000001 49.325205000000004 5470.5000000000009
decision_type=2 2 2 2 2 2 2 2 2 2 2 2 2 2 2 2 2 2 2 2 2 2 2 2 2 2 2 2 2 2
left_child=1 5 -3 4 -2 19 9 8 12 -5 -9 -12 -8 15 -15 16 -14 18 -6 26 -13 -22 -23 -19 -24 -26 -1 -28 -29 -30
right_child=3 2 -4 6 17 -7 7 10 -10 -11 11 20 13 14 -16 -17 -18 23 -20 -21 21 22 24 -25 25 -27 27 28 29 -31
leaf_value=0.037361776972075877 -0.023027792227090213 -0.026549271030747348 0.035601614142006875 -0.035264467110238763 -0.035232690744132898 0.037962799098118387 -0.035300051944203284 -0.035103718086360723 -0.035809302977783515 -0.035487968632110338 -0.035277045575830161 -0.03523816954362452 -0.035236456152939917 -0.03525409401866629 -0.035282769631703237 -0.035228897320189169 -0.035269272273868217 -0.035231936720525901 -0.035255148185330161 0.037353776359124187 -0.035231349904441676 -0.035233835608921148 -0.035232473184200218 -0.035232776912312753 -0.03523290930924472 -0.035232783291691466 0.03736144032015306 0.037361769949009936 0.037361814959160237 0.037361782055353336
leaf_weight=27.924824796617031 3.167463853955268 6.3831877559423429 7.3465087115764618 2.5427304729819289 2.6689736098051053 2.4330346584320059 1.8314982727169979 1.9970048926770712 1.5296108126640309 2.3707656040787697 2.2067642286419895 2.0730009377002743 2.5112340599298459 1.633136071264744 1.6544697508215902 2.5834612920880318 1.6443161368370054 1.6169862896203997 1.6340273171663282 2.3234168142080298 1.8786784410476709 2.1630028858780888 1.9736573100090016 2.1837937235832214 1.9740615114569653 11.655676394701002 2.4432621300220516 4.7704840451478949 2.9088575020432454 6.6321523264050484
leaf_count=240 32 20 25 31 33 19 22 23 15 23 23 22 31 20 20 32 20 20 20 20 20 23 21 27 21 124 21 41 25 57
internal_value=0.000187315 0.0307214 0.00670653 -0.0345677 -0.031806 0.037391 -0.0352716 -0.035259 -0.0353211 -0.0353723 -0.035227 -0.0352373 -0.0352581 -0.0352504 -0.0352685 -0.0352416 -0.0352494 -0.0352371 -0.0352412 0.0373614 -0.0352333 -0.0352327 -0.0352329 -0.0352324 -0.0352328 -0.0352328 0.0373618 0.0373617 0.0373618 0.0373618
internal_weight=118.66 63.1657 13.7297 55.4943 11.2712 49.436 44.2231 39.3096 13.3877 4.9135 25.9218 23.9248 11.8581 10.0266 3.28761 6.73901 4.15555 8.10378 4.303 47.003 21.7181 19.6451 17.7664 3.80078 15.6034 13.6297 44.6796 16.7548 14.3115 9.54101
internal_count=1091 468 45 623 132 423 491 437 160 54 277 254 145 123 40 83 51 100 53 404 231 209 189 47 166 145 384 144 123 82
is_linear=0
shrinkage=0.05


Tree=91
num_leaves=31
num_cat=0
split_feature=3 1 1 1 3 0 7 3 1 12 2 2 0 1 3 1 3 4 2 2 0 1 0 2 7 1 3 1 13 1
split_gain=18.3909 31.8163 3.07886 0.563861 0.367761 0.0195315 0.165597 0.000211953 0.000132678 0.000106541 5.56796e-05 3.90172e-05 2.14255e-05 1.07402e-05 6.03798e-06 5.12451e-06 2.82012e-06 1.5315e-06 1.01631e-06 1.72515e-07 2.89531e-08 1.20111e-08 2.11414e-09 1.24751e-09 8.76632e-10 5.96438e-11 3.17968e-12 1.47438e-13 1.18838e-12 6.61693e-14
threshold=0.11277836960585665 364.00000000000006 417.50000000000006 350.50000000000006 0.095958736671106951 54.985000000000007 17.413240000000002 0.079562543123280441 326.50000000000006 101.50000000000001 3734.5000000000005 2253.0000000000005 47.605210000000007 1005.5000000000001 0.14131452864802432 705.50000000000011 0.036378923850041718 1.0000000180025095e-35 5243.5000000000009 6372.0000000000009 57.498500000000007 290.00000000000006 68.52676000000001 5500.5000000000009 26.832500000000007 715.50000000000011 0.16689594824667678 8.5000000000000018 36.500000000000007 262.50000000000006
decision_type=2 2 2 2 2 2 2 2 2 2 2 2 2 2 2 2 2 2 2 2 2 2 2 2 2 2 2 2 2 2
left_child=1 3 -3 8 5 7 -7 11 21 -8 -2 12 -4 -11 -12 16 -13 -16 -18 -17 -19 27 -15 -22 -25 -26 -27 -1 -29 -30
right_child=10 2 4 -5 -6 6 9 -9 -10 13 14 15 -14 22 17 19 18 20 -20 -21 23 -23 -24 24 25 26 -28 28 29 -31
leaf_value=-0.035232779686127778 -0.035497889153332227 0.007580792286020363 0.037467779610720613 -0.0037572975593300889 0.018437025838036102 0.025028697227463328 0.037678611792639094 0.03787167435612368 -0.035733475169988434 0.037459593669106374 -0.035142410045945677 0.037461216292980146 0.037616889240818338 0.037360055781545637 -0.035277063742284363 0.037357731124901088 0.037383345835538088 -0.035238964463462086 0.037423511550496169 0.037373822528155597 -0.035231527168608973 -0.03522771690169104 0.037361792509919792 -0.035233825296997721 -0.035232494314379352 -0.03523284708482622 -0.035232778468396141 -0.03523283206287095 -0.035232778148791187 -0.035232790518479905
leaf_weight=14.806124001741422 2.1103352382779148 11.991293162107466 6.5250006765127235 1.5015490651130665 2.9238548427820197 3.1860540360212353 4.8144247978925732 3.3056429624557486 1.3958226405084122 4.5016582906246168 1.7995929643511797 3.1073088198900241 3.8192632347345352 3.0498716980218887 2.2067827656865147 3.6581857055425635 3.2163947075605392 2.0736950263381031 3.0859437137842178 3.0579922944307327 1.8788360431790376 1.2308873757719982 4.1187200099229813 2.1629931256175068 1.9736772626638401 1.9740041270852078 11.655651926994322 1.2955680228769759 6.292601153254509 1.2955422289669511
leaf_count=240 20 35 42 10 12 20 30 20 19 29 20 20 24 20 23 24 21 22 20 20 20 20 27 23 21 21 124 21 102 21
internal_value=0.000367092 0.0111227 0.0304347 -0.0335587 0.0356676 0.0366865 0.0354639 0.0374942 -0.0352591 0.0374807 -0.035251 0.037447 0.0375228 0.0373991 -0.0352307 0.0373984 0.0374222 -0.0352374 0.037403 0.0373651 -0.0352333 -0.0352325 0.0373611 -0.0352328 -0.0352329 -0.0352328 -0.0352328 -0.0352328 -0.0352328 -0.0352328
internal_weight=120.015 92.1797 64.3616 27.8181 52.3703 49.4465 19.6707 29.7757 26.3165 16.4847 27.8356 26.4701 10.3443 11.6702 25.7252 16.1258 9.40965 23.9256 6.30234 6.71618 21.7189 24.9207 7.16859 19.6452 17.7663 15.6033 13.6297 23.6898 8.88371 7.58814
internal_count=1091 797 364 433 329 317 126 191 423 106 294 171 66 76 274 105 61 254 41 44 231 404 47 209 189 166 145 384 144 123
is_linear=0
shrinkage=0.05


Tree=92
num_leaves=31
num_cat=0
split_feature=3 2 3 1 1 0 3 4 1 1 1 2 2 2 1 1 7 7 0 0 1 2 0 3 7 2 0 0 2 1
split_gain=58.1333 0.150965 0.0173684 0.000339718 0.00265986 0.000185065 0.00016825 1.49426e-05 5.35319e-06 1.95064e-05 1.31952e-06 4.09152e-07 4.32615e-07 2.6335e-07 1.45361e-07 8.21107e-07 1.2701e-07 9.12257e-08 6.20087e-08 2.04798e-07 2.45603e-08 8.0123e-09 1.84736e-10 1.28679e-10 1.23812e-11 3.95772e-12 5.84155e-12 3.03579e-12 1.73372e-12 2.19624e-12
threshold=0.09969184575573993 3965.0000000000005 0.14131452864802432 350.50000000000006 417.50000000000006 52.905500000000011 0.089017473838194208 1.0000000180025095e-35 700.50000000000011 683.50000000000011 321.50000000000006 3949.0000000000005 7497.5000000000009 7362.0000000000009 1005.5000000000001 1003.0000000000001 17.091500000000003 17.695500000000006 58.102235 48.52150000000001 683.50000000000011 5423.5000000000009 68.52676000000001 0.15755055698466761 26.746000000000002 2794.0000000000005 49.885500000000008 79.203000000000017 6412.5000000000009 262.50000000000006
decision_type=2 2 2 2 2 2 2 2 2 2 2 2 2 2 2 2 2 2 2 2 2 2 2 2 2 2 2 2 2 2
left_child=3 -2 -3 10 5 -5 8 -4 9 11 25 -6 16 14 15 17 -13 -10 19 -16 -9 -22 -20 -23 -25 26 -1 -26 29 -27
right_child=1 2 7 4 6 -7 -8 20 13 -11 -12 12 -14 -15 18 -17 -18 -19 22 -21 21 23 -24 24 27 28 -28 -29 -30 -31
leaf_value=-0.035232675660092631 0.02809519741568119 0.040701438630269586 0.037461496866023604 -0.036842986183822368 -0.035269698361949542 -0.036223602271323901 -0.035779130092229307 0.037365656462108716 -0.035244412226033937 -0.035438109457632025 -0.035282865053457832 -0.035241670966548226 -0.035263412439296669 -0.035253974365237174 -0.035232721834534207 -0.035196049691867105 -0.035223950173317524 -0.035230043886814229 -0.035232087539976344 -0.035255197452554433 0.037359307690405227 0.037362085910330509 -0.035232792578721264 0.037361686300813719 0.037361779105577829 -0.035232786518229746 -0.03523275861277169 0.037361828893282267 -0.035232767456464649 -0.035232866968056227
leaf_weight=2.5292563177645269 4.5013760626316062 4.2888142615556708 4.1561857759952536 2.6070700287818935 1.8913509026169828 2.2440638244152069 1.615448735654353 4.0805357098579398 2.4388121441006652 1.6610181108117101 1.3877290785312641 2.3549248203635216 1.8044564351439474 1.6330283358693112 2.6690111532807332 1.5896563604474065 1.7719775810837743 2.0194338634610176 1.6171001866459849 1.6340702325105665 3.5439244210720053 3.723140448331832 2.1838077455759048 3.5455729663372066 22.337510839104656 2.7144650779664503 13.201999906450508 3.5456703901290885 5.0587299130856991 1.2338940575718877
leaf_count=41 22 22 23 21 23 24 16 23 30 19 22 29 22 20 33 20 22 25 20 20 20 21 27 20 126 44 214 20 82 20
internal_value=-0.000594022 0.0368598 0.0376614 -0.0353689 -0.0354789 -0.0365565 -0.0352844 0.0373712 -0.0352528 -0.0352825 -0.0352354 -0.0352494 -0.035243 -0.035235 -0.0352328 -0.0352269 -0.0352341 -0.0352379 -0.0352371 -0.0352413 0.037362 0.0373616 -0.0352325 0.0373618 0.0373618 -0.0352328 -0.0352327 0.0373618 -0.0352328 -0.0352328
internal_weight=111.584 53.7227 49.2214 57.8613 31.7352 4.85113 26.8841 44.9325 25.2686 9.48373 26.1261 7.82271 5.93136 15.7849 14.1519 6.0479 4.1269 4.45825 8.10399 4.30308 40.7764 36.6958 3.80091 33.1519 29.4288 24.7383 15.7313 25.8832 9.00709 3.94836
internal_count=1091 297 275 794 371 45 326 253 310 115 423 96 73 195 175 75 51 55 100 53 230 207 47 187 166 401 255 146 146 64
is_linear=0
shrinkage=0.05


Tree=93
num_leaves=31
num_cat=0
split_feature=1 1 1 3 1 1 2 3 3 3 3 4 1 2 7 7 0 0 0 1 0 2 7 1 0 3 1 3 0 2
split_gain=46.709 2.48716 1.60047 0.0458148 0.142691 0.000270812 2.13735e-05 2.86173e-05 0.000149836 2.2753e-05 1.15956e-05 1.25001e-06 1.21482e-06 5.41154e-07 2.8131e-07 2.79958e-07 4.98548e-07 8.43092e-08 2.57439e-07 4.56711e-08 2.44376e-08 1.32331e-09 7.22013e-10 6.18563e-11 4.39726e-11 8.64908e-12 6.33094e-12 8.01013e-11 4.96492e-13 6.07514e-13
threshold=401.50000000000006 350.50000000000006 417.50000000000006 0.0099647634353574616 1005.5000000000001 326.50000000000006 3682.0000000000005 0.09969184575573993 0.089017473838194208 0.086986916393657035 0.14131452864802432 1.0000000180025095e-35 500.50000000000006 7497.5000000000009 15.963320000000001 17.413240000000002 50.842500000000008 55.130000000000003 65.94348500000001 290.00000000000006 57.498500000000007 5500.5000000000009 26.832500000000007 715.50000000000011 45.890220000000006 0.16689594824667678 8.5000000000000018 0.0070495523413675052 49.07513500000001 5470.5000000000009
decision_type=2 2 2 2 2 2 2 2 2 2 2 2 2 2 2 2 2 2 2 2 2 2 2 2 2 2 2 2 2 2
left_child=1 5 -2 4 -4 19 9 8 12 -5 -9 -12 -8 15 -15 16 -14 24 -19 26 -13 -22 -23 -24 -6 -25 -1 -28 -29 -30
right_child=2 -3 3 6 17 -7 7 10 -10 -11 11 20 13 14 -16 -17 -18 18 -20 -21 21 22 23 25 -26 -27 27 28 29 -31
leaf_value=0.037079697014482348 -0.0010959501811325686 0.0094224079282461213 -0.022267475182131968 -0.035139415933929351 -0.035106612497508315 0.037635728923345733 -0.035170332906919864 -0.034981647973646703 -0.035671141937749055 -0.035360922086837686 -0.035148107541914497 -0.035112703965340275 -0.035110129614635735 -0.035126634377755338 -0.035156786535718514 -0.035102982804021743 -0.035146620376002677 -0.035132986308018546 -0.035106867160884146 0.037072282343107485 -0.035105517629175527 -0.0351078393747421 -0.035106564421171195 -0.035106973069497387 -0.035106260488524867 -0.035106856355240731 0.037079384698029731 0.037079689421579014 0.03707972865441541 0.037079701195957021
leaf_weight=26.366091258823872 3.8755385577678672 9.8195333182811719 3.0181256234645826 2.3947434648871413 2.1294732987880711 2.3001681789755812 1.7232883945107449 1.8727676495909715 1.4553029835224141 2.2472648695111275 2.0755196586251285 1.9502500966191316 2.3614414706826197 1.5358358770608904 1.5585270598530767 2.4291852414608002 1.5506449341773985 1.5404787361621859 2.4340003505349159 2.1936788484454146 1.766725786030295 2.0341263487935093 1.8560499325394619 1.8564350679516781 1.5207777395844457 10.961157873272894 2.3068798109889022 4.2844832167029372 2.9662058129906637 6.2619527205824852
leaf_count=240 12 33 32 31 28 19 22 23 15 23 23 22 31 20 20 32 20 20 32 20 20 23 21 21 20 124 21 39 27 57
internal_value=0.000198773 0.0322952 -0.0320985 -0.0343971 -0.0314695 0.0371067 -0.0351455 -0.0351328 -0.035194 -0.0352467 -0.0351012 -0.0351111 -0.0351317 -0.0351247 -0.0351418 -0.0351163 -0.0351246 -0.035112 -0.035117 0.0370793 -0.0351074 -0.0351068 -0.035107 -0.0351068 -0.0351065 -0.0351069 0.0370797 0.0370797 0.0370797 0.0370797
internal_weight=112.647 56.499 56.1477 52.2721 10.6429 46.6795 41.6293 36.9873 12.6142 4.64201 24.373 22.5003 11.1589 9.43563 3.09436 6.34127 3.91209 7.62473 3.97448 44.3793 20.4247 18.4745 16.7078 14.6736 3.65025 12.8176 42.1856 15.8195 13.5126 9.22816
internal_count=1091 456 635 623 132 423 491 437 160 54 277 254 145 123 40 83 51 100 52 404 231 209 189 166 48 145 384 144 123 84
is_linear=0
shrinkage=0.05


Tree=94
num_leaves=31
num_cat=0
split_feature=3 1 1 1 3 0 0 3 1 1 2 2 0 1 3 1 3 4 2 0 2 0 1 2 7 1 3 1 13 1
split_gain=17.1524 29.4257 3.00588 0.552588 0.360621 0.0204779 0.173498 0.000168444 0.000108327 7.6723e-05 5.31023e-05 3.69171e-05 1.88755e-05 8.71131e-06 5.57216e-06 4.14295e-06 2.28429e-06 1.24622e-06 8.21888e-07 7.6445e-07 1.39265e-07 3.10638e-08 9.78465e-09 1.0247e-09 7.20684e-10 4.97904e-11 2.52243e-12 1.5099e-13 9.35252e-13 3.64153e-14
threshold=0.11277836960585665 364.00000000000006 417.50000000000006 350.50000000000006 0.095958736671106951 54.985000000000007 55.885100000000008 0.079562543123280441 326.50000000000006 700.50000000000011 3734.5000000000005 2253.0000000000005 47.605210000000007 1005.5000000000001 0.14131452864802432 705.50000000000011 0.036378923850041718 1.0000000180025095e-35 5243.5000000000009 66.435125000000014 6372.0000000000009 57.498500000000007 290.00000000000006 5500.5000000000009 26.832500000000007 715.50000000000011 0.16689594824667678 8.5000000000000018 36.500000000000007 262.50000000000006
decision_type=2 2 2 2 2 2 2 2 2 2 2 2 2 2 2 2 2 2 2 2 2 2 2 2 2 2 2 2 2 2
left_child=1 3 -3 8 5 7 -7 11 22 -8 -2 12 -4 -11 -12 16 -13 -16 -18 -15 -17 -19 27 -23 -25 -26 -27 -1 -29 -30
right_child=10 2 4 -5 -6 6 9 -9 -10 13 14 15 -14 19 17 20 18 21 -20 -21 -22 23 -24 24 25 26 -28 28 29 -31
leaf_value=-0.035106852405841153 -0.035372579888484072 0.0073805034323360446 0.037184867591975583 -0.0039325217231917665 0.0180431568317545 0.024121148175067178 0.037372783996713246 0.037551624588768415 -0.035573171991786688 0.037185817897468297 -0.035016992589444573 0.037171693756505517 0.037328739201392132 0.037112670564552273 -0.035148125847526503 0.037075911717519096 0.037099587880377011 -0.035113461628774149 0.03713675876184052 0.037079727614979768 0.037090790680955187 -0.035105682516524531 -0.03510214064097774 -0.035107830688016671 -0.035106584396248829 -0.035106915379843708 -0.035106852349465353 -0.035106901369294029 -0.035106852312876739 -0.035106861811962299
leaf_weight=13.923881847411407 2.0022747442126301 11.964209139347075 6.1697951257228905 1.5056055784225453 2.8528779149055472 3.0304844081401852 4.3988460153341284 3.124596342444419 1.3139365911483754 3.970265179872511 1.6868499219417596 2.9345203489065153 3.615817204117775 3.0446894019842148 2.0755370408296612 3.4539266079664221 3.0369658768177032 1.9509100690484071 2.9140620976686478 4.1768938899040222 2.8873492181301117 1.7668742537498499 1.1575311385095108 2.0341171324253109 1.856068730354308 1.8563810139894474 10.961134739220141 1.218369510024784 5.9176484271883965 1.2183457128703592
leaf_count=240 20 35 42 10 12 20 29 20 19 27 20 20 24 21 23 24 21 22 20 29 20 20 20 23 21 21 124 21 102 21
internal_value=0.000388457 0.0109782 0.0298762 -0.0333423 0.0353013 0.0363543 0.035068 0.0372055 -0.0351314 0.0371959 -0.0351251 0.0371623 0.037238 0.0371263 -0.0351046 0.0371136 0.0371356 -0.0351112 0.0371178 0.0370936 0.0370827 -0.0351075 -0.0351066 -0.0351068 -0.0351069 -0.0351068 -0.0351069 -0.0351069 -0.0351069 -0.0351069
internal_weight=114.021 87.8306 61.5753 26.2553 49.6111 46.7582 18.6212 28.137 24.7497 15.5907 26.1901 25.0124 9.78561 11.1918 24.1879 15.2268 8.88555 22.501 5.95103 7.22158 6.34128 20.4255 23.4358 18.4746 16.7077 14.6736 12.8175 22.2782 8.35436 7.13599
internal_count=1091 797 364 433 329 317 126 191 423 106 294 171 66 77 274 105 61 254 41 50 44 231 404 209 189 166 145 384 144 123
is_linear=0
shrinkage=0.05


Tree=95
num_leaves=31
num_cat=0
split_feature=3 4 3 1 1 2 0 3 1 1 1 3 0 0 0 2 1 3 1 7 3 1 0 0 2 7 2 0 2 1
split_gain=54.2354 0.158659 0.017959 0.000332403 0.00257249 0.000266594 0.000218694 0.000152955 4.70065e-06 1.60818e-05 1.10564e-06 6.51315e-07 5.34943e-07 2.21686e-07 1.41318e-06 1.41375e-07 2.62231e-07 9.14228e-08 4.67238e-08 3.82791e-08 1.87203e-08 1.36259e-08 1.51173e-10 6.9674e-11 5.44382e-11 1.07701e-11 3.31823e-12 4.81037e-12 1.55431e-12 1.96465e-12
threshold=0.09969184575573993 1.0000000180025095e-35 0.13824253337460482 350.50000000000006 417.50000000000006 4329.5000000000009 52.905500000000011 0.089017473838194208 700.50000000000011 683.50000000000011 321.50000000000006 0.14848215025473857 55.130000000000003 54.541000000000004 57.154500000000006 3627.5000000000005 1005.5000000000001 0.038225140500946227 1005.5000000000001 13.239045000000003 0.051804864718546069 686.50000000000011 68.52676000000001 45.572500000000005 5613.5000000000009 26.514500000000002 2794.0000000000005 49.885500000000008 6412.5000000000009 262.50000000000006
decision_type=2 2 2 2 2 2 2 2 2 2 2 2 2 2 2 2 2 2 2 2 2 2 2 2 2 2 2 2 2 2
left_child=3 -2 -3 10 6 -4 -5 8 9 12 26 -7 17 15 -15 16 -10 -6 -16 -19 -17 -13 -20 -18 -23 -26 27 -1 29 -28
right_child=1 2 5 4 7 11 -8 -9 13 -11 -12 21 -14 14 18 20 23 19 22 -21 -22 24 -24 -25 25 -27 28 -29 -30 -31
leaf_value=-0.035106755795348443 0.027759224066975098 0.040555219798108527 0.037525328880940137 -0.036746441297266029 -0.035124884279356672 0.037056896458391025 -0.036060458293390517 -0.035641782680443011 -0.035081548615749289 -0.035301226867486386 -0.03515412172806115 0.037083067565330183 -0.035143655417583131 -0.035156886527005084 -0.035096102137123233 -0.035108777715258235 -0.035106638567483722 -0.035115855651098447 -0.035106207166385538 -0.035105043538732464 -0.035116611022291966 0.037079904863164405 -0.035106864848426289 -0.035106192062691548 0.037079607422465452 0.037079702944094552 -0.035106859913213238 -0.035106833411376902 -0.035106841268618953 -0.035106938374839074
leaf_weight=2.3785467222333017 4.6724849343299857 4.1757090836763373 3.6482175141572943 2.54914362728596 1.6115203350782445 3.3307477831840506 2.1348967105150223 1.5361155122518528 1.5015970468521098 1.5648243203759191 1.3055406846106041 3.3501045256853095 2.4774108156561852 1.6363020166754711 1.5128404721617696 1.5227014124393465 2.0534467920660977 1.6040925309062006 1.5207401290535929 1.6717705503106115 1.5281772911548612 3.3478700667619732 2.0536827892065048 1.5207255929708479 3.3476573377847698 24.940557613968849 2.5527202971279608 12.415341053158043 4.7572992667555809 1.1603741496801374
leaf_count=41 26 22 20 21 21 20 24 16 20 19 22 20 32 21 20 20 27 21 20 22 20 20 27 20 20 149 44 214 82 20
internal_value=-0.00063277 0.036539 0.0374281 -0.0352457 -0.0353574 0.0371169 -0.0364338 -0.0351582 -0.035127 -0.0351557 -0.0351093 0.037078 -0.0351247 -0.0351098 -0.0351165 -0.0351042 -0.0350991 -0.0351151 -0.0351035 -0.0351103 -0.0351127 0.03708 -0.0351066 -0.0351064 0.0370797 0.0370797 -0.0351068 -0.0351068 -0.0351069 -0.0351069
internal_weight=105.383 50.8133 46.1409 54.5698 30 41.9652 4.68404 25.3159 23.7798 8.92962 24.5698 38.3169 7.36479 14.8502 6.72357 8.12665 5.07577 4.88738 5.08726 3.27586 3.05088 34.9862 3.57442 3.57417 31.6361 28.2882 23.2643 14.7939 8.47039 3.71309
internal_count=1091 297 271 794 371 249 45 326 310 115 423 229 96 195 88 107 67 64 67 43 40 209 47 47 189 169 401 255 146 64
is_linear=0
shrinkage=0.05


Tree=96
num_leaves=31
num_cat=0
split_feature=1 1 0 3 1 1 3 3 2 3 1 4 0 0 1 1 0 0 1 1 0 2 7 0 7 3 2 0 2 0
split_gain=43.2791 3.92008 4.98413 0.0486635 0.149778 0.000219302 1.77703e-05 0.000144487 3.53115e-05 1.01675e-05 3.12693e-06 2.01847e-06 4.70025e-07 1.689e-06 1.96167e-07 4.67207e-07 8.64703e-08 2.54371e-07 3.70616e-08 3.66175e-08 1.99856e-08 1.3223e-09 5.90735e-10 8.31151e-11 5.03322e-11 1.47331e-11 5.11946e-12 7.4234e-12 1.12266e-12 8.9706e-13
threshold=417.50000000000006 350.50000000000006 52.835000000000008 0.0099647634353574616 1005.5000000000001 326.50000000000006 0.09969184575573993 0.089017473838194208 3682.0000000000005 0.14131452864802432 494.50000000000006 1.0000000180025095e-35 55.130000000000003 56.668815000000009 705.50000000000011 611.50000000000011 55.130000000000003 65.94348500000001 290.00000000000006 800.50000000000011 57.498500000000007 5500.5000000000009 26.832500000000007 45.890220000000006 29.932330000000004 0.1600873536118422 2519.0000000000005 49.885500000000008 3627.5000000000005 56.578500000000012
decision_type=2 2 2 2 2 2 2 2 2 2 2 2 2 2 2 2 2 2 2 2 2 2 2 2 2 2 2 2 2 2
left_child=1 5 -3 4 -2 18 7 10 -8 -10 -5 -11 14 -14 15 -12 23 -18 26 -16 -13 -22 -23 -6 -24 -26 27 -1 -28 -29
right_child=3 2 -4 6 16 -7 8 -9 9 11 12 20 13 -15 19 -17 17 -19 -20 -21 21 22 24 -25 25 -27 28 29 -30 -31
leaf_value=0.036818702587742329 -0.021489421132020233 -0.026259847395501152 0.034280662371445635 -0.03508293029056616 -0.034989086220165264 0.037333602525567965 -0.035211761641065993 -0.035540748174147915 -0.034869733000922075 -0.035043137094301111 -0.034995944066858208 -0.03499492329627011 -0.035065062067377271 -0.034996670660850597 -0.034989067781104825 -0.035031158437819572 -0.035016255244264057 -0.034989487925806258 0.036811913840472436 -0.034999452714740135 -0.0349880926606276 -0.034990399801138737 -0.034989203993929296 -0.034988587049528293 -0.034989635695191375 -0.034989475456706165 0.036818834635757108 0.036818791897264183 0.036818794722472896 0.036818768782105958
leaf_weight=4.2500367909669903 2.8767720460891706 6.3418448865413648 7.327978104352951 1.6480472907423962 2.0017200261354451 2.1730010807514182 1.8612052425742174 1.4763362556695927 1.7571168132126356 1.9671997651457811 2.4395083561539637 1.8334385007619882 1.4874589741230013 2.2965098991990089 2.0731479674577717 1.5343214720487592 1.4500019103288653 2.2881810441613197 2.0698905587196341 1.4373350739479063 1.6607525944709802 1.9122760742902745 1.6617663204669941 1.4294072389602659 1.6621588245034207 10.470682702958582 2.0732522979378691 5.7013867199420956 11.713764809072016 16.067460089921951
leaf_count=41 32 20 25 22 28 19 20 16 23 23 34 22 20 32 29 21 20 32 20 20 20 23 20 20 20 126 20 55 113 155
internal_value=0.000210594 0.0295849 0.00619409 -0.0342319 -0.0311273 0.0368439 -0.035028 -0.0350722 -0.0350023 -0.0349853 -0.0350186 -0.0349949 -0.0350092 -0.0350236 -0.0350019 -0.0350095 -0.0349946 -0.0349999 0.0368184 -0.0349933 -0.03499 -0.0349894 -0.0349896 -0.0349889 -0.0349895 -0.0349895 0.0368188 0.0368188 0.0368188 0.0368188
internal_weight=106.944 57.7186 13.6698 49.2253 10.0461 44.0488 39.1793 14.3927 24.7866 22.9254 12.9163 21.1683 11.2683 3.78397 7.48431 3.97383 7.16931 3.73818 41.8758 3.51048 19.2011 17.3676 15.7069 3.43113 13.7946 12.1328 39.8059 26.0189 13.787 21.7688
internal_count=1091 468 45 623 132 423 491 194 297 277 178 254 156 52 104 55 100 52 404 49 231 209 189 48 166 146 384 251 133 210
is_linear=0
shrinkage=0.05


Tree=97
num_leaves=31
num_cat=0
split_feature=3 1 1 1 3 0 7 3 1 12 2 2 1 1 3 1 4 3 2 2 1 0 0 2 0 7 1 3 1 1
split_gain=15.9969 27.1737 2.95905 0.552736 0.353292 0.0215071 0.181166 0.000133708 0.000104778 7.96801e-05 4.30349e-05 3.49437e-05 0.000218327 1.05985e-05 5.07756e-06 3.35273e-06 2.01408e-06 1.85005e-06 6.64741e-07 1.12484e-07 4.11638e-08 2.53919e-08 1.66118e-09 1.05235e-09 6.55772e-10 5.88948e-10 4.00862e-11 3.18323e-12 1.04627e-12 7.81597e-14
threshold=0.11277836960585665 364.00000000000006 417.50000000000006 350.50000000000006 0.095958736671106951 54.985000000000007 17.413240000000002 0.079562543123280441 330.00000000000006 101.50000000000001 3734.5000000000005 2253.0000000000005 1005.5000000000001 1005.5000000000001 0.14131452864802432 705.50000000000011 1.0000000180025095e-35 0.036378923850041718 5243.5000000000009 6372.0000000000009 297.50000000000006 57.498500000000007 68.52676000000001 5500.5000000000009 45.890220000000006 26.832500000000007 715.50000000000011 0.16689594824667678 270.50000000000006 8.5000000000000018
decision_type=2 2 2 2 2 2 2 2 2 2 2 2 2 2 2 2 2 2 2 2 2 2 2 2 2 2 2 2 2 2
left_child=1 3 -3 8 5 7 -7 11 20 -8 -2 12 -4 -11 -12 17 -16 -13 -19 -17 28 -18 -15 -23 -14 -25 -27 -28 29 -1
right_child=10 2 4 -5 -6 6 9 -9 -10 13 14 15 24 22 16 19 21 18 -20 -21 -22 23 -24 25 -26 26 27 -29 -30 -31
leaf_value=-0.034989476607683201 -0.03523719821428125 0.0070931691963036572 0.037350035763108635 -0.0036582378857170578 0.017675570783582326 0.023247112508581601 0.037113752762849339 0.037255865207355653 -0.035494192835788307 0.036921679546406544 -0.034902106584679703 0.036903964340109709 0.036817955982703821 0.036817172076396197 -0.035043153262505448 0.036815259816957831 -0.034995627964842201 0.036837177029914951 0.036871589342998334 0.036829025712819589 -0.034979494543877158 -0.034988245083754796 0.036818803096703281 -0.034990390854965116 0.03681693896762455 -0.034989230546883764 -0.034989549415435993 -0.034989476393921949 -0.034989526946055734 -0.034989483202626098
leaf_weight=13.089745953679101 1.8836649730801607 11.957845985889433 2.7309337556362205 1.4959947764873494 2.7837588638067237 2.8931290358305004 4.3119653910398474 2.9513736069202414 1.0760941207408894 4.0279627889394742 1.5820244848728204 2.7695585638284665 3.8046037256717682 2.7170784175395966 1.9672163501381899 3.2590400278568259 1.8340601846575761 2.8657581359148026 2.7500125765800476 2.7245202362537384 1.084790214896201 1.6608923450112367 3.669447585940361 1.9122674390673626 2.7169250547885895 1.7448803707957257 1.745184838771819 10.304487697780131 1.1999264359474171 6.8176003322005263
leaf_count=240 20 35 18 10 12 20 30 20 16 29 20 20 28 20 23 24 22 21 20 20 20 20 27 23 20 21 21 124 22 125
internal_value=0.000407873 0.0108316 0.0292994 -0.0331183 0.0349521 0.0360404 0.0346858 0.0369386 -0.0350124 0.036933 -0.0350075 0.0368989 0.0369747 0.0368582 -0.0349885 0.0368501 -0.034995 0.0368705 0.036854 0.0368215 -0.034989 -0.03499 0.0368181 -0.0349894 0.0368175 -0.0349896 -0.0349895 -0.0349895 -0.0349895 -0.0349895
internal_weight=108.333 83.6981 58.9339 24.7642 46.9761 44.1923 17.6196 26.5727 23.2682 14.7265 24.6347 23.6214 9.25246 10.4145 22.751 14.3689 21.169 8.38533 5.61577 5.98356 22.1921 19.2018 6.38653 17.3677 6.52153 15.7068 13.7946 12.0497 21.1073 19.9073
internal_count=1091 797 364 433 329 317 126 191 423 106 294 171 66 76 274 105 254 61 41 44 407 231 47 209 48 189 166 145 387 365
is_linear=0
shrinkage=0.05


Tree=98
num_leaves=31
num_cat=0
split_feature=3 4 3 1 1 2 0 3 1 1 1 0 3 0 0 2 3 1 7 3 1 0 0 2 7 2 0 2 1 0
split_gain=50.6089 0.16551 0.0179538 0.000318104 0.00242179 0.000215422 0.00019142 0.000139914 4.15452e-06 1.32764e-05 9.24643e-07 6.92788e-07 5.25058e-07 2.48867e-07 1.53261e-06 1.18245e-07 7.55722e-08 3.9416e-08 3.11717e-08 1.55802e-08 1.0992e-08 2.45465e-09 1.43824e-10 4.33751e-11 1.05622e-11 2.7196e-12 3.97904e-12 1.33227e-12 1.87561e-12 1.00542e-12
threshold=0.09969184575573993 1.0000000180025095e-35 0.13824253337460482 350.50000000000006 417.50000000000006 4329.5000000000009 52.905500000000011 0.089017473838194208 700.50000000000011 683.50000000000011 321.50000000000006 55.130000000000003 0.14848215025473857 54.541000000000004 57.154500000000006 3279.0000000000005 0.038225140500946227 1005.5000000000001 13.239045000000003 0.051804864718546069 686.50000000000011 47.605210000000007 68.52676000000001 5613.5000000000009 26.514500000000002 2794.0000000000005 49.885500000000008 6412.5000000000009 262.50000000000006 79.203000000000017
decision_type=2 2 2 2 2 2 2 2 2 2 2 2 2 2 2 2 2 2 2 2 2 2 2 2 2 2 2 2 2 2
left_child=3 -2 -3 10 6 -4 -5 8 9 11 25 16 -7 15 -15 21 -6 -16 -18 -17 -14 -10 -19 -22 -25 26 -1 28 -27 -26
right_child=1 2 5 4 7 12 -8 -9 13 -11 -12 -13 20 14 17 19 18 22 -20 -21 23 -23 -24 24 29 27 -28 -29 -30 -31
leaf_value=-0.034989386282759716 0.027064079240522593 0.040378411782515007 0.037230991788481063 -0.036600893206882361 -0.035006287175619696 0.03679771401659216 -0.035947403697634051 -0.035514580879081263 -0.03498277259468649 -0.035173674917689864 -0.035034052905419819 -0.035030581101657604 0.036821905585917122 -0.035043543614012698 -0.03497927515284905 -0.034991136009818423 -0.034997782496521322 -0.034988825804026645 -0.034987719391982468 -0.03499841817799413 0.036818980188052679 -0.034980396693306971 -0.034989487429912973 0.036818698407338729 0.036818791718121274 -0.03498948246756127 -0.034989459093897661 -0.034989465964343477 -0.034989561539727189 0.036818822032626743
leaf_weight=2.2360550388693872 4.4621184021234503 3.9743967354297629 3.4458104968070975 2.4596285745501545 1.5150493010878614 3.1427102982997885 2.0583901107311249 1.4613887518644322 2.9920381382107717 1.4737527817487714 1.227771159261464 2.337273545563221 3.161144718527793 1.5443306267261503 1.4220288395881651 1.502952888607979 1.5079548284411433 1.4295975863933565 1.5715517848730085 1.4365412592887876 3.1590147167444256 1.7074990421533582 1.9306531548500059 3.1588077694177654 20.37475070357323 2.3997950330376621 11.671577010303734 4.4723047874867916 1.0908627249300478 3.1588978767395011
leaf_count=41 26 22 20 21 21 20 24 16 42 19 22 32 20 21 20 21 21 20 22 20 20 24 27 20 129 44 214 82 20 20
internal_value=-0.00067052 0.0362356 0.0371748 -0.0351296 -0.0352418 0.0368532 -0.0363032 -0.0350406 -0.0350096 -0.0350374 -0.0349918 -0.0350084 0.0368172 -0.0349929 -0.0350002 -0.0349868 -0.0349971 -0.0349863 -0.0349926 -0.0349947 0.0368191 -0.0349819 -0.0349892 0.0368188 0.0368188 -0.0349895 -0.0349894 -0.0349895 -0.0349895 0.0368188
internal_weight=99.4866 48.0377 43.5755 51.449 28.3506 39.6011 4.51802 23.8326 22.3712 8.40558 23.0984 6.93183 36.1553 13.9656 6.32661 7.63903 4.59456 4.78228 3.07951 2.93949 33.0126 4.69954 3.36025 29.8515 26.6925 21.8706 13.9076 7.96296 3.49066 23.5336
internal_count=1091 297 271 794 371 249 45 326 310 115 423 96 229 195 88 107 64 67 43 41 209 66 47 189 169 401 255 146 64 149
is_linear=0
shrinkage=0.05


Tree=99
num_leaves=31
num_cat=0
split_feature=1 1 1 3 1 1 3 3 2 3 4 1 0 0 1 1 0 0 1 1 0 2 7 0 7 3 1 3 0 0
split_gain=40.1393 2.42642 1.5245 0.0516474 0.157155 0.000177695 1.60788e-05 0.000130406 2.85913e-05 8.90839e-06 2.82739e-06 2.57799e-06 5.96525e-07 1.99355e-06 1.59899e-07 3.82318e-07 1.06514e-07 3.19448e-07 3.00295e-08 2.97968e-08 1.63564e-08 1.28319e-09 4.82993e-10 6.82758e-11 4.19123e-11 1.50413e-11 4.20641e-12 5.30207e-11 6.13731e-13 3.48166e-13
threshold=401.50000000000006 350.50000000000006 417.50000000000006 0.0099647634353574616 1005.5000000000001 326.50000000000006 0.09969184575573993 0.089017473838194208 3682.0000000000005 0.14131452864802432 1.0000000180025095e-35 494.50000000000006 55.130000000000003 56.668815000000009 705.50000000000011 611.50000000000011 55.130000000000003 65.94348500000001 290.00000000000006 800.50000000000011 57.498500000000007 5500.5000000000009 26.832500000000007 45.890220000000006 29.932330000000004 0.1600873536118422 8.5000000000000018 0.0070495523413675052 68.758830000000017 49.07513500000001
decision_type=2 2 2 2 2 2 2 2 2 2 2 2 2 2 2 2 2 2 2 2 2 2 2 2 2 2 2 2 2 2
left_child=1 5 -2 4 -4 18 7 11 -8 -10 -11 -5 14 -14 15 -13 23 -18 26 -16 -12 -22 -23 -6 -24 -26 -1 -28 -27 -29
right_child=2 -3 3 6 16 -7 8 -9 9 10 20 12 13 -15 19 -17 17 -19 -20 -21 21 22 24 -25 25 28 27 29 -30 -31
leaf_value=0.036577281036255668 -0.0014259767401544165 0.0088914409491725518 -0.020690031028111747 -0.034969064509556329 -0.034879682748585467 0.037054229090792874 -0.035087424868550147 -0.035417919037786523 -0.034765580710661513 -0.03494515426603307 -0.034885118776246331 -0.034885994448718732 -0.034962996179294666 -0.034886507855999636 -0.0348796190717107 -0.034918853477960789 -0.034910967847914011 -0.034880055509523965 0.036570907201337183 -0.034889282522984788 -0.034878633145773323 -0.034880908918961361 -0.034879791337645939 -0.034879216061704015 -0.034880211665309239 -0.034880017508104988 0.036577011603414665 0.036577274079137329 -0.034880050393889812 0.036577292344401401
leaf_weight=23.461681850254536 3.8751937747001639 9.7560855448245984 2.7426120415329915 1.5507522895932186 1.8812015652656557 2.0514994859695426 1.7502601295709634 1.4033246859908093 1.6480807662010217 1.8648813813924814 1.7230730354785944 2.2925607636570917 1.4075039252638819 2.1579707637429237 1.9482762143015864 1.4420457035303114 1.367047652602196 2.1504189446568489 1.9519566819071759 1.3507802635431287 1.5606461092829729 1.7971520647406567 1.5617163404822338 1.3433446735143659 1.5621032044291485 1.7181170731782902 2.0527571216225615 3.8125170692801467 8.1221648380160314 8.2116124480962736
leaf_count=240 12 33 32 22 28 19 20 16 23 23 22 34 20 32 29 21 20 32 20 20 20 23 20 20 20 22 21 39 104 84
internal_value=0.000222583 0.0313307 -0.0315526 -0.0340716 -0.0307811 0.0366005 -0.0349183 -0.0349616 -0.0348931 -0.0348773 -0.0348865 -0.0349089 -0.0349 -0.0349167 -0.0348916 -0.0348987 -0.0348861 -0.0348921 0.036577 -0.0348836 -0.0348805 -0.03488 -0.0348801 -0.0348795 -0.03488 -0.0348801 0.0365773 0.0365772 -0.03488 0.0365773
internal_weight=101.519 51.2981 50.2212 46.346 9.48462 41.542 36.8614 13.5532 23.3082 21.5579 19.9099 12.1499 10.5991 3.56547 7.03366 3.73461 6.74201 3.51747 39.4905 3.29906 18.045 16.3219 14.7613 3.22455 12.9641 11.4024 37.5386 14.0769 9.84028 12.0241
internal_count=1091 456 635 623 132 423 491 194 297 277 254 178 156 52 104 55 100 52 404 49 231 209 189 48 166 146 384 144 126 123
is_linear=0
shrinkage=0.05


Tree=100
num_leaves=31
num_cat=0
split_feature=3 1 1 1 3 0 0 3 1 1 2 2 1 1 3 4 1 3 0 2 2 1 0 2 0 7 1 3 1 1
split_gain=14.9236 25.1315 2.88681 0.541434 0.345838 0.0226203 0.189986 0.000106002 8.55827e-05 5.73368e-05 3.48543e-05 3.30369e-05 0.000198756 7.92577e-06 4.61327e-06 2.82265e-06 2.71322e-06 1.49921e-06 8.00792e-07 5.37854e-07 9.11105e-08 3.4462e-08 2.07603e-08 1.04324e-09 5.33767e-10 4.82211e-10 3.22427e-11 3.59979e-12 9.04166e-13 5.15143e-14
threshold=0.11277836960585665 364.00000000000006 417.50000000000006 350.50000000000006 0.095958736671106951 54.985000000000007 55.885100000000008 0.079562543123280441 330.00000000000006 700.50000000000011 3734.5000000000005 2253.0000000000005 1005.5000000000001 1005.5000000000001 0.14131452864802432 1.0000000180025095e-35 705.50000000000011 0.036378923850041718 66.435125000000014 5243.5000000000009 6372.0000000000009 297.50000000000006 57.498500000000007 5500.5000000000009 45.890220000000006 26.832500000000007 715.50000000000011 0.16689594824667678 270.50000000000006 8.5000000000000018
decision_type=2 2 2 2 2 2 2 2 2 2 2 2 2 2 2 2 2 2 2 2 2 2 2 2 2 2 2 2 2 2
left_child=1 3 -3 8 5 7 -7 11 21 -8 -2 12 -4 -11 -12 -16 17 -13 -15 -19 -18 28 -17 -24 -14 -25 -27 -28 29 -1
right_child=10 2 4 -5 -6 6 9 -9 -10 13 14 16 24 18 15 22 20 19 -20 -21 -22 -23 23 25 -26 26 27 -29 -30 -31
leaf_value=-0.03488004638419704 -0.035111056755362906 0.0069152688495117496 0.03709797042713283 -0.003853560987314274 0.017331297767993407 0.022311039405442282 0.036850857820788049 0.036982304760150478 -0.035350330288516738 0.036685478431799895 -0.034795199905351168 0.036656185763723537 0.036576518722492561 0.036613031313785176 -0.03494516881134567 -0.034885773583289779 0.036573994525360122 0.036594290173211044 0.036577307049875572 0.036626164330003555 0.036586752380048645 -0.034870624339561972 -0.034878774457789252 -0.034880901311240699 0.036575573874034893 -0.03487982014435722 -0.034880125870795226 -0.034880045763634099 -0.034880094386150064 -0.034880051961116897
leaf_weight=12.30166200548412 1.7714256122708345 11.92651256918907 2.5943454951047951 1.5005332380533207 2.716519057750701 2.7519135177135494 3.9347596764564505 2.7859134823083869 1.012393832206725 3.5475430041551572 1.4831770807504678 2.6123053729534131 3.5878974050283432 2.7142165452241898 1.8648971021175409 1.7236584573984171 3.0733686536550522 2.7026202529668808 3.7167806476354599 2.5936605334281921 2.5693866312503815 1.0193792022764672 1.560777641832831 1.7971439287066449 2.5621640384197235 1.639830246567725 1.6401260122656811 9.6840934529900533 1.1276845410466183 6.4071379005908957
leaf_count=240 20 35 18 10 12 20 29 20 16 27 20 20 28 21 23 22 24 21 29 20 20 20 20 23 20 21 21 124 22 125
internal_value=0.000430188 0.0106909 0.0287588 -0.0329078 0.0346179 0.0357428 0.034315 0.0366915 -0.0349014 0.0366892 -0.0348979 0.0366552 0.0367309 0.0366255 -0.0348803 -0.0348866 0.0366063 0.0366252 0.0365924 0.0366099 0.0365798 -0.0348796 -0.0348806 -0.03488 0.0365761 -0.0348801 -0.03488 -0.0348801 -0.0348801 -0.03488
internal_weight=102.924 79.7587 56.3899 23.3688 44.4634 41.7469 16.6652 25.0817 21.8683 13.9133 23.1651 22.2957 8.74441 9.97854 21.3937 19.9105 13.5513 7.90859 6.431 5.29628 5.64276 20.8559 18.0456 16.322 6.15006 14.7612 12.964 11.3242 19.8365 18.7088
internal_count=1091 797 364 433 329 317 126 191 423 106 294 171 66 77 274 254 105 61 50 41 44 407 231 209 48 189 166 145 387 365
is_linear=0
shrinkage=0.05


Tree=101
num_leaves=31
num_cat=0
split_feature=3 4 3 1 1 0 2 3 1 1 0 1 3 0 0 3 1 3 7 1 7 1 0 0 2 7 2 0 2 1
split_gain=47.2418 0.172777 0.0179293 0.000310096 0.00232926 0.000217368 0.000174251 0.000126938 3.66495e-06 1.09286e-05 8.61242e-07 7.72016e-07 4.23574e-07 2.86601e-07 1.70629e-06 1.01382e-07 1.65664e-07 6.24308e-08 2.53924e-08 2.03146e-08 1.38104e-08 8.87923e-09 9.53471e-11 4.88456e-11 3.46958e-11 9.72733e-12 2.35723e-12 3.06066e-12 1.13065e-12 1.6438e-12
threshold=0.09969184575573993 1.0000000180025095e-35 0.13824253337460482 350.50000000000006 417.50000000000006 52.905500000000011 4329.5000000000009 0.089017473838194208 700.50000000000011 683.50000000000011 55.130000000000003 321.50000000000006 0.14848215025473857 55.130000000000003 57.317500000000003 0.019485794471121923 1005.5000000000001 0.038225140500946227 13.239045000000003 781.50000000000011 23.281000000000002 686.50000000000011 77.39379000000001 45.890220000000006 5613.5000000000009 26.514500000000002 2794.0000000000005 49.885500000000008 6412.5000000000009 262.50000000000006
decision_type=2 2 2 2 2 2 2 2 2 2 2 2 2 2 2 2 2 2 2 2 2 2 2 2 2 2 2 2 2 2
left_child=3 -2 -3 11 5 -5 -4 8 9 10 17 26 -8 15 -15 16 -10 -6 -19 -17 -16 -14 -22 -18 -23 -26 27 -1 29 -28
right_child=1 2 6 4 7 -7 12 -9 13 -11 -12 -13 21 14 20 19 23 18 -20 -21 22 24 -24 -25 25 -27 28 -29 -30 -31
leaf_value=-0.034879963367808305 0.026365364806081683 0.040221815458045533 0.036958878332249138 -0.036512065392458222 -0.034895721953968409 -0.035802508877940814 0.036557785793314597 -0.035393835181494943 -0.03485925173910228 -0.035054664034139656 -0.034925557823842192 -0.034922055658318595 0.036580162722818103 -0.03494076177372385 -0.034872810126177448 -0.034881106765365925 -0.034879715885316402 -0.034887714752355095 -0.034878345715551602 -0.034889683162745003 -0.03487919183524614 0.036577454445572193 -0.034878621413499226 -0.034879321158574048 0.036577189157137813 0.036577285381730495 -0.034880051978621714 -0.03488002924948265 -0.034880036680294539 -0.034880128340376307
leaf_weight=2.101430229842669 4.2618340402841559 3.7822984158992758 3.2525266706943503 2.4045390859246281 1.4238956496119559 1.9584570750594137 2.963573992252349 1.3891725838184346 1.4601497426629046 1.3875041678547857 2.205012135207653 1.1542403697967518 2.9811055213212994 1.3900031447410581 1.338210307061672 1.4120624959468844 1.8812391459941866 1.4171286895871165 1.4768741577863691 1.3511210232973097 1.611964784562588 2.979078188538554 1.3428557291626928 1.3434267267584798 2.9788771569728878 22.19318000972271 2.2553124204277988 10.96887508407235 4.2030443251132965 1.0251885242760179
leaf_count=41 26 22 20 21 21 24 20 16 22 19 32 22 20 20 20 21 28 21 22 20 24 20 20 20 20 149 44 214 82 20
internal_value=-0.000712217 0.0359484 0.0369414 -0.0350227 -0.0351365 -0.0361936 0.0366092 -0.0349309 -0.0349004 -0.0349272 -0.0349001 -0.0348823 0.0365758 -0.0348842 -0.0348926 -0.0348777 -0.0348732 -0.0348872 -0.0348829 -0.0348853 -0.034877 0.0365776 -0.0348789 -0.0348796 0.0365773 0.0365773 -0.03488 -0.03488 -0.0348801 -0.0348801
internal_weight=93.8942 45.3925 41.1306 48.5017 26.7936 4.363 37.3483 22.4306 21.0414 7.91041 6.52291 21.7081 34.0958 13.131 5.68303 7.448 4.68482 4.3179 2.894 2.76318 4.29303 31.1322 2.95482 3.22467 28.1511 25.1721 20.5539 13.0703 7.48355 3.2805
internal_count=1091 297 271 794 371 45 249 326 310 115 96 423 229 195 84 111 70 64 43 41 64 209 44 48 189 169 401 255 146 64
is_linear=0
shrinkage=0.05


Tree=102
num_leaves=31
num_cat=0
split_feature=1 1 0 3 1 1 3 3 2 3 4 1 0 0 1 1 0 0 1 1 0 2 7 0 7 3 1 1 0 0
split_gain=37.1798 3.79348 4.70991 0.054839 0.164696 0.000144089 1.47153e-05 0.000118284 2.31325e-05 7.79992e-06 3.62883e-06 2.18614e-06 7.33156e-07 2.30791e-06 1.30368e-07 3.12871e-07 1.02194e-07 3.08564e-07 2.43494e-08 2.42535e-08 1.33798e-08 1.21435e-09 3.94964e-10 5.55098e-11 3.49099e-11 1.47047e-11 3.46745e-12 4.33857e-11 5.2669e-13 2.81553e-13
threshold=417.50000000000006 350.50000000000006 52.835000000000008 0.0099647634353574616 1005.5000000000001 326.50000000000006 0.09969184575573993 0.089017473838194208 3682.0000000000005 0.14131452864802432 1.0000000180025095e-35 494.50000000000006 55.130000000000003 56.668815000000009 705.50000000000011 611.50000000000011 55.130000000000003 65.94348500000001 290.00000000000006 800.50000000000011 57.498500000000007 5500.5000000000009 26.832500000000007 45.890220000000006 29.932330000000004 0.1600873536118422 8.5000000000000018 105.50000000000001 68.758830000000017 46.36086000000001
decision_type=2 2 2 2 2 2 2 2 2 2 2 2 2 2 2 2 2 2 2 2 2 2 2 2 2 2 2 2 2 2
left_child=1 5 -3 4 -2 18 7 11 -8 -10 -11 -5 14 -14 15 -13 23 -18 26 -16 -12 -22 -23 -6 -24 -26 -1 -28 -27 -29
right_child=3 2 -4 6 16 -7 8 -9 9 10 20 12 13 -15 19 -17 17 -19 -20 -21 21 22 24 -25 25 28 27 29 -30 -31
leaf_value=0.036353565288033095 -0.019871522285276538 -0.025950284112612316 0.033046295758379259 -0.034863904423068158 -0.034777662054063546 0.03679573421659018 -0.034971540541167322 -0.035304179279591279 -0.034668637225472358 -0.034853673550971333 -0.03478272674566308 -0.034783477371793763 -0.034868511345851845 -0.034783804207979434 -0.034777563789633731 -0.034814144096585134 -0.034809336463369055 -0.034778006306221666 0.036347653292631087 -0.034786558486428046 -0.034776578793035598 -0.034778808585312515 -0.034777763850763518 -0.034777227917846619 -0.03477817092751477 -0.034777974624549131 0.036353314134924979 0.036353555120658125 -0.03477800605252785 0.036353574395295719
leaf_weight=22.113344982266426 2.6158463284373266 6.3002207875251752 7.3060398697853088 1.4597133472561825 1.7674137428402903 1.9355956390500058 1.6453673988580728 1.3347092270851124 1.5453503727912927 1.7682834044098878 1.6188680604100252 2.1538273841142641 1.3327864632010462 2.0271878764033318 1.8303833380341532 1.3549094870686529 1.2862014919519427 2.0203430652618408 1.8397486880421627 1.2690606042742727 1.4661439210176457 1.6884558498859394 1.4672534018754948 1.2620885297656057 1.467632807791232 1.6141948774456958 1.9347838386893261 2.3956058323383322 7.6308883056044579 8.9375004395842534
leaf_count=240 32 20 25 22 28 19 20 16 23 23 22 34 20 32 29 21 20 32 20 20 20 23 20 20 20 22 21 26 104 97
internal_value=0.000234957 0.0284721 0.00572862 -0.0339154 -0.0304265 0.0363751 -0.0348161 -0.0348588 -0.0347912 -0.0347766 -0.0347855 -0.0348068 -0.0347984 -0.0348174 -0.0347887 -0.0347953 -0.0347841 -0.0347902 0.0363533 -0.0347812 -0.0347784 -0.0347779 -0.0347781 -0.0347775 -0.034778 -0.034778 0.0363536 0.0363535 -0.034778 0.0363536
internal_weight=96.3897 52.7628 13.6063 43.6269 8.95189 39.1566 34.675 12.7626 21.9124 20.2671 18.7217 11.4279 9.96816 3.35997 6.60818 3.50874 6.33605 3.30654 37.221 3.09944 16.9534 15.3346 13.8684 3.0295 12.18 10.7127 35.3812 13.2679 9.24508 11.3331
internal_count=1091 468 45 623 132 423 491 194 297 277 254 178 156 52 104 55 100 52 404 49 231 209 189 48 166 146 384 144 126 123
is_linear=0
shrinkage=0.05


Tree=103
num_leaves=31
num_cat=0
split_feature=3 1 1 1 3 1 1 1 3 1 2 2 3 0 4 3 0 1 0 0 1 0 2 0 7 1 3 1 1 2
split_gain=13.9214 23.2007 2.84022 0.541726 0.338237 0.0238719 0.182932 6.99153e-05 3.83411e-05 3.56083e-05 0.000107361 2.82109e-05 1.09495e-05 7.13796e-06 4.18186e-06 3.38435e-06 1.27762e-06 1.21351e-06 9.33889e-07 2.83244e-06 2.87986e-08 1.69694e-08 1.00183e-09 4.33642e-10 3.96254e-10 2.61853e-11 2.39453e-12 8.06466e-13 4.08562e-14 3.95683e-13
threshold=0.11277836960585665 364.00000000000006 417.50000000000006 350.50000000000006 0.095958736671106951 700.50000000000011 683.50000000000011 330.00000000000006 0.074676751080094375 1005.5000000000001 2661.5000000000005 3734.5000000000005 0.068203400258563598 55.130000000000003 1.0000000180025095e-35 0.14244935990179933 54.939820000000005 529.50000000000011 55.130000000000003 65.94348500000001 297.50000000000006 57.498500000000007 5500.5000000000009 45.890220000000006 26.832500000000007 715.50000000000011 0.16689594824667678 270.50000000000006 8.5000000000000018 3021.5000000000005
decision_type=2 2 2 2 2 2 2 2 2 2 2 2 2 2 2 2 2 2 2 2 2 2 2 2 2 2 2 2 2 2
left_child=1 3 -3 7 5 6 8 20 13 10 -7 -2 16 17 -13 -16 -12 -4 23 -20 27 -17 -23 -11 -24 -26 -27 28 -1 -30
right_child=11 2 4 -5 -6 9 -8 -9 -10 18 12 14 -14 -15 15 21 -18 -19 19 -21 -22 22 24 -25 25 26 -28 -29 29 -31
leaf_value=-0.034778002171595955 -0.03499350530760402 0.0066475196573736201 0.036413410871270112 -0.0035877439146216206 0.017009654401429215 0.036751364655740353 0.022058814798074412 -0.035216319244048964 0.036631452942528113 0.036352859570934246 0.036355470916987501 -0.034851160186690239 0.036494202569890631 0.036477008394476401 -0.034699177794996719 -0.034783335672903357 0.036400640620215613 0.036369244224828991 0.036422235856174601 0.036353592022447402 -0.034769115764025943 -0.034776709179341773 -0.034778801488534475 0.036351982358425398 -0.034777785612887024 -0.034778070297053147 -0.034778001465575102 -0.034778048853872666 -0.034778036691129909 -0.034778001731685562
leaf_weight=11.55758515372874 1.6653037071228052 11.919231772422789 2.4542164728045446 1.4912753552198399 2.6511388123035422 2.938147425651553 2.6829225569963446 0.95211499184369941 2.5695486515760413 3.3816960826516134 4.3509873300790769 1.8422654867172266 2.4945390745997429 3.1172581911087036 1.462834939360621 1.6194190606474901 2.4452857300639153 4.2457753494381905 2.458592101931572 3.8655772507190704 0.95763285830616851 1.4662676379084576 1.6884481608867634 2.41490788012743 1.4672732055187214 1.4675388932228077 9.0983424335718137 1.0594765730202187 0.96315394341945548 5.0564423315227032
leaf_count=240 20 35 20 10 12 22 19 16 20 28 36 24 20 25 21 22 20 35 20 32 20 20 23 20 20 20 124 22 20 105
internal_value=0.000450275 0.0105463 0.0281929 -0.0326859 0.0342971 0.0354598 0.0338957 -0.0347979 0.0364595 0.0364277 0.0364879 -0.0347957 0.0364046 0.0364145 -0.0347794 -0.0347721 0.0363717 0.0363854 0.036367 0.0363803 -0.0347776 -0.0347785 -0.034778 0.0363525 -0.0347781 -0.034778 -0.034778 -0.034778 -0.034778 -0.034778
internal_weight=97.8052 76.0275 53.9898 22.0377 42.0706 39.4195 15.0697 20.5464 12.3868 24.3497 12.229 21.7777 9.29081 9.81725 20.1124 18.2701 6.79627 6.69999 12.1208 6.32417 19.5943 16.8073 15.1879 5.7966 13.7216 12.0332 10.5659 18.6367 17.5772 6.0196
internal_count=1091 797 364 433 329 317 119 423 100 198 98 294 76 80 274 250 56 55 100 52 407 229 207 48 187 164 144 387 365 125
is_linear=0
shrinkage=0.05


Tree=104
num_leaves=31
num_cat=0
split_feature=3 4 3 1 1 0 2 3 1 1 0 1 3 0 0 3 1 3 7 1 7 1 0 0 2 7 2 0 2 1
split_gain=44.1057 0.180448 0.0178841 0.000295525 0.00218022 0.000190666 0.000141064 0.000115899 3.25603e-06 9.01161e-06 1.00847e-06 6.4354e-07 3.42053e-07 3.08003e-07 1.79369e-06 8.40829e-08 1.41964e-07 5.15313e-08 2.06878e-08 1.65901e-08 1.16358e-08 7.18055e-09 6.74969e-11 4.0461e-11 2.78018e-11 9.19442e-12 1.98419e-12 2.54463e-12 9.65006e-13 1.46994e-12
threshold=0.09969184575573993 1.0000000180025095e-35 0.13824253337460482 350.50000000000006 417.50000000000006 52.905500000000011 4329.5000000000009 0.089017473838194208 700.50000000000011 683.50000000000011 55.130000000000003 321.50000000000006 0.14848215025473857 55.130000000000003 57.317500000000003 0.019485794471121923 1005.5000000000001 0.038225140500946227 13.239045000000003 781.50000000000011 23.281000000000002 686.50000000000011 77.39379000000001 45.890220000000006 5613.5000000000009 26.514500000000002 2794.0000000000005 49.885500000000008 6412.5000000000009 262.50000000000006
decision_type=2 2 2 2 2 2 2 2 2 2 2 2 2 2 2 2 2 2 2 2 2 2 2 2 2 2 2 2 2 2
left_child=3 -2 -3 11 5 -5 -4 8 9 10 17 26 -8 15 -15 16 -10 -6 -19 -17 -16 -14 -22 -18 -23 -26 27 -1 29 -28
right_child=1 2 6 4 7 -7 12 -9 13 -11 -12 -13 21 14 20 19 23 18 -20 -21 22 24 -24 -25 25 -27 28 -29 -30 -31
leaf_value=-0.03477792431606061 0.025661632744678989 0.040083462076386848 0.036707081619028602 -0.036378569543114074 -0.034792621695960479 -0.035701922306466155 0.036335519170146401 -0.035282028709920248 -0.034758150156589694 -0.03494374562400894 -0.03482740788643978 -0.034817566775709581 0.036356233821434034 -0.034842430356142109 -0.034771137314399139 -0.034778934177716381 -0.034777694007092928 -0.034785087463274807 -0.034776362672885218 -0.034786930277365034 -0.034777160447676973 0.036353724511948765 -0.034776665296654338 -0.034777323369110921 0.036353473175437759 0.036353569532625592 -0.034778007323633398 -0.034777986286111083 -0.034777993272725925 -0.034778081821033223
leaf_weight=1.9743230454623759 4.0713668018579474 3.5992345213890067 3.0682257711887351 2.3202689588069942 1.3378241583705008 1.8884129300713537 2.7931469231843939 1.3213136643171299 1.3713434003293494 1.3059825301170347 2.080093938857317 1.0847670659422863 2.8097982853651073 1.3120380565524099 1.2571485601365564 1.3266087472438814 1.7674490958452227 1.3313785269856455 1.3874904103577135 1.2693808153271673 1.5144168846309187 2.807871267199519 1.2616203129291532 1.2621657848358152 2.8076765090227154 20.917743295431137 2.1188979782164092 10.305412646383045 3.9488196149468422 0.96318135783076275
leaf_count=41 26 22 20 21 21 24 20 16 22 19 32 22 20 20 20 21 28 21 22 20 24 20 20 20 20 149 44 214 82 20
internal_value=-0.000752796 0.0356757 0.0367264 -0.0349217 -0.0350358 -0.036075 0.0363832 -0.0348286 -0.0347984 -0.0348245 -0.0347991 -0.0347801 0.0363522 -0.0347826 -0.0347916 -0.0347757 -0.0347715 -0.0347846 -0.0347806 -0.0347828 -0.0347751 0.0363538 -0.0347769 -0.0347775 0.0363536 0.0363536 -0.034778 -0.034778 -0.034778 -0.034778
internal_weight=88.5854 42.8751 38.8037 45.7103 25.3149 4.20868 35.2045 21.1063 19.7849 7.44277 6.13679 20.3954 32.1362 12.3422 5.34522 6.99695 4.40096 4.05669 2.71887 2.59599 4.03319 29.3431 2.77604 3.02961 26.5333 23.7254 19.3106 12.2797 7.0309 3.08208
internal_count=1091 297 271 794 371 45 249 326 310 115 96 423 229 195 84 111 70 64 43 41 64 209 44 48 189 169 401 255 146 64
is_linear=0
shrinkage=0.05


Tree=105
num_leaves=31
num_cat=0
split_feature=1 1 1 3 1 1 3 3 2 3 4 1 0 0 1 1 0 0 1 1 0 2 7 0 7 3 1 2 0 0
split_gain=34.4815 2.36551 1.4529 0.0580479 0.171201 0.000116918 1.30199e-05 0.000107023 1.87009e-05 6.82423e-06 4.39006e-06 1.72733e-06 5.60767e-07 1.86366e-06 1.50643e-07 3.82441e-07 8.36317e-08 2.52541e-07 1.98821e-08 1.97607e-08 1.09481e-08 1.12789e-09 3.23435e-10 4.55329e-11 2.87779e-11 1.41194e-11 2.80664e-12 3.53673e-11 4.08562e-13 2.04281e-13
threshold=401.50000000000006 350.50000000000006 417.50000000000006 0.0099647634353574616 1005.5000000000001 326.50000000000006 0.09969184575573993 0.089017473838194208 3682.0000000000005 0.14131452864802432 1.0000000180025095e-35 494.50000000000006 55.130000000000003 56.668815000000009 705.50000000000011 611.50000000000011 55.130000000000003 65.94348500000001 800.50000000000011 290.00000000000006 57.498500000000007 5500.5000000000009 26.832500000000007 45.890220000000006 29.932330000000004 0.1600873536118422 8.5000000000000018 3021.5000000000005 68.758830000000017 78.645500000000013
decision_type=2 2 2 2 2 2 2 2 2 2 2 2 2 2 2 2 2 2 2 2 2 2 2 2 2 2 2 2 2 2
left_child=1 5 -2 4 -4 19 7 11 -8 -10 -11 -5 14 -14 15 -13 23 -18 -16 26 -12 -22 -23 -6 -24 -26 -1 -28 -27 -30
right_child=2 -3 3 6 16 -7 8 -9 9 10 20 12 13 -15 18 -17 17 -19 -20 -21 21 22 24 -25 25 28 27 -29 29 -31
leaf_value=0.036146194553614001 -0.0017258639550960634 0.0084082639805454617 -0.019110650090131846 -0.03476290586593362 -0.034682509366523055 0.03655637613214556 -0.034863514744923961 -0.035196137943289484 -0.03457839734709147 -0.034768241727659514 -0.034687228283783504 -0.034687888731137012 -0.034767361982018359 -0.034688832492612197 -0.034682369887234103 -0.034722831839375155 -0.03471207473852022 -0.03468282960951799 -0.034690773051930988 0.036140707312795096 -0.034681406400906799 -0.034683580303246524 -0.034682604089127461 -0.034682103658726648 -0.03468299636887081 -0.034682800520984491 0.036145955169002084 0.036146198374734408 -0.034682824867266059 -0.034682845881076355
leaf_weight=20.832013957202435 3.8726879656314841 9.6916536688804609 2.5065654441714269 1.3712927810847748 1.6600469537079336 1.8251921087503422 1.5462727621197725 1.2684193775057782 1.4486225917935396 1.6771301254630113 1.5205410048365582 2.0229547470808016 1.2522031739354136 1.9047163687646387 1.719134893268347 1.2775364853441713 1.2081703543663027 1.8976129963994024 1.1919644325971601 1.7331207469105709 1.3769869804382313 1.5858924016356457 1.3781209439039219 1.1854178905487058 1.3784909844398487 1.5161368027329425 1.7358768358826626 10.763220228254793 5.7200666666030884 1.4472671151161192
leaf_count=240 12 33 32 22 28 19 20 16 23 23 22 34 20 32 29 21 20 32 20 20 20 23 20 20 20 22 20 124 83 21
internal_value=0.000246948 0.0303909 -0.0310018 -0.0337629 -0.0300719 0.0361662 -0.0347204 -0.0347618 -0.0346963 -0.0346827 -0.0346913 -0.0347105 -0.0347028 -0.03472 -0.0346941 -0.0347014 -0.0346885 -0.0346942 -0.0346858 0.0361459 -0.0346832 -0.0346828 -0.0346829 -0.0346823 -0.0346828 -0.0346828 0.0361462 0.0361462 -0.0346828 -0.0346828
internal_weight=91.5153 46.5811 44.9343 41.0616 8.45781 36.8894 32.6038 12.0082 20.5955 19.0493 17.6006 10.7398 9.36851 3.15692 6.21159 3.30049 5.95125 3.10578 2.9111 35.0642 15.9235 14.403 13.026 2.84546 11.4401 10.062 33.3311 12.4991 8.68347 7.16733
internal_count=1091 456 635 623 132 423 491 194 297 277 254 178 156 52 104 55 100 52 49 404 231 209 189 48 166 146 384 144 126 104
is_linear=0
shrinkage=0.05


Tree=106
num_leaves=31
num_cat=0
split_feature=3 1 1 1 3 1 1 1 1 2 3 2 3 0 4 3 0 1 0 0 1 0 2 0 7 7 3 1 0 1
split_gain=12.9904 21.4546 2.76802 0.53035 0.330497 0.0253527 0.18992 5.71249e-05 3.22294e-05 0.000101238 3.11321e-05 2.28191e-05 8.8888e-06 5.78968e-06 5.00228e-06 3.03027e-06 1.0352e-06 9.8321e-07 7.58044e-07 2.29884e-06 2.40264e-08 1.38766e-08 9.41202e-10 3.5023e-10 3.23825e-10 2.15072e-11 4.80949e-12 6.89226e-13 3.19744e-13 3.37508e-14
threshold=0.11277836960585665 364.00000000000006 417.50000000000006 350.50000000000006 0.095958736671106951 700.50000000000011 683.50000000000011 330.00000000000006 1005.5000000000001 2661.5000000000005 0.074676751080094375 3734.5000000000005 0.068203400258563598 55.130000000000003 1.0000000180025095e-35 0.14244935990179933 54.939820000000005 529.50000000000011 55.130000000000003 65.94348500000001 297.50000000000006 57.498500000000007 5500.5000000000009 45.890220000000006 26.832500000000007 29.932330000000004 0.1641572898033751 270.50000000000006 68.758830000000017 8.5000000000000018
decision_type=2 2 2 2 2 2 2 2 2 2 2 2 2 2 2 2 2 2 2 2 2 2 2 2 2 2 2 2 2 2
left_child=1 3 -3 7 5 6 10 20 9 -7 13 -2 16 17 -13 -16 -11 -4 23 -20 27 -17 -23 -10 -24 -26 -27 29 -28 -1
right_child=11 2 4 -5 -6 8 -8 -9 18 12 -12 14 -14 -15 15 21 -18 -19 19 -21 -22 22 24 -25 25 26 28 -29 -30 -31
leaf_value=-0.034682825500721458 -0.034883941114609011 0.0064894844943584181 0.036201684160412875 -0.0038008647227824191 0.016709941640727071 0.036539518846706968 0.021241088980835154 -0.035091449952019189 0.036145538378761229 0.036147957842882043 0.036404080199225988 -0.03476586846819809 0.036276714657413098 0.036260703797446357 -0.034605734658456073 -0.034687794757286561 0.03618984755088718 0.036160726360814445 0.036209930196667253 0.036146218990510362 -0.0346744500100271 -0.034681528416198759 -0.034683572715748692 0.036144726150923692 -0.034682624666715227 -0.034682919692691078 -0.03468280022523286 -0.034682870033483824 -0.034682825616921702 -0.034682830342849101
leaf_weight=10.855495214462296 1.5650429949164415 11.88401225209236 2.3123072236776334 1.4962356835603703 2.5875897705554953 2.7881933525204685 2.5745114013552657 0.89511827379465003 3.1857426986098272 4.0988877043127996 2.4221041947603217 1.7472827360034013 2.3507015705108643 2.9374525547027588 1.3700473234057451 1.5210594087839115 2.3038252964615822 3.9998884722590446 2.3165043964982033 3.6415930688381195 0.89938139915466209 1.3771032616496075 1.5858852192759503 2.2749708369374275 1.3781409263610829 1.4473393186926831 1.5161375030875186 0.99511732161044975 6.9605666249990463 5.6539230197668067
leaf_count=240 20 35 20 10 12 22 19 16 28 36 20 24 20 25 21 22 20 35 20 32 20 20 23 20 20 21 22 22 101 125
internal_value=0.000473486 0.0104076 0.0276648 -0.0324781 0.0339885 0.0351901 0.0335332 -0.0347014 0.0362182 0.0362771 0.0362445 -0.0347005 0.0361936 0.0362027 -0.0346853 -0.0346771 0.036163 0.0361757 0.0361587 0.036171 -0.0346824 -0.0346833 -0.0346828 0.0361452 -0.0346829 -0.0346828 -0.0346828 -0.0346828 -0.0346828 -0.0346828
internal_weight=92.9422 72.4736 51.6783 20.7953 39.7943 37.2067 14.2463 19.299 22.9604 11.5416 11.6718 20.4686 8.75341 9.24965 18.9036 17.1563 6.40271 6.3122 11.4188 5.9581 18.4039 15.7862 14.2652 5.46071 12.8881 11.3022 9.92404 17.5045 8.4767 16.5094
internal_count=1091 797 364 433 329 317 119 423 198 98 100 294 76 80 274 250 56 55 100 52 407 229 207 48 187 164 144 387 123 365
is_linear=0
shrinkage=0.05


Tree=107
num_leaves=31
num_cat=0
split_feature=3 2 3 1 1 0 3 4 1 1 0 1 0 0 2 3 7 1 2 1 7 0 3 0 7 2 2 0 2 1
split_gain=41.1907 0.191285 0.0193475 0.000286982 0.00208692 0.000210087 0.000105025 4.01795e-05 3.24442e-06 9.95145e-06 8.2429e-07 5.35704e-07 2.53418e-07 1.47487e-06 6.97571e-08 4.27805e-08 1.67768e-08 1.67719e-08 1.12696e-08 1.15272e-08 9.93814e-09 1.02081e-09 1.38337e-10 4.75082e-11 1.02389e-11 3.32179e-12 1.77103e-12 2.15294e-12 8.10463e-13 1.33182e-12
threshold=0.09969184575573993 4136.0000000000009 0.14131452864802432 350.50000000000006 417.50000000000006 52.905500000000011 0.089017473838194208 1.0000000180025095e-35 700.50000000000011 683.50000000000011 55.130000000000003 321.50000000000006 55.130000000000003 57.317500000000003 3279.0000000000005 0.038225140500946227 13.239045000000003 781.50000000000011 5325.5000000000009 686.50000000000011 23.281000000000002 47.605210000000007 0.15755055698466761 77.39379000000001 26.746000000000002 6639.5000000000009 2794.0000000000005 49.885500000000008 6412.5000000000009 262.50000000000006
decision_type=2 2 2 2 2 2 2 2 2 2 2 2 2 2 2 2 2 2 2 2 2 2 2 2 2 2 2 2 2 2
left_child=3 -2 -3 11 5 -5 8 -4 9 10 15 26 14 -14 21 -6 -17 -16 -9 -20 -15 -10 -21 -22 -24 -26 27 -1 29 -28
right_child=1 2 7 4 6 -7 -8 18 12 -11 -12 -13 13 20 17 16 -18 -19 19 22 23 -23 24 -25 25 -27 28 -29 -30 -31
leaf_value=-0.034682752006597817 0.024649746872596984 0.040286453088041914 0.036332263148747754 -0.036296647395100586 -0.034696504913605028 -0.035572861380997023 -0.035175747753354018 0.036143226218676411 -0.034677033275154749 -0.034858482685239965 -0.03472889594088608 -0.034720067802923658 -0.034743030152440943 -0.034676258110666609 -0.034683273789642054 -0.03468937312166484 -0.034681265981175546 -0.03469131222257258 0.03614970582480969 0.036146560511573743 -0.034681982237324528 -0.034675372198328634 0.036146101459124814 -0.034681553594745611 0.036146258400619018 0.036146198110746729 -0.034682830803505267 -0.034682810817010981 -0.034682818367484596 -0.034682903967470355
leaf_weight=1.8543883189559043 3.7442752569913855 3.1093037948012343 3.2098851948976508 2.267885327339175 1.2566370479762619 1.7969807386398313 1.2557475045323361 2.7748244851827648 2.480583872646092 1.2428789548575876 1.9539433568716047 1.0191713012754906 1.232615817338228 1.180622458457947 1.4236193783581259 1.2504667043685915 1.3031714744865892 1.1924233362078664 2.6478258520364788 2.9098809957504299 1.4223595671355727 1.4748470000922678 2.6449830383062389 1.1849551647901533 2.6451070904731777 16.796124383807182 1.9901811592280858 9.679388437420128 3.7089403830468655 0.90467286854982365
leaf_count=41 24 20 23 21 21 24 16 21 42 19 32 22 20 20 24 21 22 20 20 22 24 25 20 20 20 127 44 214 82 20
internal_value=-0.00079712 0.0354157 0.0365129 -0.034829 -0.0349445 -0.0359767 -0.0347332 0.036164 -0.0347033 -0.0347302 -0.0347025 -0.0346848 -0.0346871 -0.0346955 -0.0346806 -0.034689 -0.0346852 -0.0346869 0.0361463 0.0361466 -0.0346801 -0.0346764 0.0361462 -0.0346818 0.0361462 0.0361462 -0.0346828 -0.0346828 -0.0346828 -0.0346829
internal_weight=83.5587 40.4822 36.7379 43.0765 23.9197 4.06487 19.8549 33.6286 18.5991 7.0071 5.76422 19.1567 11.592 5.02055 6.57147 3.81028 2.55364 2.61604 30.4187 27.6439 3.78794 3.95543 24.9961 2.60731 22.0862 19.4412 18.1376 11.5338 6.60379 2.89485
internal_count=1091 297 273 794 371 45 326 253 310 115 96 423 195 84 111 64 43 44 230 209 64 67 189 44 167 147 401 255 146 64
is_linear=0
shrinkage=0.05


Tree=108
num_leaves=31
num_cat=0
split_feature=1 1 0 3 1 1 3 3 2 3 4 1 0 0 1 1 0 0 1 1 0 2 7 0 7 3 1 1 0 0
split_gain=31.929 3.66506 4.45298 0.0614338 0.177752 9.49299e-05 1.14816e-05 9.67771e-05 1.86083e-05 5.84823e-06 3.58179e-06 1.36e-06 4.25228e-07 1.50187e-06 1.69431e-07 4.48468e-07 6.84502e-08 2.0668e-07 1.62919e-08 1.60338e-08 1.2494e-08 9.23181e-10 2.65144e-10 3.67091e-11 2.39408e-11 1.14664e-11 2.27374e-12 2.86855e-11 3.34843e-13 2.04281e-13
threshold=417.50000000000006 350.50000000000006 52.835000000000008 0.0099647634353574616 1005.5000000000001 326.50000000000006 0.09969184575573993 0.089017473838194208 3682.0000000000005 0.14131452864802432 1.0000000180025095e-35 494.50000000000006 55.130000000000003 56.668815000000009 705.50000000000011 611.50000000000011 55.130000000000003 65.94348500000001 800.50000000000011 290.00000000000006 57.498500000000007 5500.5000000000009 26.832500000000007 45.890220000000006 29.932330000000004 0.1600873536118422 8.5000000000000018 105.50000000000001 68.758830000000017 49.325205000000004
decision_type=2 2 2 2 2 2 2 2 2 2 2 2 2 2 2 2 2 2 2 2 2 2 2 2 2 2 2 2 2 2
left_child=1 5 -3 4 -2 19 7 11 -8 -10 -11 -5 14 -14 15 -13 23 -18 -16 26 -12 -22 -23 -6 -24 -26 -1 -28 -27 -29
right_child=3 2 -4 6 16 -7 8 -9 9 10 20 12 13 -15 18 -17 17 -19 -20 -21 21 22 24 -25 25 28 27 29 -30 -31
leaf_value=0.03595385414714275 -0.018339013219833371 -0.025624131857839429 0.031888653085057991 -0.034668708029944602 -0.034593742342026508 0.0363345832298132 -0.03477899456528296 -0.035094754258451162 -0.034494048270103564 -0.034673722274064532 -0.034598900982783065 -0.034598723999079282 -0.03467300327728861 -0.034600265458030348 -0.034593573013750267 -0.034637723969629955 -0.034621344435044235 -0.034594042640774883 -0.034601422950033503 0.03594876041050217 -0.034592713651823349 -0.034594743760780866 -0.034593830147434161 -0.034593366415654761 -0.034594197707524053 -0.034594015492245396 0.035953637429554035 0.035953848524412031 -0.034594042183607308 0.035953863644327587
leaf_weight=19.6157475784421 2.4036101400852194 6.2583425343036634 7.2813268899917603 1.2878779582679296 1.558797135949135 1.7201675996184338 1.4679683148860956 1.2052893564105023 1.3574232570827032 1.5752071887254739 1.4285271316766728 1.8995422534644588 1.1761639155447485 1.7892387993633745 1.6142317317426207 1.2045662999153135 1.1345722600817683 1.7818753123283384 1.1192599684000013 1.6319106593728054 1.2929972112178791 1.4891714528202999 1.2940656319260586 1.1131155043840406 1.2944152131676663 1.4236654788255672 1.7162568122148503 3.3510180637240392 6.7301895543932915 6.7020677551627159
leaf_count=240 32 20 25 22 28 19 20 16 23 23 22 34 20 32 29 21 20 32 20 20 20 23 20 20 20 22 21 41 104 82
internal_value=0.000259257 0.0273715 0.00530494 -0.0336132 -0.029709 0.0359725 -0.0346312 -0.0346713 -0.0346079 -0.0345938 -0.034602 -0.0346207 -0.0346137 -0.0346291 -0.0346059 -0.0346139 -0.0345994 -0.0346047 -0.0345968 0.0359536 -0.0345945 -0.034594 -0.0345941 -0.0345936 -0.034594 -0.0345941 0.0359538 0.0359538 -0.034594 0.0359539
internal_weight=86.9186 48.2768 13.5397 38.6418 7.99197 34.7372 30.6498 11.2962 19.3536 17.8857 16.5282 10.0909 8.803 2.9654 5.8376 3.10411 5.58836 2.91645 2.73349 33.017 14.953 13.5245 12.2315 2.67191 10.7423 9.44827 31.3851 11.7693 8.15386 10.0531
internal_count=1091 468 45 623 132 423 491 194 297 277 254 178 156 52 104 55 100 52 49 404 231 209 189 48 166 146 384 144 126 123
is_linear=0
shrinkage=0.05


Tree=109
num_leaves=31
num_cat=0
split_feature=3 1 1 1 3 1 12 1 1 2 3 2 3 4 0 3 0 0 0 1 1 0 2 0 7 1 3 1 1 2
split_gain=12.1206 19.7975 2.72098 0.530703 0.322499 0.0269196 0.222953 4.6681e-05 2.92435e-05 9.54176e-05 2.75842e-05 2.23843e-05 7.21917e-06 4.08214e-06 4.06923e-06 2.6646e-06 8.39451e-07 6.15323e-07 1.86682e-06 4.96212e-07 2.00214e-08 1.5394e-08 7.71638e-10 2.82836e-10 2.66181e-10 1.76827e-11 2.08811e-12 5.87086e-13 2.84217e-14 2.74891e-13
threshold=0.11277836960585665 364.00000000000006 417.50000000000006 350.50000000000006 0.095958736671106951 700.50000000000011 85.000000000000014 330.00000000000006 1005.5000000000001 2661.5000000000005 0.077984452591215683 3734.5000000000005 0.068203400258563598 1.0000000180025095e-35 55.130000000000003 0.14244935990179933 54.939820000000005 55.130000000000003 65.94348500000001 529.50000000000011 297.50000000000006 57.498500000000007 5500.5000000000009 45.890220000000006 26.832500000000007 715.50000000000011 0.16689594824667678 270.50000000000006 8.5000000000000018 3021.5000000000005
decision_type=2 2 2 2 2 2 2 2 2 2 2 2 2 2 2 2 2 2 2 2 2 2 2 2 2 2 2 2 2 2
left_child=1 3 -3 7 5 6 10 20 9 -7 14 -2 16 -13 19 -15 -11 23 -19 -4 27 -17 -23 -10 -24 -26 -27 28 -1 -30
right_child=11 2 4 -5 -6 8 -8 -9 17 12 -12 13 -14 15 -16 21 -18 18 -20 -21 -22 22 24 -25 25 26 -28 -29 29 -31
leaf_value=-0.034594039172152431 -0.034798214469764277 0.0062392938055875384 0.036005336619397275 -0.0035424631770530103 0.016433860781059084 0.036342938054818259 0.018765984940181099 -0.034975070149543763 0.035953252730702566 0.035955484506411554 0.036203987948273231 -0.034671313838867908 0.036075042011555168 -0.034519416201380208 0.036058451198352041 -0.034599446998556486 0.035994356978074307 0.03601304299978899 0.035953879160137009 0.035975518366050632 -0.034586148844071678 -0.034592826737634294 -0.034594737740047024 0.035952500533286968 -0.034593850708528544 -0.034594106877983796 -0.034594038449227267 -0.03459408150527972 -0.034594069695119384 -0.034594038676378856
leaf_weight=10.19340582564474 1.4858071357011819 11.875982671976088 2.177564784884451 1.4872865825891484 2.5257763117551795 2.6457056179642704 2.2379616647958747 0.84126390889286895 2.9997474104166013 3.8595835715532285 2.2895191311836234 1.6408482044935251 2.2140715047717094 1.2834527082741285 2.8759801238775253 1.4290203228592862 2.1695166677236557 2.1815835013985634 3.4289823025465012 3.8834271505475044 0.8444582112133493 1.293106548488139 1.4891646802425373 2.1421465948224068 1.2940842732787121 1.2943285703659047 8.0244357958435995 0.93442474305629808 0.84946938976645547 4.4596140645444393
leaf_count=240 20 35 20 10 12 22 17 16 28 36 20 24 20 21 26 22 20 20 32 36 20 20 23 20 20 20 124 22 20 105
internal_value=0.000494221 0.0102636 0.0271053 -0.032255 0.0336903 0.0349318 0.0331765 -0.0346114 0.0360239 0.0360817 0.0360491 -0.0346118 0.0359978 -0.0345962 0.0360095 -0.0345885 0.0359695 0.0359654 0.0359769 0.0359862 -0.0345937 -0.0345945 -0.034594 0.0359529 -0.0345941 -0.034594 -0.034594 -0.034594 -0.034594 -0.034594
internal_weight=88.3517 69.1175 49.5075 19.6099 37.6316 35.1058 13.4645 18.1226 21.6413 10.8889 11.2265 19.2342 8.24317 17.7484 8.93697 16.1076 6.0291 10.7525 5.61057 6.06099 17.2814 14.8241 13.3951 5.14189 12.102 10.6128 9.31876 16.4369 15.5025 5.30908
internal_count=1091 797 364 433 329 317 119 423 198 98 102 294 76 274 82 250 56 100 52 56 407 229 207 48 187 164 144 387 365 125
is_linear=0
shrinkage=0.05


Tree=110
num_leaves=31
num_cat=0
split_feature=3 2 3 1 1 0 3 4 1 1 0 1 0 0 2 3 1 7 2 1 7 0 3 0 7 2 2 0 2 1
split_gain=38.473 0.200209 0.0192674 0.000272386 0.00194386 0.000184638 9.50965e-05 3.25628e-05 3.22183e-06 1.0754e-05 6.73792e-07 4.4536e-07 2.08486e-07 1.21244e-06 5.79321e-08 3.5473e-08 1.38409e-08 1.36141e-08 9.16254e-09 9.36356e-09 8.47201e-09 8.91134e-10 1.14843e-10 3.33285e-11 8.95106e-12 2.80131e-12 1.40687e-12 1.71507e-12 7.14095e-13 1.1724e-12
threshold=0.09969184575573993 4136.0000000000009 0.14131452864802432 350.50000000000006 417.50000000000006 52.905500000000011 0.089017473838194208 1.0000000180025095e-35 700.50000000000011 683.50000000000011 55.130000000000003 321.50000000000006 55.130000000000003 57.317500000000003 3279.0000000000005 0.038225140500946227 781.50000000000011 13.239045000000003 5325.5000000000009 686.50000000000011 23.281000000000002 47.605210000000007 0.15755055698466761 77.39379000000001 26.746000000000002 6639.5000000000009 2794.0000000000005 49.885500000000008 6412.5000000000009 262.50000000000006
decision_type=2 2 2 2 2 2 2 2 2 2 2 2 2 2 2 2 2 2 2 2 2 2 2 2 2 2 2 2 2 2
left_child=3 -2 -3 11 5 -5 8 -4 9 10 15 26 14 -14 21 -6 -16 -17 -9 -20 -15 -10 -21 -22 -24 -26 27 -1 29 -28
right_child=1 2 7 4 6 -7 -8 18 12 -11 -12 -13 13 20 16 17 -18 -19 19 22 23 -23 24 -25 25 -27 28 -29 -30 -31
leaf_value=-0.034593971388430352 0.023913536157232327 0.040187545822314062 0.036126442817268144 -0.036173956582604742 -0.034606837332380229 -0.035483095274256769 -0.035075983888335438 0.035951095664746378 -0.034588548055876141 -0.034778768230920312 -0.034637007144989962 -0.034629077190789052 -0.034650300804583506 -0.034587763355864207 -0.034594413174418991 -0.034600094045945988 -0.034601948967244639 -0.034592557400656102 0.035957115313364089 0.035954197257947636 -0.034593200387568621 -0.034586946371598586 0.03595376395846684 -0.034592829885882678 0.035953914258552329 0.035953857225312365 -0.034594043773241448 -0.034594025545422923 -0.034594031710517954 -0.0345941146184768
leaf_weight=1.7412866726517737 3.5817847251892081 2.9617895483970633 3.0237502902746227 2.1885617449879677 1.1800653412938182 1.7328608334064481 1.1933070942759503 2.6127963736653355 2.3290955834090696 1.1833092235028742 1.8349533565342424 0.95727520063519378 1.1576838158071039 1.1084717996418478 1.3367497697472575 1.1741686351597311 1.1197118721902368 1.2236603163182733 2.4932564646005657 2.7399951964616802 1.3355534672737124 1.3847212605178354 2.4905526936054256 1.1126601025462148 2.4906748756766346 15.81549149006605 1.8687977865338319 9.0890308134257776 3.482727937400341 0.84949760138988484
leaf_count=41 24 20 23 21 21 24 16 21 42 19 32 22 20 20 24 21 20 22 20 22 24 25 20 20 20 127 44 214 82 20
internal_value=-0.000840157 0.0351671 0.0363311 -0.0347411 -0.0348566 -0.0358687 -0.0346441 0.0359704 -0.0346146 -0.0346422 -0.0346124 -0.0345959 -0.0345979 -0.0346059 -0.0345919 -0.0345997 -0.0345978 -0.0345962 0.0359539 0.0359542 -0.0345914 -0.034588 0.0359539 -0.034593 0.0359539 0.0359539 -0.034594 -0.034594 -0.034594 -0.0345941
internal_weight=78.7942 38.2101 34.6283 40.5842 22.5955 3.92142 18.6741 31.6665 17.4808 6.59616 5.41285 17.9886 10.8846 4.71437 6.17028 3.57789 2.45646 2.39783 28.6428 26.03 3.55669 3.71382 23.5367 2.44821 20.7967 18.3062 17.0313 10.8303 6.20102 2.7183
internal_count=1091 297 273 794 371 45 326 253 310 115 96 423 195 84 111 64 44 43 230 209 64 67 189 44 167 147 401 255 146 64
is_linear=0
shrinkage=0.05


Tree=111
num_leaves=31
num_cat=0
split_feature=1 1 1 3 1 1 3 3 2 3 4 1 0 0 1 1 0 0 0 1 1 2 7 0 7 3 1 2 0 0
split_gain=29.6042 2.30314 1.38474 0.0649714 0.184144 7.71218e-05 1.00747e-05 8.75282e-05 1.84166e-05 5.00104e-06 2.922e-06 1.07572e-06 3.31743e-07 1.20509e-06 1.73355e-07 4.70626e-07 5.60175e-08 1.69158e-07 1.39122e-08 1.33481e-08 1.30267e-08 7.55226e-10 2.17717e-10 3.03453e-11 1.97931e-11 9.30456e-12 1.93801e-12 2.35252e-11 2.88658e-13 1.41664e-13
threshold=401.50000000000006 350.50000000000006 417.50000000000006 0.0099647634353574616 1005.5000000000001 326.50000000000006 0.09969184575573993 0.089017473838194208 3682.0000000000005 0.14131452864802432 1.0000000180025095e-35 494.50000000000006 55.130000000000003 56.668815000000009 705.50000000000011 611.50000000000011 55.130000000000003 65.94348500000001 57.498500000000007 800.50000000000011 290.00000000000006 5500.5000000000009 26.832500000000007 45.890220000000006 29.932330000000004 0.1600873536118422 8.5000000000000018 3021.5000000000005 68.758830000000017 78.645500000000013
decision_type=2 2 2 2 2 2 2 2 2 2 2 2 2 2 2 2 2 2 2 2 2 2 2 2 2 2 2 2 2 2
left_child=1 5 -2 4 -4 20 7 11 -8 -10 -11 -5 14 -14 15 -13 23 -18 -12 -16 26 -20 -23 -6 -24 -26 -1 -28 -27 -30
right_child=2 -3 3 6 16 -7 8 -9 9 10 18 12 13 -15 19 -17 17 -19 21 -21 -22 22 24 -25 25 28 27 -29 29 -31
leaf_value=0.035775353004912483 -0.0019991105091631254 0.0079678189910981304 -0.017568892755585361 -0.034580836193601895 -0.03451092242302118 0.036128933561873709 -0.034700015042365126 -0.034999568164845681 -0.034415563853463442 -0.034585544667588113 -0.034516500241770248 -0.034515529239120275 -0.034584970824881163 -0.034517735861467204 -0.034510727225656623 -0.034556722282314989 -0.034536692807206962 -0.034511201256272751 -0.034509960667402008 -0.034518060718495426 0.035770620207341473 -0.034511856861359061 -0.034511001778046897 -0.034510569663600985 -0.034511345503751921 -0.034511175462336285 0.03577514511005804 0.035775355811584968 -0.034511197264097758 -0.03451121591024145
leaf_weight=18.462451167404659 3.8682774305343619 9.6265697628259641 2.3080264925956717 1.2092293947935129 1.4633674398064616 1.6203817948698986 1.3940895497798944 1.1451876536011685 1.2716778255999113 1.479096584022044 1.3418011181056488 1.7832162790000423 1.10445948317647 1.6804971247911451 1.5153646096587183 1.1345106549561021 1.0651934370398524 1.6727903485298155 1.2138359248638142 1.0507339797914026 1.5359435155987728 1.3980095274746407 1.2148421145975579 1.0449694320559499 1.2151721864938716 1.3365095257759092 1.5384254157543171 9.5389448925852758 5.0423725657165051 1.275800075381994
leaf_count=240 12 33 32 22 28 19 20 16 23 23 22 34 20 32 29 21 20 32 20 20 20 23 20 20 20 22 20 124 83 21
internal_value=0.000271531 0.0294637 -0.0304399 -0.0334656 -0.0293384 0.0357926 -0.034548 -0.0345867 -0.0345254 -0.0345109 -0.0345187 -0.0345368 -0.0345303 -0.0345444 -0.0345232 -0.0345315 -0.0345162 -0.0345211 -0.0345117 -0.0345137 0.0357751 -0.0345111 -0.0345113 -0.0345108 -0.0345112 -0.0345112 0.0357753 0.0357753 -0.0345112 -0.0345112
internal_weight=82.5517 42.3227 40.229 36.3608 7.55435 32.6961 28.8064 10.6232 18.1832 16.7891 15.5174 9.47801 8.26878 2.78496 5.48383 2.91773 5.24632 2.73798 14.0383 2.5661 31.0758 12.6965 11.4827 2.50834 10.0847 8.86985 29.5398 11.0774 7.65468 6.31817
internal_count=1091 456 635 623 132 423 491 194 297 277 254 178 156 52 104 55 100 52 231 49 404 209 189 48 166 146 384 144 126 104
is_linear=0
shrinkage=0.05


Tree=112
num_leaves=31
num_cat=0
split_feature=3 1 14 0 1 7 1 4 1 2 2 1 1 1 1 3 1 2 4 1 3 1 1 2 12 0 3 7 1 2
split_gain=11.3125 18.3039 2.7379 1.53955 3.10237 0.581783 0.51922 0.283905 0.527073 0.253119 0.110722 0.125225 0.0478683 0.0370208 7.34437e-05 7.26553e-05 3.81517e-05 2.18933e-05 3.37096e-06 3.30072e-06 2.30181e-06 1.33855e-06 1.66584e-08 7.91032e-10 8.92324e-10 4.14397e-10 4.50928e-12 1.63602e-12 5.11591e-13 2.96652e-13
threshold=0.11277836960585665 364.00000000000006 1008.0000000000001 54.541000000000004 417.50000000000006 17.390240000000002 350.50000000000006 11.500000000000002 417.50000000000006 3707.0000000000005 4484.0000000000009 700.50000000000011 824.50000000000011 775.50000000000011 1005.5000000000001 0.06957913056534544 330.00000000000006 3965.0000000000005 1.0000000180025095e-35 1006.5000000000001 0.14244935990179933 708.50000000000011 297.50000000000006 5325.5000000000009 87.500000000000014 45.572500000000005 0.15755055698466761 26.746000000000002 270.50000000000006 6639.5000000000009
decision_type=2 2 2 2 2 2 2 2 2 2 2 2 2 2 2 2 2 2 2 2 2 2 2 2 2 2 2 2 2 2
left_child=1 6 3 7 -5 -6 16 8 -3 13 12 -12 -7 -9 -15 21 22 -2 -19 -14 -20 -10 28 -22 -25 -16 -26 -28 -1 -29
right_child=17 2 -4 4 5 10 -8 9 15 -11 11 -13 19 14 25 -17 -18 18 20 -21 23 -23 -24 24 26 -27 27 29 -30 -31
leaf_value=-0.03451119907804414 -0.034713569742859454 0.058737098148490624 -0.023878068484891723 -0.016012392315529256 0.0095241756389785517 0.044447428165990538 -0.0037711746316450093 0.043316353501774221 0.035827822154488487 0.023076581589623626 0.035941106761479519 0.019330798709618419 0.035853888693311846 0.036133532877558182 0.035774796500322933 0.036147651217387174 -0.034866575814234864 -0.034583117871557982 -0.034439091474585272 0.035774834670248938 -0.034510034850216809 0.035776517131770727 -0.034503769233405208 -0.034512629126684548 -0.034511295262376722 0.035773850771439041 -0.0345111389030964 -0.034511223707458023 -0.034511238341198611 -0.034511197121892337
leaf_weight=14.553439360111957 1.4768050387501741 3.8365849852561968 2.5436704233288756 4.7727954387664822 2.8099021092057219 2.2231193557381612 1.4926121234893788 2.2247385233640653 2.9755413085222244 4.3909627199172965 2.5234294310212126 2.0617940127849579 3.8240771815180779 2.034840889275074 2.7225434929132462 2.2196972221136093 0.79041286557912727 1.5404920727014566 1.202028203755616 2.016725093126297 1.2746036201715458 2.2196934372186661 0.79270039498806077 1.2163974381983269 1.2151238694787014 2.0160193368792534 1.2149735838174809 1.215055312961338 0.87722072377801019 7.7154373750090599
leaf_count=365 21 10 15 15 23 17 10 15 29 35 24 17 37 18 27 20 16 24 21 20 21 22 20 20 20 20 20 20 22 127
internal_value=0.000518197 0.0101255 0.0265852 0.0294458 0.019225 0.0301041 -0.0320468 0.0378378 0.0436925 0.0329179 0.0346758 0.0284721 0.0382032 0.0377203 0.0358823 0.0359082 -0.0345274 -0.0345291 -0.0345127 0.0358266 -0.0345055 0.0358059 -0.0345108 -0.0345112 -0.0345113 0.0357744 -0.0345112 -0.0345112 -0.0345112 -0.0345112
internal_weight=83.9934 65.9225 47.4161 44.8725 20.2318 15.459 18.5064 24.6406 11.2515 13.3891 12.6491 4.58522 8.06392 8.99814 6.7734 7.41493 17.0138 18.0709 16.5941 5.8408 15.0536 5.19523 16.2234 13.8516 12.577 4.73856 11.3606 10.1455 15.4307 8.93049
internal_count=1091 797 364 349 153 138 433 196 81 115 115 41 74 80 65 71 423 294 273 57 249 51 407 228 207 47 187 167 387 147
is_linear=0
shrinkage=0.05


Tree=113
num_leaves=31
num_cat=0
split_feature=3 4 3 1 1 0 2 3 1 1 0 1 3 0 0 2 3 1 7 7 1 0 0 2 7 2 0 2 1 0
split_gain=35.9452 0.211407 0.0175952 0.000263715 0.00185261 0.000198717 0.000110529 8.60368e-05 3.18943e-06 1.14202e-05 5.51181e-07 3.69839e-07 2.55903e-07 1.71503e-07 9.96393e-07 4.80985e-08 2.94041e-08 1.14146e-08 1.1052e-08 7.2039e-09 3.80655e-09 7.73613e-10 2.3143e-11 1.66533e-11 6.71996e-12 1.16263e-12 1.44507e-12 6.14175e-13 9.92539e-13 3.44613e-13
threshold=0.09969184575573993 1.0000000180025095e-35 0.13824253337460482 350.50000000000006 417.50000000000006 52.905500000000011 4329.5000000000009 0.089017473838194208 700.50000000000011 683.50000000000011 55.130000000000003 321.50000000000006 0.14848215025473857 55.130000000000003 57.317500000000003 3279.0000000000005 0.038225140500946227 781.50000000000011 13.239045000000003 23.281000000000002 686.50000000000011 47.605210000000007 77.39379000000001 5613.5000000000009 26.514500000000002 2794.0000000000005 49.885500000000008 6412.5000000000009 262.50000000000006 79.203000000000017
decision_type=2 2 2 2 2 2 2 2 2 2 2 2 2 2 2 2 2 2 2 2 2 2 2 2 2 2 2 2 2 2
left_child=3 -2 -3 11 5 -5 -4 8 9 10 16 25 -8 15 -15 21 -6 -17 -18 -16 -14 -10 -21 -22 -25 26 -1 28 -27 -26
right_child=1 2 6 4 7 -7 12 -9 13 -11 -12 -13 20 14 19 17 18 -19 -20 22 23 -23 -24 24 29 27 -28 -29 -30 -31
leaf_value=-0.034511134434966687 0.02324337354459546 0.039752637982232317 0.036114842554561787 -0.036098245754307944 -0.034523167351860083 -0.035367830690982476 0.03575821970462903 -0.0349822877665521 -0.034505994835214396 -0.034704226471565097 -0.034551285316037648 -0.034544148474797323 0.035777477781733479 -0.034563777039031227 -0.034505210509048097 -0.034511508803505772 -0.034516793608862943 -0.034518571918042439 -0.034509785069543206 -0.034510369837460218 0.035775485752179571 -0.03450445452439569 -0.034510051184236605 0.035775265336789555 0.035775352724700213 -0.034511202884409425 -0.034511185759714728 -0.034511191182952643 -0.03451127016024038 0.035775373339340097
leaf_weight=1.6346863023936737 3.4956214129924765 3.1207551658153525 2.6108764410018948 2.1387595534324677 1.1078818067908351 1.6492355205118654 2.3292657136917141 1.1338618770241726 2.1863319948315607 1.1269453130662439 1.7227849848568437 0.89890390262007791 2.345937296748164 1.0870284363627432 1.0404823906719687 1.254878453910351 1.1022528707981112 1.0511778779327867 1.1487160325050352 1.253742750734091 2.3443018198013332 1.2997909486293791 1.0445226393640039 2.3441189154982593 15.120033331215383 1.7543915770947944 8.532607536762951 3.2695182673633099 0.79749365150928486 2.3442084714770308
leaf_count=41 26 22 20 21 21 24 20 16 42 19 32 22 20 20 20 24 21 20 22 24 20 25 20 20 129 44 214 82 20 20
internal_value=-0.000887596 0.0349282 0.0361827 -0.0346606 -0.0347774 -0.0357802 0.0358043 -0.034561 -0.034532 -0.0345602 -0.0345283 -0.0345129 0.0357741 -0.0345148 -0.0345222 -0.0345091 -0.0345165 -0.0345147 -0.0345132 -0.0345087 0.0357756 -0.0345054 -0.0345102 0.0357754 0.0357753 -0.0345112 -0.0345112 -0.0345112 -0.0345112 0.0357754
internal_weight=74.2911 36.0551 32.5595 38.236 21.3484 3.788 29.4387 17.5604 16.4265 6.20858 5.08164 16.8876 26.8279 10.218 4.42578 5.79218 3.35885 2.30606 2.25097 3.33875 24.4986 3.48612 2.29827 22.1527 19.8084 15.9887 10.1673 5.8214 2.55189 17.4642
internal_count=1091 297 271 794 371 45 249 326 310 115 96 423 229 195 84 111 64 44 43 64 209 67 44 189 169 401 255 146 64 149
is_linear=0
shrinkage=0.05


Tree=114
num_leaves=31
num_cat=0
split_feature=1 1 0 3 1 1 3 3 2 3 4 1 2 7 0 7 4 0 0 2 0 1 2 7 0 7 3 1 2 0
split_gain=27.4921 3.47792 4.01767 0.0690357 0.192847 6.2689e-05 1.10145e-05 7.3628e-05 1.48985e-05 4.39455e-06 3.5284e-06 7.45107e-07 5.70499e-07 3.9022e-07 1.23392e-06 2.2806e-07 8.29935e-08 7.24933e-08 2.33862e-07 3.60813e-08 1.13916e-08 1.05896e-08 6.94071e-10 1.7791e-10 4.44169e-11 1.62386e-11 8.83205e-12 1.53477e-12 1.89679e-11 2.35367e-13
threshold=417.50000000000006 350.50000000000006 52.835000000000008 0.0099647634353574616 1005.5000000000001 326.50000000000006 0.09969184575573993 0.089017473838194208 3682.0000000000005 0.14131452864802432 1.0000000180025095e-35 494.50000000000006 7497.5000000000009 17.413240000000002 51.705500000000008 15.963320000000001 14.500000000000002 54.638500000000008 65.803500000000014 5961.0000000000009 57.498500000000007 290.00000000000006 5500.5000000000009 26.832500000000007 45.572500000000005 29.932330000000004 0.1600873536118422 8.5000000000000018 3021.5000000000005 68.758830000000017
decision_type=2 2 2 2 2 2 2 2 2 2 2 2 2 2 2 2 2 2 2 2 2 2 2 2 2 2 2 2 2 2
left_child=1 5 -3 4 -2 21 7 11 -8 -10 -11 -5 13 14 16 -14 -13 24 -19 -15 -12 27 -22 -24 -6 -25 -27 -1 -29 -28
right_child=3 2 -4 6 17 -7 8 -9 9 10 20 12 15 19 -16 -17 -18 18 -20 -21 22 -23 23 25 -26 26 29 28 -30 -31
leaf_value=0.0356096041653211 -0.016642297610950509 -0.024577421669043403 0.030336599320060248 -0.034504904527541257 -0.034433631775419631 0.035938138633226153 -0.034610334709109833 -0.034903393079777467 -0.034342450411155467 -0.034517684385873625 -0.034438838669944544 -0.034437647307525764 -0.034467433253000439 -0.034430622169629506 -0.034509603912021847 -0.034500851031126878 -0.034455920837208734 -0.034464542330937424 -0.034433835539200063 -0.034443545707686658 -0.034432664648748716 0.035605204923487142 -0.03443450802395389 -0.034433709804097407 -0.034433187845714773 -0.034434040261878608 -0.034433870786892626 0.035609411924754086 0.035609606982289613 -0.034433894648002339
leaf_weight=17.369921453297149 2.2020141780376425 6.1601486057043058 7.2519157528877258 1.1407197155058399 1.324414409697056 1.52567958831787 1.3092099055647874 1.0842615850269783 1.1908375620841969 1.4044469818472851 1.2593869119882573 1.5251003131270415 1.007857855409384 1.1251849159598353 1.0410520732402799 1.0346713848412035 1.0485541261732576 1.0049278698861601 1.6190071851015089 1.0386062040925024 1.1391925886273373 1.4450353682041157 1.312130320817231 1.1402110792696465 0.98067544400691975 1.14053166285157 1.2544045001268385 1.4473870694637287 8.9744703546166402 5.9300330840051174
leaf_count=240 32 20 25 22 27 19 20 16 23 23 22 31 20 23 20 20 21 20 33 21 20 20 23 20 20 20 22 20 124 104
internal_value=0.00029339 0.0263621 0.00511464 -0.0333219 -0.0289441 0.0356257 -0.0344727 -0.0345142 -0.0344483 -0.0344348 -0.0344423 -0.0344672 -0.0344616 -0.0344536 -0.0344637 -0.0344844 -0.0344451 -0.0344399 -0.0344456 -0.0344368 -0.0344343 0.0356094 -0.0344338 -0.034434 -0.0344334 -0.0344339 -0.0344339 0.0356096 0.0356096 -0.0344339
internal_weight=78.432 44.1746 13.4121 34.2574 7.13104 30.7625 27.1264 10.046 17.0804 15.7712 14.5803 8.96175 7.82103 5.7785 3.61471 2.04253 2.57365 4.92902 2.62394 2.16379 13.1759 29.2368 11.9165 10.7773 2.30509 9.46518 8.32497 27.7918 10.4219 7.18444
internal_count=1091 468 45 623 132 423 491 194 297 277 254 178 156 116 72 40 52 100 53 44 231 404 209 189 47 166 146 384 144 126
is_linear=0
shrinkage=0.05


Tree=115
num_leaves=31
num_cat=0
split_feature=3 1 14 0 1 7 4 1 1 2 3 3 1 1 2 1 2 1 4 3 0 1 2 12 0 3 7 1 2 1
split_gain=10.5543 16.8886 3.46825 1.63998 4.46486 0.730024 0.271593 0.460644 0.260346 0.190743 0.185838 0.0374477 6.50857e-05 5.61536e-05 3.32607e-05 3.11844e-05 1.77106e-05 9.84427e-06 4.02074e-06 2.05104e-06 1.24624e-07 1.38484e-08 7.25096e-10 7.3217e-10 5.83476e-10 4.44889e-12 1.33848e-12 4.32543e-13 2.46914e-13 1.33227e-14
threshold=0.11277836960585665 350.50000000000006 1077.5000000000002 52.835000000000008 409.50000000000006 17.248000000000005 8.5000000000000018 425.00000000000006 578.00000000000011 5613.5000000000009 0.068203400258563598 0.043910763383208935 715.50000000000011 1005.5000000000001 6412.5000000000009 330.00000000000006 3965.0000000000005 1005.5000000000001 1.0000000180025095e-35 0.14244935990179933 66.435125000000014 297.50000000000006 5325.5000000000009 87.500000000000014 44.082225000000008 0.15755055698466761 26.746000000000002 270.50000000000006 6639.5000000000009 8.5000000000000018
decision_type=2 2 2 2 2 2 2 2 2 2 2 2 2 2 2 2 2 2 2 2 2 2 2 2 2 2 2 2 2 2
left_child=1 15 3 6 -5 -6 7 -3 -7 11 12 13 -10 -8 -9 21 -2 -14 -18 -20 -19 27 -21 -24 -15 -25 -27 29 -28 -1
right_child=16 2 -4 4 5 8 9 14 10 -11 -12 -13 17 24 -16 -17 18 20 19 22 -22 -23 23 25 -26 26 28 -29 -30 -31
leaf_value=-0.034433892120674534 -0.034622931700166067 0.058849989177324716 -0.030328849655728591 -0.023701540058944513 0.012976105407229425 0.050093462676829771 0.035902831631045108 0.035635381206430471 0.035981287193241243 0.02337276765149331 0.018828993426901877 0.043558323097369928 0.035738115989739132 0.035609075585849102 0.035888261410853009 -0.034765409638110888 -0.03451538890144025 0.035626163774203606 -0.034363529263178622 -0.03443273609173568 0.035609537225910537 -0.034426900584590261 -0.034435231384202528 -0.034433992435275507 0.035607906081394906 -0.03443383710262219 -0.034433916485267016 -0.034433930565968281 -0.034433891448459569 -0.0344338954538536
leaf_weight=8.9815057106316001 1.3868881538510347 3.6259937733411807 2.6648879870772353 4.8024062514305141 4.5219225138425854 2.6835113018751136 2.6116858795285207 3.0640006586909294 2.0105499625205976 3.3026263788342467 1.9736444130539883 1.9574221372604368 2.5778505429625511 2.0870826542377472 2.2589354738593102 0.74242766201496202 1.4627314470708359 1.9088974818587301 1.1247413158416737 1.1962268278002728 2.7516394630074501 0.74394945427775461 1.1416798718273629 1.140485607087611 2.18096774071455 1.1403349302709092 1.1404118239879588 0.82333170250058252 7.2414608038961887 4.6778832301497468
leaf_count=240 21 12 15 18 38 19 25 32 19 24 16 14 26 22 22 16 24 20 21 21 29 20 20 20 23 20 20 22 127 125
internal_value=0.000537834 0.00997257 0.0250707 0.0284019 0.0192378 0.0304279 0.0384967 0.0451055 0.0361028 0.0336249 0.0327574 0.0374564 0.0357296 0.0357202 0.0357427 -0.034449 -0.0344517 0.0356597 -0.0344365 -0.0344283 0.0356163 -0.0344336 -0.0344339 -0.034434 0.0356085 -0.0344339 -0.0344339 -0.0344339 -0.0344339 -0.0344339
internal_weight=79.9281 62.9531 46.984 44.3191 23.2304 18.428 21.0887 8.94893 13.9061 12.1398 11.2226 8.83716 9.24894 6.87974 5.32294 15.9691 16.975 7.23839 15.5881 14.1253 4.66054 15.2267 13.0006 11.8044 4.26805 10.6627 9.52221 14.4827 8.38187 13.6594
internal_count=1091 797 374 359 185 167 174 66 129 108 110 84 94 70 54 423 294 75 273 249 49 407 228 207 45 187 167 387 147 365
is_linear=0
shrinkage=0.05


Tree=116
num_leaves=31
num_cat=0
split_feature=3 0 0 1 1 0 3 2 4 1 1 3 2 0 1 0 0 2 2 1 0 1 0 1 0 2 2 0 2 1
split_gain=33.605 0.218223 0.018873 0.000243727 0.00163351 0.000143269 7.36828e-05 4.10199e-05 2.7382e-05 2.7244e-06 6.69908e-06 2.50357e-06 6.40367e-07 4.59824e-07 3.06763e-07 1.13119e-07 5.83664e-07 9.97712e-08 6.82293e-08 8.26704e-08 2.07475e-08 2.5569e-09 1.38829e-09 1.02254e-10 3.22899e-11 1.59677e-11 9.74332e-13 1.09601e-12 5.10703e-13 8.88845e-13
threshold=0.09969184575573993 55.19700000000001 57.628095000000009 350.50000000000006 417.50000000000006 52.905500000000011 0.089017473838194208 4757.5000000000009 1.0000000180025095e-35 713.50000000000011 676.50000000000011 0.14848215025473857 7362.0000000000009 55.278000000000006 321.50000000000006 54.638500000000008 58.11323500000001 7061.5000000000009 3627.5000000000005 1005.5000000000001 50.157000000000004 1006.5000000000001 61.49222000000001 718.50000000000011 45.572500000000005 6521.0000000000009 2794.0000000000005 49.885500000000008 6412.5000000000009 262.50000000000006
decision_type=2 2 2 2 2 2 2 2 2 2 2 2 2 2 2 2 2 2 2 2 2 2 2 2 2 2 2 2 2 2
left_child=3 -2 -3 14 5 -5 9 -4 -9 10 13 -10 15 17 26 18 -17 20 19 -11 -6 -18 -13 -24 -21 -25 27 -1 29 -28
right_child=1 2 7 4 6 -7 -8 8 11 12 -12 22 -14 -15 -16 16 21 -19 -20 24 -22 -23 23 25 -26 -27 28 -29 -30 -31
leaf_value=-0.034433834298304336 0.022631052952400296 0.039941979224894314 0.035838096236009157 -0.035936489526434835 -0.03443417568674674 -0.035304045556881485 -0.034887435037902467 0.035783559871256608 0.035553125713671106 -0.034416091043881353 -0.034578204632174744 0.035610908141656607 -0.034479498781818829 -0.034478327819573655 -0.034464864700337217 -0.034476290830551697 -0.034430488261785283 -0.034457958431881826 -0.034441616153025281 -0.034433674408494132 -0.03444396802840323 -0.034433706739374917 0.035609262401533795 0.035609750110197402 -0.03443329591474268 0.035609605597730597 -0.034433896267390046 -0.034433880446040455 -0.034433885994285221 -0.034433961982434702
leaf_weight=1.5342636108398391 3.3713491484522811 2.8057944104075458 2.3787881582975414 2.0311059206724198 1.1286383159458671 1.601548798382282 1.073572665452956 2.3507760912179974 2.1549694091081646 0.96630761772394036 1.4659633599221704 2.2065663859248188 1.0174477957189072 1.5231847278773782 0.84388636052608568 1.0146398805081847 1.6632282286882403 1.000387445092201 1.382373198866844 1.3244609944522383 1.038764603435993 0.98111025989055622 2.2051822990179089 2.2055951282382038 0.98076457530260075 14.335570760071276 1.6466154605150234 8.0084302760660631 3.0686645694077015 0.74850323796272267
leaf_count=41 27 20 20 21 23 24 16 20 20 20 27 20 20 30 22 20 34 20 28 27 21 20 20 20 20 130 44 214 82 20
internal_value=-0.00094206 0.0347051 0.0360335 -0.0345823 -0.0346975 -0.0356577 -0.0344869 0.0356395 0.035621 -0.0344591 -0.0344849 0.0356044 -0.0344421 -0.0344558 -0.0344355 -0.0344375 -0.0344441 -0.0344449 -0.0344323 -0.0344284 -0.0344389 -0.0344317 0.0356097 0.0356096 -0.0344335 0.0356096 -0.0344339 -0.0344339 -0.0344339 -0.0344339
internal_weight=70.0585 34.0146 30.6432 36.0439 20.1935 3.63265 16.5608 27.8374 25.4587 15.4873 6.15694 23.1079 9.33033 4.69098 15.8504 8.31288 3.65898 3.16779 4.65391 3.27153 2.1674 2.64434 20.9529 18.7463 2.30523 16.5412 15.0065 9.54269 5.46378 2.39512
internal_count=1091 297 270 794 371 45 326 250 230 310 121 210 189 94 423 169 74 64 95 67 44 54 190 170 47 150 401 255 146 64
is_linear=0
shrinkage=0.05


Tree=117
num_leaves=31
num_cat=0
split_feature=1 1 0 3 1 1 3 3 2 3 4 2 7 0 1 0 0 0 0 7 1 2 0 7 3 1 1 3 0 2
split_gain=25.5408 3.36482 3.56979 0.0730512 0.200223 5.09815e-05 1.13884e-05 6.51333e-05 1.28962e-05 3.60744e-06 2.98818e-06 8.94953e-07 8.60462e-07 2.11422e-06 1.80968e-07 1.02801e-07 9.62005e-08 3.22364e-07 4.83403e-08 4.66913e-08 8.61258e-09 8.53221e-10 1.57995e-10 1.43579e-10 1.69598e-11 1.52571e-11 1.28964e-12 1.55138e-11 1.00364e-13 1.39e-13
threshold=417.50000000000006 350.50000000000006 52.835000000000008 0.0099647634353574616 1005.5000000000001 326.50000000000006 0.09969184575573993 0.089017473838194208 3682.0000000000005 0.14131452864802432 1.0000000180025095e-35 8214.5000000000018 17.413240000000002 51.930500000000002 561.50000000000011 49.07513500000001 58.102235 48.52150000000001 57.498500000000007 20.395000000000003 290.00000000000006 5500.5000000000009 68.52676000000001 26.832500000000007 0.15755055698466761 733.00000000000011 8.5000000000000018 0.0070495523413675052 49.325205000000004 5470.5000000000009
decision_type=2 2 2 2 2 2 2 2 2 2 2 2 2 2 2 2 2 2 2 2 2 2 2 2 2 2 2 2 2 2
left_child=1 5 -3 4 -2 20 7 11 -8 -10 -11 12 13 14 -5 -16 17 -6 -12 -14 26 -20 -18 -23 -25 -26 -1 -28 -29 -30
right_child=3 2 -4 6 16 -7 8 -9 9 10 18 -13 19 -15 15 -17 22 -19 21 -21 -22 23 -24 24 25 -27 27 28 29 -31
leaf_value=0.035455622721050399 -0.015793291272783574 -0.023132745085558407 0.02886635152575396 -0.034401384580286645 -0.034361487858856822 0.035761023004446418 -0.034531505519602566 -0.034820550178288397 -0.034276894583261247 -0.034441820508449641 -0.034372274731957302 -0.034436533518306577 -0.034363433613090126 -0.034459411171374417 -0.034385776299875215 -0.034364048352845809 -0.034360833042427423 -0.034398628209182928 -0.03436032360305024 -0.034376916373464184 0.035451531541346538 -0.03436231514051407 -0.034361697386379113 -0.03436192565593138 -0.034361542924243246 -0.034361742061338685 0.035455447529547324 0.035455618029759842 0.035455640871375108 0.035455624120811061
leaf_weight=16.335875846445571 2.112237971276044 6.0822315961122495 7.2169376313686371 0.99899039417505475 1.5189516432583334 1.4358947053551663 1.2339829169213796 1.0308160446584214 1.1176727637648571 1.3202545158565033 1.1881567463278759 1.371808487921953 1.4288924001157286 1.299721725285053 1.1742042526602747 1.01489857211709 0.92002399638295207 0.94943126663565625 1.0687130875885476 1.1661922372877596 1.3589959144592274 1.2312646657228459 1.2430162243545053 1.0702866800129394 1.1234080195426939 6.6881666965782642 1.429285779595374 2.7907074689865095 1.8377999886870382 3.7436418533325195
leaf_count=240 32 20 25 21 33 19 20 16 23 23 22 28 31 26 25 22 20 20 20 25 20 23 27 20 21 125 21 41 27 55
internal_value=0.000310613 0.0259018 0.00508513 -0.0331792 -0.0285508 0.0354706 -0.0344019 -0.0344453 -0.0343762 -0.0343633 -0.0343703 -0.0343996 -0.0343924 -0.0344057 -0.0343838 -0.0343757 -0.034369 -0.0343758 -0.0343627 -0.0343695 0.0354554 -0.0343617 -0.0343613 -0.0343618 -0.0343617 -0.0343617 0.0354556 0.0354556 0.0354556 0.0354556
internal_weight=74.5025 42.2314 13.2992 32.2711 6.74366 28.9322 25.5274 9.48552 16.0419 14.8079 13.6903 8.45471 7.0829 4.48781 3.18809 2.1891 4.63142 2.46838 12.37 2.59508 27.4963 11.1818 2.16304 10.1131 8.88186 7.81157 26.1373 9.80144 8.37215 5.58144
internal_count=1091 468 45 623 132 423 491 194 297 277 254 178 150 94 68 47 100 53 231 56 404 209 47 189 166 146 384 144 123 82
is_linear=0
shrinkage=0.05


Tree=118
num_leaves=31
num_cat=0
split_feature=3 1 2 0 10 7 1 4 1 2 1 3 3 1 1 3 1 2 4 3 1 0 1 0 0 2 7 7 3 1
split_gain=9.85058 15.6122 2.67097 1.45363 3.63076 0.748292 0.499373 0.263231 0.395783 0.272148 0.212381 0.181123 0.0322622 0.000136157 6.73832e-05 4.57609e-05 2.54924e-05 1.52685e-05 3.36096e-06 1.7023e-06 5.92739e-07 5.23238e-08 1.14939e-08 7.10495e-09 1.0029e-09 7.4506e-10 1.45063e-10 1.02123e-11 4.37472e-12 3.606e-13
threshold=0.11277836960585665 364.00000000000006 9061.5000000000018 54.541000000000004 259.50000000000006 17.695500000000006 350.50000000000006 11.500000000000002 417.50000000000006 3707.0000000000005 605.50000000000011 0.060223978860616763 0.011226018207769918 1005.5000000000001 1005.5000000000001 0.06957913056534544 330.00000000000006 3734.5000000000005 1.0000000180025095e-35 0.14244935990179933 708.50000000000011 57.498500000000007 297.50000000000006 45.572500000000005 68.52676000000001 5500.5000000000009 26.832500000000007 29.932330000000004 0.1641572898033751 270.50000000000006
decision_type=2 2 2 2 2 2 2 2 2 2 2 2 2 2 2 2 2 2 2 2 2 2 2 2 2 2 2 2 2 2
left_child=1 6 3 7 -5 -6 16 8 -3 12 -7 14 13 -9 -12 20 22 -2 -19 -20 -10 -21 29 -15 -16 -23 -27 -28 -29 -1
right_child=17 2 -4 4 5 10 -8 9 15 -11 11 -13 -14 23 24 -17 -18 18 19 21 -22 25 -24 -25 -26 26 27 28 -30 -31
leaf_value=-0.034361741143881928 -0.034547270773591432 0.055898275804919739 -0.025579531178945698 -0.026531110752259418 0.0093935697435902146 0.048960301746270328 -0.0041076470031665346 0.035956301662459195 0.035503778286470652 0.021467462626434865 0.035766325693388772 0.018205872549151465 0.043136077937437976 0.035455149270753911 0.035453986397343644 0.035775965224772686 -0.034671056622974733 -0.034439603320986299 -0.034296570228574692 -0.034372708188154369 0.035467800151080739 -0.034360413970533042 -0.034355164496121429 0.035459309929538829 0.0354555504963198 -0.034362311046041254 -0.034361586752833885 -0.034361842778326483 -0.034361736038810535 -0.034361776324779568
leaf_weight=12.817542411386963 1.24904429540038 3.7384926676750201 2.4178022071719161 3.6528702676296261 3.6607425659894934 2.2992012947797766 1.4989844858646382 2.0229757428169233 2.7271918281912804 4.0547023192048064 2.9648620560765249 1.8967049121856687 1.8527589440345762 2.4089504107832909 1.7835463434457777 1.9658366069197653 0.69717309623956758 1.3749458231031884 1.0556933730840672 1.1885598525404919 1.972993455827236 1.0688031911849964 0.69805161654949266 1.7873910069465635 2.4093522429466248 1.2312600314617146 1.0699545219540576 1.1237158626317976 6.5811220407485962 0.77258922159671861
leaf_count=365 20 10 14 12 29 19 10 19 30 35 30 16 14 27 20 20 16 24 21 22 22 20 20 20 27 23 20 21 123 22
internal_value=0.000560511 0.00982914 0.0254957 0.0284931 0.0181748 0.0290514 -0.0316234 0.0370419 0.0428764 0.032036 0.0353896 0.0319436 0.0373446 0.0356194 0.0355839 0.0355734 -0.0343758 -0.0343794 -0.0343652 -0.0343575 0.0354887 -0.0343627 -0.0343614 0.0354569 0.0354549 -0.0343617 -0.0343618 -0.0343617 -0.0343618 -0.0343617
internal_weight=76.0438 60.1007 43.6164 41.1986 18.6673 15.0144 16.4843 22.5313 10.4045 12.1268 11.3537 9.05447 8.07208 6.21932 7.15776 6.66602 14.9854 15.9431 14.6941 13.3191 4.70019 12.2634 14.2882 4.19634 4.1929 11.0749 10.0061 8.77479 7.70484 13.5901
internal_count=1091 797 364 350 153 141 433 197 82 115 112 93 80 66 77 72 423 294 274 250 52 229 407 47 47 207 187 164 144 387
is_linear=0
shrinkage=0.05


Tree=119
num_leaves=31
num_cat=0
split_feature=3 4 3 1 1 0 2 3 10 2 12 2 7 2 7 1 3 0 0 1 0 3 0 0 10 2 2 0 2 1
split_gain=31.4266 0.226233 0.0171617 0.000229365 0.00147284 0.000128388 7.71567e-05 6.60527e-05 2.40558e-06 4.46153e-06 9.52411e-07 9.01983e-07 2.86039e-07 4.13723e-07 2.57549e-07 2.54224e-07 1.97772e-07 1.0404e-07 6.0878e-07 1.92889e-08 5.08399e-09 7.78423e-10 7.59507e-10 4.53278e-10 8.66152e-12 9.80194e-12 7.9492e-13 9.09495e-13 4.52527e-13 7.68718e-13
threshold=0.09969184575573993 1.0000000180025095e-35 0.13824253337460482 350.50000000000006 417.50000000000006 52.905500000000011 4329.5000000000009 0.089017473838194208 598.00000000000011 3070.5000000000005 71.500000000000014 6549.0000000000009 18.628095000000005 6064.0000000000009 23.381000000000004 321.50000000000006 0.15212389730596518 52.955500000000008 57.628095000000009 1004.5000000000001 65.320500000000024 0.18217205770965719 41.379885000000009 64.222490000000008 608.50000000000011 6587.0000000000009 2794.0000000000005 49.885500000000008 6412.5000000000009 262.50000000000006
decision_type=2 2 2 2 2 2 2 2 2 2 2 2 2 2 2 2 2 2 2 2 2 2 2 2 2 2 2 2 2 2
left_child=3 -2 -3 15 5 -5 -4 8 9 -6 12 17 13 -11 -8 26 -16 19 -19 -10 -20 -18 -21 -23 -25 -26 27 -1 29 -28
right_child=1 2 6 4 7 -7 14 -9 11 10 -12 -13 -14 -15 16 -17 21 18 20 22 -22 23 -24 24 25 -27 28 -29 -30 -31
leaf_value=-0.034361685396200478 0.021826547103747762 0.039577605995519169 0.035757799742666609 -0.035823063166373285 -0.034506178228427178 -0.035211894715155394 0.035472508040708325 -0.034806448320937086 -0.03436553831319468 -0.034371722296344484 -0.034425692613271879 -0.0344141187329104 -0.03435779273375042 -0.034410936868411318 0.035439384023998481 -0.034390843508357853 0.035456332551338669 -0.034405649414547011 -0.03435592104667725 -0.034356174882301478 -0.034360563777385139 0.035454851014883985 -0.034357913191811001 0.035455535814420541 0.035455742981664394 0.035455623052247587 -0.034361743578638179 -0.034361728763920775 -0.034361733364442586 -0.034361806661686832
leaf_weight=1.4397047422826235 3.1763433441519728 2.8370029926300075 2.3206897974014309 1.9529423192143469 1.0736709125339974 1.5344633683562277 2.0885779112577465 1.020840499550103 0.92360073700547074 1.5311313048005111 1.6985993795096872 1.1071408092975614 1.0088756829500196 1.1995269805192945 2.0595726296305683 0.7920558229088791 3.630874507129195 0.95558863878250155 0.91583551838994059 1.1908263713121416 1.6556025967001913 2.177188128232955 1.3303912729024885 2.177808739244937 2.0742828994989386 9.5412211865186674 1.5451324358582508 7.51486000046134 2.8795388601720333 0.70237325504422177
leaf_count=41 26 22 20 21 21 24 20 16 20 33 35 23 22 25 20 22 35 20 20 26 36 21 29 21 20 92 44 214 82 20
internal_value=-0.000995587 0.0344927 0.0358845 -0.0345105 -0.0346251 -0.0355541 0.0354826 -0.0344176 -0.0343904 -0.034413 -0.0343946 -0.0343722 -0.0343805 -0.0343889 0.0354557 -0.0343633 0.0354541 -0.0343655 -0.0343716 -0.0343594 -0.0343589 0.0354557 -0.0343571 0.0354555 0.0354556 0.0354556 -0.0343617 -0.0343617 -0.0343617 -0.0343618
internal_weight=66.0563 32.0836 28.9072 33.9727 19.099 3.48741 26.0702 15.6116 14.5908 6.5118 5.43813 8.07899 3.73953 2.73066 23.7495 14.8737 21.6609 6.97185 3.52703 3.44482 2.57144 19.6014 2.52122 15.9705 13.7933 11.6155 14.0816 8.95456 5.12704 2.24751
internal_count=1091 297 271 794 371 45 249 326 310 136 115 174 80 58 229 423 209 151 76 75 56 189 55 154 133 112 401 255 146 64
is_linear=0
shrinkage=0.05


Tree=120
num_leaves=31
num_cat=0
split_feature=1 1 0 3 1 1 1 3 3 2 4 3 2 7 0 4 0 0 7 1 0 1 2 0 7 3 1 1 1 0
split_gain=23.7408 3.24504 3.19696 0.0773942 0.559392 4.7436e-05 4.14803e-05 1.21208e-05 5.68862e-05 1.04236e-05 3.50485e-06 2.52871e-06 1.83453e-06 1.04158e-06 3.03434e-06 3.03395e-07 1.28121e-07 4.28732e-07 1.01014e-07 7.15576e-08 3.9525e-08 7.00306e-09 7.57067e-10 1.29739e-10 1.17294e-10 1.5528e-11 1.23994e-11 1.02141e-12 1.26725e-11 8.26006e-14
threshold=417.50000000000006 350.50000000000006 52.835000000000008 0.0099647634353574616 1004.5000000000001 1005.5000000000001 326.50000000000006 0.09969184575573993 0.089017473838194208 3682.0000000000005 1.0000000180025095e-35 0.14131452864802432 8615.5000000000018 17.413240000000002 53.475900000000003 14.500000000000002 58.102235 48.52150000000001 11.787625 690.50000000000011 57.498500000000007 290.00000000000006 5500.5000000000009 68.52676000000001 26.832500000000007 0.15755055698466761 733.00000000000011 8.5000000000000018 105.50000000000001 46.36086000000001
decision_type=2 2 2 2 2 2 2 2 2 2 2 2 2 2 2 2 2 2 2 2 2 2 2 2 2 2 2 2 2 2
left_child=1 6 -3 4 -2 -6 21 8 12 -9 -11 -12 13 14 15 18 17 -7 -5 -15 -13 27 -22 -18 -24 -26 -27 -1 -29 -30
right_child=3 2 -4 7 5 16 -8 9 -10 10 11 20 -14 19 -16 -17 23 -19 -20 -21 22 -23 24 -25 25 26 -28 28 29 -31
leaf_value=0.035312503467144651 0.0070360098476507224 -0.021892275253146336 0.027586615941732003 -0.034298322008147884 -0.034675861545920443 -0.034294152856804254 0.035596523614302343 -0.034453130556258781 -0.034742140092226814 -0.034373843883556514 -0.034210799842468907 -0.034304217999716634 -0.034403644526369397 -0.03429446947422525 -0.034419950963302574 -0.034342121787164982 -0.034293540737970689 -0.034338267492842654 -0.034319677143866897 -0.034311480943895169 -0.034293008745704068 0.035308698773249429 -0.034294925650178006 -0.034294349379550393 -0.034294572423441819 -0.034294204076456294 -0.034294389417638162 0.035312340506215831 0.035312496747771052 0.035312509297915476
leaf_weight=15.35798855125905 0.9600407518446471 5.9871411472558957 7.179428368806839 0.91038300469517963 1.0622560679912565 1.4250519350171091 1.350852571427821 1.1583371683955181 0.97917288169264782 1.341390337795018 0.95931294560432334 1.1147351711988438 0.94806434214115132 1.1652850434184077 1.0153467208147047 1.2176815830171106 0.86314854398369822 0.8977052867412566 1.4135960228741167 1.316650830209255 1.0025876611471165 1.2776310965418805 1.1551536582410324 1.1661760658025739 1.0041353479027728 1.0539609380066393 6.2747215963900089 1.3437260389327983 1.6637771427631376 6.2072041928768158
leaf_count=240 14 20 25 21 18 33 19 20 16 25 21 22 20 27 21 27 20 20 32 30 20 20 23 27 20 21 125 21 26 97
internal_value=0.000330812 0.0254635 0.00508743 -0.0330372 -0.0281392 -0.0343763 0.0353264 -0.0343364 -0.0343824 -0.034309 -0.034297 -0.0342888 -0.0343384 -0.0343296 -0.0343438 -0.0343219 -0.0343032 -0.0343112 -0.0343113 -0.0343035 -0.0342953 0.0353123 -0.0342943 -0.034294 -0.0342945 -0.0342944 -0.0342944 0.0353125 0.0353125 0.0353125
internal_weight=70.7726 40.3677 13.1666 30.4049 6.37438 5.41434 27.2012 24.0305 8.96618 15.0643 13.906 12.5646 7.98701 7.03894 4.55701 3.54166 4.35208 2.32276 2.32398 2.48194 11.6053 25.8503 10.4906 2.02932 9.48797 8.33282 7.32868 24.5727 9.21471 7.87098
internal_count=1091 468 45 623 132 118 423 491 194 297 277 252 178 158 101 80 100 53 53 57 231 404 209 47 189 166 146 384 144 123
is_linear=0
shrinkage=0.05


Tree=121
num_leaves=31
num_cat=0
split_feature=3 1 2 0 1 7 1 2 1 1 3 3 1 1 2 1 2 4 3 7 4 0 1 0 0 2 7 7 3 1
split_gain=9.19468 14.4271 2.86785 1.38209 3.33868 1.03666 0.488525 0.301832 0.283841 0.196552 0.173391 8.22524e-05 5.56217e-05 2.08417e-05 2.02383e-05 0.000130477 1.23474e-05 3.89777e-06 1.5143e-06 1.46237e-06 1.60918e-06 4.27742e-08 9.5313e-09 5.68906e-09 8.13621e-10 6.64418e-10 1.1811e-10 8.43903e-12 4.15445e-12 3.19744e-13
threshold=0.11277836960585665 364.00000000000006 9293.5000000000018 54.541000000000004 409.50000000000006 17.593500000000006 350.50000000000006 8187.5000000000009 582.00000000000011 417.50000000000006 0.060223978860616763 0.079562543123280441 1005.5000000000001 330.00000000000006 2253.0000000000005 1005.5000000000001 3734.5000000000005 1.0000000180025095e-35 0.14244935990179933 14.902000000000003 14.500000000000002 57.498500000000007 297.50000000000006 45.572500000000005 68.52676000000001 5500.5000000000009 26.832500000000007 29.932330000000004 0.1641572898033751 270.50000000000006
decision_type=2 2 2 2 2 2 2 2 2 2 2 2 2 2 2 2 2 2 2 2 2 2 2 2 2 2 2 2 2 2
left_child=1 6 3 7 -5 -6 13 9 -7 -3 12 14 -10 22 15 -11 -2 -18 -19 20 -16 -20 29 -17 -14 -23 -27 -28 -29 -1
right_child=16 2 -4 4 5 8 -8 -9 10 11 -12 -13 24 -15 19 23 17 18 21 -21 -22 25 -24 -25 -26 26 27 28 -30 -31
leaf_value=-0.034294388581217916 -0.034467819753938984 0.046849269798947345 -0.030471644525063381 -0.025140992496855821 0.0035012295069938512 0.051417905456047824 -0.0043220353017128302 0.017360941649293141 0.035598390616919127 0.035824045843490616 0.018424849481934211 0.035761873311918935 0.035310986492791095 -0.034583042069501975 0.035341847887351396 0.035312070073120164 -0.034380981453244738 -0.034230791147091814 -0.0343046220104068 0.035314593302777149 0.035400297981772834 -0.034293093811972118 -0.03428820540259276 0.035315909852994556 0.035312439440672146 -0.034294921358725743 -0.034294245618515053 -0.034294492062667374 -0.034294384670131364 -0.034294422779107728
leaf_weight=12.025195904076092 1.1724947839975346 5.0911492705345216 2.208517685532569 3.613681614398959 3.1883879899978629 2.3150736540555945 1.5035943537950505 1.8688964471220959 2.9683251082897169 1.8349733799695949 1.9128554686903951 1.8623019158840168 1.6767772361636164 0.65451681241393167 3.0568595975637436 2.264749757945538 1.3065281882882107 0.98731004446744819 1.1151138134300698 2.0989277064800262 1.9153463989496229 1.0026722364127625 0.65485830232501108 1.6803920790553091 2.2651259005069733 1.155149322003125 1.0038129463791827 1.0542592070996759 6.1742939352989197 0.72483028843998987
leaf_count=365 20 14 12 12 28 17 10 18 32 18 17 19 20 16 36 27 24 21 22 25 22 20 20 20 27 23 20 21 123 22
internal_value=0.000583027 0.00968703 0.0249803 0.0280718 0.0178067 0.0286396 -0.0314105 0.0365688 0.0358357 0.0383814 0.0317471 0.0354513 0.0354349 -0.0343075 0.0354063 0.0354757 -0.034312 -0.0342988 -0.0342902 0.0353496 0.0353644 -0.0342953 -0.0342941 0.0353137 0.0353118 -0.0342943 -0.0342944 -0.0342944 -0.0342944 -0.0342944
internal_weight=72.357 57.3853 41.8223 39.6138 17.9402 14.3265 15.563 21.6736 11.1382 19.8047 8.82308 14.7136 6.91023 14.0594 12.8512 5.78012 14.9716 13.7991 12.4926 7.07113 4.97221 11.5053 13.4049 3.94514 3.9419 10.3902 9.38752 8.23237 7.22855 12.75
internal_count=1091 797 364 352 153 141 433 199 113 181 96 167 79 423 148 65 294 274 250 83 58 229 407 47 47 207 187 164 144 387
is_linear=0
shrinkage=0.05


Tree=122
num_leaves=31
num_cat=0
split_feature=3 0 8 1 1 0 3 4 2 1 3 2 3 4 7 0 1 1 1 0 0 7 10 0 2 2 0 2 1 7
split_gain=29.396 0.232461 0.0182356 0.000216029 0.00132496 0.000114722 5.85589e-05 3.02065e-05 2.19834e-05 2.74478e-06 3.66928e-06 2.28562e-06 1.31658e-06 1.00005e-06 1.14437e-06 1.8999e-06 2.10481e-07 1.85757e-07 1.30294e-07 1.26556e-07 4.27388e-07 8.78982e-10 1.11593e-10 6.28578e-11 1.11973e-11 6.26166e-13 7.5584e-13 3.78808e-13 6.56475e-13 9.30367e-14
threshold=0.09969184575573993 55.19700000000001 5.462500000000003 350.50000000000006 417.50000000000006 52.905500000000011 0.089017473838194208 1.0000000180025095e-35 4773.5000000000009 899.00000000000011 0.012579606110545651 8214.5000000000018 0.14848215025473857 7.5000000000000009 17.695500000000006 51.930500000000002 321.50000000000006 1005.5000000000001 582.00000000000011 58.102235 48.52150000000001 26.832500000000007 571.00000000000011 68.52676000000001 6560.0000000000009 2794.0000000000005 49.885500000000008 6412.5000000000009 262.50000000000006 12.274500000000002
decision_type=2 2 2 2 2 2 2 2 2 2 2 2 2 2 2 2 2 2 2 2 2 2 2 2 2 2 2 2 2 2
left_child=3 -2 -3 16 5 -5 9 -4 -9 10 -6 13 -10 18 15 -15 25 -11 -12 20 -19 -14 -23 -21 -24 26 -1 28 -27 -29
right_child=1 2 7 4 6 -7 -8 8 12 17 11 -13 21 14 -16 -17 -18 19 -20 23 -22 22 24 -25 -26 27 -28 29 -30 -31
leaf_value=-0.034294337622360498 0.02122762955081586 0.039792928768610604 0.035513484264862505 -0.035715169666218564 -0.03443663702590153 -0.035125211192732875 -0.0347291684527112 0.03547914845709739 0.035268981325939711 -0.034278686960629051 -0.034285833098920679 -0.034398422746342992 0.035313512339220282 -0.034319990606996996 -0.034296137347085552 -0.034408705639542111 -0.034321726126189188 -0.034294193724826276 -0.034307822892723161 -0.034293801614556536 -0.034338238793063768 0.035312120532379997 0.035312635401719895 -0.034294364431831051 0.035312506283291988 -0.034294391561593772 -0.034294378442274662 -0.034294369220438166 -0.034294451747316657 -0.03429438878224278
leaf_weight=1.3507058322429601 3.0626712664961842 2.5384988561272648 2.3329912647604969 1.8755701258778601 0.96413989365100317 1.4697896018624304 0.96975583210587579 2.0810940414667156 1.9095364734530473 0.9354068152606495 1.1133420318365099 1.1337955258786676 2.3410705253481892 1.4150149635970599 1.0811845846474168 1.0523016639053819 0.74325045943260271 1.4251087978482249 1.7056183852255342 0.8633699677884582 0.89770525321364392 1.9496797248721112 1.9501296207308758 1.1661936566233633 12.090104080736635 1.4496164768934261 7.0503109619021416 0.92246317490935359 0.65895551070570935 1.7790703140199182
leaf_count=41 27 20 22 21 20 24 16 20 20 22 26 24 24 32 25 22 22 33 39 20 20 20 20 27 124 44 214 28 20 54
internal_value=-0.00105331 0.0342869 0.0357578 -0.0344436 -0.0345577 -0.035456 -0.0343536 0.0353423 0.0353244 -0.0343272 -0.0343448 -0.034333 0.0353085 -0.0343214 -0.034339 -0.0343578 -0.0342958 -0.0342989 -0.0342991 -0.0343032 -0.0343112 0.0353126 0.0353125 -0.0342941 0.0353125 -0.0342944 -0.0342944 -0.0342944 -0.0342944 -0.0342944
internal_weight=62.2784 30.2558 27.1931 32.0227 18.0683 3.34536 14.7229 24.6546 22.3216 13.7532 8.4654 7.50126 20.2405 6.36746 3.5485 2.46732 13.9544 5.28778 2.81896 4.35238 2.32281 18.331 15.9899 2.02956 14.0402 13.2111 8.40102 4.81011 2.10857 2.70153
internal_count=1091 297 270 794 371 45 326 250 228 310 188 168 208 144 79 54 423 122 65 100 53 188 164 47 144 401 255 146 64 82
is_linear=0
shrinkage=0.05


Tree=123
num_leaves=31
num_cat=0
split_feature=1 1 0 3 1 1 1 3 3 2 2 4 3 7 0 4 0 0 1 0 1 1 2 0 12 7 3 1 1 0
split_gain=22.0706 3.1268 2.87842 0.0818518 0.566193 3.81272e-05 3.37639e-05 1.28023e-05 5.00448e-05 9.07051e-06 3.29524e-06 2.95522e-06 2.06998e-06 1.15679e-06 4.13422e-06 2.48635e-07 1.72854e-07 5.76202e-07 1.40669e-07 9.03966e-08 8.09155e-08 5.70143e-09 6.41152e-10 1.05737e-10 7.37064e-11 1.70002e-11 6.02585e-12 8.08242e-13 1.02602e-11 7.19425e-14
threshold=417.50000000000006 350.50000000000006 52.835000000000008 0.0099647634353574616 1004.5000000000001 1005.5000000000001 326.50000000000006 0.09969184575573993 0.089017473838194208 3682.0000000000005 8615.5000000000018 1.0000000180025095e-35 0.14131452864802432 17.695500000000006 53.667000000000009 14.500000000000002 58.102235 48.52150000000001 649.50000000000011 57.498500000000007 566.50000000000011 290.00000000000006 5500.5000000000009 68.52676000000001 101.50000000000001 27.433625000000003 0.16554650352715269 8.5000000000000018 105.50000000000001 46.632930000000009
decision_type=2 2 2 2 2 2 2 2 2 2 2 2 2 2 2 2 2 2 2 2 2 2 2 2 2 2 2 2 2 2
left_child=1 6 -3 4 -2 -6 21 8 10 -9 13 -11 -13 14 15 20 17 -7 -15 -14 -5 27 -21 -18 -24 -26 -27 -1 -29 -30
right_child=3 2 -4 7 5 16 -8 9 -10 11 -12 12 19 18 -16 -17 23 -19 -20 22 -22 -23 24 -25 25 26 -28 28 29 -31
leaf_value=0.035179425012441923 0.0079036323784009276 -0.020757453273891068 0.026465262745174939 -0.034260795162895777 -0.034586991407700024 -0.03423128829184139 0.035443665380830928 -0.034384691047590524 -0.034669914347665268 -0.034307433582338981 -0.034370164231612321 -0.034154016856785187 -0.034246839102981257 -0.034223991702249448 -0.03437757092104856 -0.034276672913867129 -0.034230717904681622 -0.034283936345582265 -0.034249696253432098 -0.034230178528344493 -0.034240980754513699 0.035175883961842638 -0.034231969506223411 -0.034231471662513592 -0.034231302322864483 -0.034231646270809483 -0.034231510344378706 0.035179273975374653 0.035179418896397849 0.035179430795701239
leaf_weight=14.433910064399251 0.94130617380142467 5.8946781456470472 7.1303538680076599 0.83361654356122272 0.99704269692301739 1.3367095366120341 1.2703732810914505 1.0917627774178971 0.93055910989642132 1.2605069056153286 0.91624161228537548 0.90015471167862315 1.0522104687988747 0.84294477850198779 0.9306221418082713 1.2279149480164049 0.80963921546936024 0.85027241334319104 1.4440737441182134 0.94039047136902709 1.349072679877281 1.2007452361285675 0.94217232614755442 1.093883331865072 0.94151210412383068 0.94185487553477276 6.0740917772054672 1.262874498963354 1.6238101907074449 5.7735801562666893
leaf_count=240 14 20 25 20 18 33 19 20 16 25 20 21 22 21 20 29 20 20 35 20 33 20 20 27 20 20 129 21 27 96
internal_value=0.000351591 0.0250335 0.0050939 -0.0328956 -0.0277188 -0.0343097 0.0351924 -0.0342754 -0.034324 -0.0342462 -0.0342813 -0.0342347 -0.0342269 -0.034269 -0.0342842 -0.0342587 -0.0342422 -0.0342518 -0.0342402 -0.0342329 -0.0342485 0.0351792 -0.0342314 -0.0342312 -0.0342316 -0.0342315 -0.0342315 0.0351794 0.0351794 0.0351794
internal_weight=67.2389 38.5903 13.025 28.6486 6.02885 5.08755 25.5653 22.6197 8.47505 14.1447 7.54449 13.0529 11.7924 6.62824 4.34123 3.4106 4.0905 2.18698 2.28702 10.8922 2.18269 24.2949 9.84002 1.90352 8.89963 7.95746 7.01595 23.0942 8.66026 7.39739
internal_count=1091 468 45 623 132 118 423 491 194 297 178 277 252 158 102 82 100 53 56 231 53 404 209 47 189 169 149 384 144 123
is_linear=0
shrinkage=0.05


Tree=124
num_leaves=31
num_cat=0
split_feature=3 1 2 0 1 7 1 2 1 3 1 3 1 2 1 1 2 4 3 7 4 0 1 0 0 2 1 7 3 1
split_gain=8.58352 13.3324 3.10175 1.31756 3.06938 1.03375 0.478082 0.296292 0.280676 0.17475 0.151848 8.47197e-05 5.18172e-05 1.90116e-05 0.000117968 1.7041e-05 1.07024e-05 3.2836e-06 1.2436e-06 1.19063e-06 1.30731e-06 9.4734e-08 7.89561e-09 4.49435e-09 6.61663e-10 5.63747e-10 8.00844e-11 1.75255e-11 2.45404e-12 2.5846e-13
threshold=0.11277836960585665 364.00000000000006 9632.0000000000018 54.541000000000004 409.50000000000006 17.593500000000006 350.50000000000006 8324.5000000000018 582.00000000000011 0.060223978860616763 417.50000000000006 0.079562543123280441 1005.5000000000001 2253.0000000000005 1005.5000000000001 330.00000000000006 3734.5000000000005 1.0000000180025095e-35 0.14244935990179933 14.902000000000003 14.500000000000002 57.498500000000007 297.50000000000006 45.572500000000005 68.52676000000001 5500.5000000000009 702.50000000000011 27.433625000000003 0.16689594824667678 270.50000000000006
decision_type=2 2 2 2 2 2 2 2 2 2 2 2 2 2 2 2 2 2 2 2 2 2 2 2 2 2 2 2 2 2
left_child=1 6 3 7 -5 -6 15 10 -7 12 -3 13 -10 14 -12 22 -2 -18 -19 20 -15 -20 29 -16 -14 -23 -27 -28 -29 -1
right_child=16 2 -4 4 5 8 -8 -9 9 -11 11 -13 24 19 23 -17 17 18 21 -21 -22 25 -24 -25 -26 26 27 28 -30 -31
leaf_value=-0.034231509127768858 -0.034398438648884186 0.04546992723264387 -0.036216039789428826 -0.023826775916850448 0.0028562966287340166 0.051426367914459648 -0.0045226224146380839 0.017191823611548539 0.035463650052262444 0.017855943259484475 0.035679572754502661 0.03563257531115642 0.035178013916765498 0.035206719711543349 0.035179020381075107 -0.034500923657842013 -0.034314131763400181 -0.03417259315045304 -0.034247210724604162 0.035181330169799283 0.035261059353620498 -0.034230257623385357 -0.03422569828316642 0.035182540821022533 0.035179365469769436 -0.034231981118574097 -0.03423129091384762 -0.034231593762116604 -0.034231508683322642 -0.034231540888719776
leaf_weight=11.279739249497645 1.1051197536289681 5.0050594508647981 2.0002161860465995 3.5727118551731136 3.1064635515213004 2.2286944761872283 1.5077258944511402 1.8808067962527264 2.8052997142076475 1.8414873629808424 1.7398168817162494 1.86658515036106 1.575881361961365 2.8731071203947067 2.1284794732928281 0.61432990059256631 1.2278484813868988 0.92632212117314239 1.0525657311081875 1.9726064428687093 1.8004371449351309 0.94046987220644851 0.61422617919743139 1.5792553722858427 2.1288346350193024 0.94218419492244532 0.94150111079215992 0.98889255896210659 5.9328206852078438 0.67989760637283403
leaf_count=365 20 14 10 12 28 17 10 19 32 17 18 20 20 36 27 16 24 21 22 25 22 20 20 20 27 20 20 21 126 22
internal_value=0.000605541 0.00954645 0.0244751 0.0276609 0.017443 0.0282159 -0.0311946 0.0361207 0.0356618 0.0314548 0.0379979 0.0353191 0.0353015 0.0352707 0.0353399 -0.0342438 -0.0342491 -0.0342363 -0.0342282 0.0352139 0.0352277 -0.034233 -0.0342312 0.0351805 0.0351788 -0.0342314 -0.0342315 -0.0342315 -0.0342315 -0.0342315
internal_weight=68.8594 54.8017 40.1057 38.1055 17.2594 13.6867 14.6959 20.8462 10.5802 8.3515 18.9653 13.9603 6.51002 12.0937 5.44755 13.1882 14.0577 12.9526 11.7248 6.64615 4.67354 10.7984 12.5739 3.70773 3.70472 9.74587 8.8054 7.86321 6.92171 11.9596
internal_count=1091 797 364 354 153 141 433 201 113 96 182 168 79 148 65 423 294 274 250 83 58 229 407 47 47 207 187 167 147 387
is_linear=0
shrinkage=0.05


Tree=125
num_leaves=31
num_cat=0
split_feature=3 4 3 1 1 0 2 3 2 1 1 5 0 7 2 1 0 7 3 1 0 3 0 0 10 2 2 0 2 1
split_gain=27.5011 0.240415 0.0164207 0.000203547 0.00119176 0.000104266 5.4465e-05 5.21431e-05 4.21539e-06 2.2699e-06 4.94661e-06 1.08258e-06 9.36834e-07 6.3917e-07 3.11042e-07 1.74125e-07 1.37752e-07 5.86756e-07 1.36841e-07 3.43646e-08 1.74614e-09 5.71347e-10 7.53892e-10 1.11536e-10 5.70388e-12 6.84697e-12 5.69322e-13 6.24389e-13 3.12195e-13 5.5933e-13
threshold=0.09969184575573993 1.0000000180025095e-35 0.13824253337460482 350.50000000000006 417.50000000000006 52.905500000000011 4329.5000000000009 0.089017473838194208 8214.5000000000018 713.50000000000011 676.50000000000011 1.0000000180025095e-35 54.638500000000008 23.381000000000004 6243.0000000000009 321.50000000000006 54.483000000000004 20.544155000000003 0.15212389730596518 879.00000000000011 44.082225000000008 0.18217205770965719 64.222490000000008 69.836110000000005 608.50000000000011 6587.0000000000009 2794.0000000000005 49.885500000000008 6412.5000000000009 262.50000000000006
decision_type=2 2 2 2 2 2 2 2 2 2 2 2 2 2 2 2 2 2 2 2 2 2 2 2 2 2 2 2 2 2
left_child=3 -2 -3 15 5 -5 -4 8 9 10 11 12 -6 -8 16 26 19 -18 -15 -11 -21 -20 -23 -19 -24 -26 27 -1 29 -28
right_child=1 2 6 4 7 -7 13 -9 -10 14 -12 -13 -14 18 -16 -17 17 23 21 20 -22 22 24 -25 25 -27 28 -29 -30 -31
leaf_value=-0.034231460039206511 0.020416519650712419 0.039411074687799169 0.035450141575163484 -0.035615261079507382 -0.034246174017461342 -0.035040805592991622 0.035208766177542872 -0.034657599381007105 -0.034354955532227963 -0.034239544445045539 -0.034374188587944061 -0.034224487355535876 -0.034318714960389018 0.035165006684310003 -0.034267317064439827 -0.034257179024359735 -0.0342803288984539 -0.034230044245656593 0.03518002400857826 -0.034226348349338874 -0.03422896044874095 0.035178364797694699 0.035179350971513833 -0.034230804678825166 0.035179532369918706 0.03517942573196458 -0.034231511414709086 -0.034231498348462813 -0.034231502836356981 -0.034231568784688908
leaf_weight=1.2669737841933963 2.8903130665421513 2.5799420475959804 2.0606916472315815 1.8017189055681258 0.90472047775983278 1.40654756501317 1.8582592159509683 0.92158129811287004 1.2679774314165122 0.81689694523811374 1.1914243921637533 1.5274536423385143 0.87605296447873116 1.8193052485585237 1.0077979564666746 0.69731370359659273 0.84688105434179339 0.88985672593116749 3.2081226184964207 1.1684455350041392 1.414085730910301 1.923323206603526 1.9242489710450161 1.0526128932833669 1.8327794149518002 8.4303474873304349 1.359753046184778 6.6132536437362432 2.5340622756630182 0.61810703948140133
leaf_count=41 26 22 20 21 22 24 20 16 28 20 26 38 20 20 24 22 20 22 35 29 35 21 21 26 20 92 44 214 82 20
internal_value=-0.00111287 0.0340869 0.0356281 -0.0343812 -0.0344949 -0.0353634 0.0352048 -0.0342942 -0.0342684 -0.034259 -0.0342868 -0.0342554 -0.0342819 0.0351808 -0.0342416 -0.0342329 -0.0342374 -0.0342456 0.0351781 -0.0342306 -0.0342278 0.0351794 0.0351793 -0.0342305 0.0351794 0.0351794 -0.0342315 -0.0342315 -0.0342315 -0.0342315
internal_weight=58.7108 28.5273 25.637 30.1835 17.0941 3.20827 23.0571 13.8858 12.9642 11.6962 4.49965 3.30823 1.78077 20.9964 7.19658 13.0895 6.18878 2.78935 19.1381 3.39943 2.58253 17.3188 14.1107 1.94247 12.1874 10.2631 12.3921 7.88023 4.51192 1.97786
internal_count=1091 297 271 794 371 45 249 326 310 282 106 80 42 229 176 423 152 68 209 84 64 189 154 48 133 112 401 255 146 64
is_linear=0
shrinkage=0.05


Tree=126
num_leaves=31
num_cat=0
split_feature=1 1 0 3 1 1 1 3 3 2 4 2 3 7 0 0 0 1 4 0 7 1 2 0 12 7 3 2 0 2
split_gain=20.5124 3.01507 2.59057 0.0865095 0.572381 3.05991e-05 2.74939e-05 1.32685e-05 4.45933e-05 7.32502e-06 3.39133e-06 3.32658e-06 1.80749e-06 1.10026e-06 4.50129e-06 2.18849e-07 7.25671e-07 1.90423e-07 1.24574e-07 7.39396e-08 4.72505e-08 4.64102e-09 5.61579e-10 8.62864e-11 6.11697e-11 1.40905e-11 5.3606e-12 6.55476e-13 8.59757e-13 1.55431e-13
threshold=417.50000000000006 350.50000000000006 52.835000000000008 0.0099647634353574616 1004.5000000000001 1005.5000000000001 326.50000000000006 0.09969184575573993 0.086986916393657035 3682.0000000000005 1.0000000180025095e-35 8214.5000000000018 0.14131452864802432 17.695500000000006 53.475900000000003 58.102235 48.52150000000001 649.50000000000011 14.500000000000002 57.498500000000007 12.032695000000002 290.00000000000006 5500.5000000000009 68.52676000000001 101.50000000000001 27.433625000000003 0.16554650352715269 2519.0000000000005 49.885500000000008 3627.5000000000005
decision_type=2 2 2 2 2 2 2 2 2 2 2 2 2 2 2 2 2 2 2 2 2 2 2 2 2 2 2 2 2 2
left_child=1 6 -3 4 -2 -6 21 8 11 -9 -11 13 -12 14 18 16 -7 -15 20 -14 -5 27 -21 -17 -24 -26 -27 28 -1 -29
right_child=3 2 -4 7 5 15 -8 9 -10 10 12 -13 19 17 -16 23 -18 -19 -20 22 -22 -23 24 -25 25 26 -28 29 -30 -31
leaf_value=0.035055590806671158 0.0087450808413035465 -0.01968545678327565 0.025388042023843593 -0.034177558569031034 -0.034504119084511876 -0.034172590315607744 0.035301561603358976 -0.034316133525425223 -0.034576978013861052 -0.034256853709933831 -0.034097863356211733 -0.034301231549517634 -0.03418710982216594 -0.034160141698344491 -0.034323457291314349 -0.034172059348534067 -0.034233411778385812 -0.034191249051095621 -0.034208985573422591 -0.034171510488479315 -0.034193559592342979 0.035052335696326292 -0.034173230581243434 -0.034172762459055595 -0.034172603081541082 -0.034172930407008549 -0.034172798025225708 0.035055653967410352 0.035055624092969112 0.035055633894992826
leaf_weight=2.3166697360575297 0.9237819835543658 5.801396578550337 7.0759986042976379 0.80182730033993976 0.93561156466603268 1.2536265105009086 1.1942735910415638 1.0244534946978081 1.0259855017066 1.1983334943652142 0.84148932248353858 1.1610626243054865 0.98684925213456054 0.78506901487708125 0.8831542134284972 0.75931589677929867 0.80554609745740879 1.317708898335695 0.9471498169004916 0.88189340382814307 1.0866062641143797 1.128142550587653 0.88361774384975245 1.0258942916989324 0.88299190998077381 0.88332064822316159 5.6965644545853138 1.130120962858199 11.866085592657326 6.3851150274276733
leaf_count=41 14 20 25 21 18 33 19 20 19 25 21 27 22 21 20 20 20 34 24 20 28 20 20 27 20 20 129 20 210 113
internal_value=0.000371186 0.0246026 0.00508198 -0.0327531 -0.0272846 -0.0342477 0.0350677 -0.0342183 -0.0342692 -0.0341877 -0.034177 -0.034224 -0.0341683 -0.0342085 -0.0342249 -0.0341853 -0.0341964 -0.0341796 -0.0341942 -0.0341741 -0.0341868 0.0350555 -0.0341727 -0.0341725 -0.0341728 -0.0341728 -0.0341728 0.0350556 0.0350556 0.0350556
internal_weight=63.8897 36.8978 12.8774 26.9919 5.70378 4.77999 24.0204 21.2881 8.00856 13.2795 12.2551 6.98258 11.0567 5.82152 3.71874 3.84438 2.05917 2.10278 2.83558 10.2152 1.88843 22.8261 9.22839 1.78521 8.34649 7.46288 6.57989 21.698 14.1828 7.51524
internal_count=1091 468 45 623 132 118 423 491 194 297 277 175 252 148 93 100 53 55 73 231 49 404 209 47 189 169 149 384 251 133
is_linear=0
shrinkage=0.05


Tree=127
num_leaves=31
num_cat=0
split_feature=3 1 2 0 1 7 7 3 2 1 3 4 0 1 4 1 1 1 2 1 2 4 7 3 0 3 0 2 0 1
split_gain=8.01394 12.322 2.94272 1.25227 2.82129 1.0301 0.469738 0.88013 0.30237 0.28447 0.198442 0.136821 0.250477 0.229035 0.0490776 0.00774171 4.81383e-05 3.83363e-05 1.24353e-05 1.05688e-05 8.6486e-06 3.71814e-06 1.73416e-06 1.1041e-06 7.74746e-08 5.7054e-08 1.59417e-09 4.96722e-10 4.713e-10 6.64908e-11
threshold=0.11277836960585665 364.00000000000006 9632.0000000000018 54.541000000000004 409.50000000000006 17.593500000000006 8.8192800000000009 0.040039144721343907 8324.5000000000018 578.00000000000011 0.064308026750671335 11.500000000000002 52.689000000000007 417.50000000000006 20.500000000000004 354.00000000000006 763.50000000000011 1005.5000000000001 6055.0000000000009 321.50000000000006 3734.5000000000005 1.0000000180025095e-35 23.094000000000005 0.14244935990179933 57.498500000000007 0.049370458789454903 77.39379000000001 5500.5000000000009 44.082225000000008 702.50000000000011
decision_type=2 2 2 2 2 2 2 2 2 2 2 2 2 2 2 2 2 2 2 2 2 2 2 2 2 2 2 2 2 2
left_child=1 6 3 8 -5 -6 7 -1 11 -7 16 13 14 -3 17 19 -11 -13 25 -8 -2 -22 -18 -23 -25 -15 -24 -26 -19 -29
right_child=20 2 -4 4 5 9 15 -9 -10 10 -12 12 -14 18 -16 -17 22 28 -20 -21 21 23 26 24 27 -27 -28 29 -30 -31
leaf_value=-0.035157769244139291 -0.034328951538824912 0.05201070242457817 -0.035195340920900008 -0.022578710656574283 0.002224558918726157 0.051975891168755776 -0.034172769091653871 0.036100564118347868 0.016193920145140071 0.035411632716635985 0.015555316907842341 0.035304702884995626 0.016472421161064437 0.035080060964244958 0.044256683194433342 -0.038970477163816242 0.035137340012037187 0.035055248458370478 0.035245322665922389 -0.034379850033209515 -0.034263353866288579 -0.034115325681452556 0.035072485818073477 -0.034187455481448671 -0.034171583366433098 0.035066410152487119 0.035074742970801674 -0.034173241576754158 0.035054045693972677 -0.034172782601069457
leaf_weight=1.1082371436059464 1.0370024256408203 3.5362998545169884 1.9919108077883709 3.5304306745529201 3.0279952660202971 2.0764535516500455 10.491378184407944 0.71154494583606709 1.8076863512396801 1.6094797700643537 1.6162938699126241 2.8946373462676984 1.7422334477305401 1.4989729672670367 1.9604677036404607 0.91444668173790056 1.6145150139927862 1.6294571012258532 1.5930595323443411 0.6545892711728819 1.1677318885922421 0.86594128608703513 1.6418536379933359 0.98718279972672363 0.88196790590882201 1.5641617178916929 1.4941543489694593 0.8836282789707165 1.6284317225217817 7.3744895048439503
leaf_count=33 20 10 10 12 28 16 362 12 19 19 15 35 18 20 14 7 21 22 20 19 24 21 22 22 20 21 20 20 22 167
internal_value=0.000628086 0.00940805 0.0239828 0.0272153 0.0170852 0.0277903 -0.0309748 -0.00729536 0.0356901 0.035491 0.0311996 0.0376429 0.0336736 0.0424177 0.0373675 -0.0345478 0.0351753 0.0351723 0.035132 -0.0341849 -0.0341903 -0.0341785 0.0350952 -0.0341695 -0.0341741 0.0350731 0.0350736 -0.0341727 0.0350546 -0.0341728
internal_weight=65.5366 52.3387 38.4585 36.4666 16.6112 13.0807 13.8802 1.81978 19.8554 10.0528 7.9763 18.0477 9.85523 8.19249 8.11299 12.0604 6.36 6.15253 4.65619 11.146 13.1979 12.1609 4.75052 10.9932 10.1273 3.06313 3.13601 9.14009 3.25789 8.25812
internal_count=1091 797 364 354 153 141 433 45 201 113 97 182 111 71 93 388 82 79 61 381 294 274 63 250 229 41 42 207 44 187
is_linear=0
shrinkage=0.05


Tree=128
num_leaves=31
num_cat=0
split_feature=3 0 8 1 1 0 3 4 2 2 1 1 5 0 3 2 0 7 1 1 0 7 0 10 2 2 0 1 1 0
split_gain=25.732 0.246021 0.0171962 0.000191861 0.00107486 9.48554e-05 4.65088e-05 2.79785e-05 1.42478e-05 5.80958e-06 2.1284e-06 4.28003e-06 1.26638e-06 1.23386e-06 9.40068e-07 3.4855e-07 1.80469e-07 7.56349e-07 1.43945e-07 2.77675e-08 1.43153e-09 5.8598e-10 9.02056e-11 7.39373e-11 7.69962e-12 4.46754e-13 5.03153e-13 2.63567e-13 5.86198e-14 4.17444e-14
threshold=0.09969184575573993 55.19700000000001 5.462500000000003 350.50000000000006 417.50000000000006 52.905500000000011 0.089017473838194208 1.0000000180025095e-35 4773.5000000000009 8214.5000000000018 713.50000000000011 676.50000000000011 1.0000000180025095e-35 54.638500000000008 0.14848215025473857 6243.0000000000009 54.483000000000004 20.544155000000003 321.50000000000006 879.00000000000011 44.082225000000008 26.832500000000007 69.836110000000005 571.00000000000011 6560.0000000000009 2794.0000000000005 49.885500000000008 285.50000000000006 7.5000000000000009 76.629500000000021
decision_type=2 2 2 2 2 2 2 2 2 2 2 2 2 2 2 2 2 2 2 2 2 2 2 2 2 2 2 2 2 2
left_child=3 -2 -3 18 5 -5 9 -4 -9 10 11 12 13 -6 -10 16 19 -18 25 -12 -21 -16 -19 -23 -25 26 -1 -27 -28 -30
right_child=1 2 7 4 6 -7 -8 8 14 -11 15 -13 -14 -15 21 -17 17 22 -20 20 -22 23 -24 24 -26 27 28 -29 29 -31
leaf_value=-0.034172752190418258 0.019826947795321608 0.039621521327810091 0.035258069196141155 -0.03552201613205528 -0.03418647195277013 -0.034962429741536787 -0.034590687444908327 0.035198233758139616 0.035016472463944133 -0.034316983616050976 -0.034180235447693878 -0.034313340510857694 -0.034164919101701559 -0.034272116414911083 0.035056508797798716 -0.034212583561101066 -0.034230092217836738 -0.034171445933174664 -0.034196896114638088 -0.03416797677970513 -0.034170419018565039 0.035055300412834993 -0.034172152089228462 0.035055748207719756 0.035055634266597122 -0.03417279698568762 -0.03417279539380285 -0.034172831240426055 -0.034172787296548129 -0.034172775681015947
leaf_weight=1.18822655826807 2.7865727022290256 2.3093305975198772 2.0895773693919208 1.730548895895484 0.84850278496741716 1.3465646877884863 0.87538223713636476 1.8375509083271051 1.6842532828450227 1.2187760360538966 0.76608540862798724 1.124183516949415 1.429861418902874 0.83379161357879639 2.0672069713473347 0.95105662196874607 0.80233372747898135 0.83456256613135316 0.65409440174698907 1.0958066992461684 1.3261861950159071 1.7215879559516896 0.98720228299498558 1.7219914495944966 10.675711199641226 3.564864369109273 1.7679370809346435 0.66662631183862675 3.4199096281081438 1.0143685843795536
leaf_count=41 27 20 22 21 22 24 16 20 20 28 20 26 38 20 24 24 20 22 22 29 35 20 26 20 124 123 61 23 118 35
internal_value=-0.00117233 0.0338929 0.0355188 -0.0343231 -0.0344362 -0.0352771 -0.0342386 0.0350841 0.0350657 -0.0342134 -0.0342019 -0.0342297 -0.0341995 -0.0342289 0.035052 -0.0341845 -0.0341799 -0.0341896 -0.0341741 -0.0341719 -0.0341693 0.0350557 -0.0341718 0.0350556 0.0350557 -0.0341728 -0.0341728 -0.0341728 -0.0341728 -0.0341728
internal_weight=55.3407 26.8938 24.1072 28.4469 16.1708 3.07711 13.0937 21.7979 19.7083 12.2183 10.9996 4.23634 3.11216 1.68229 17.8708 6.76323 5.81218 2.6241 12.276 3.18808 2.42199 16.1865 1.82176 14.1193 12.3977 11.6219 7.39044 4.23149 6.20222 4.43428
internal_count=1091 297 270 794 371 45 326 250 228 310 282 106 80 42 208 176 152 68 423 84 64 188 48 164 144 401 255 146 214 153
is_linear=0
shrinkage=0.05


Tree=129
num_leaves=31
num_cat=0
split_feature=1 1 0 3 1 1 1 3 3 2 2 4 3 0 8 0 0 7 0 4 1 1 2 0 12 7 7 3 1 3
split_gain=19.0819 2.90255 2.31895 0.0912186 0.576169 2.49379e-05 2.2619e-05 1.39588e-05 4.08719e-05 6.40911e-06 4.32498e-06 2.85602e-06 1.47462e-06 1.27225e-06 4.69167e-06 2.81722e-07 9.2495e-07 1.6428e-07 1.29436e-07 1.21629e-07 5.1049e-08 3.68953e-09 4.70692e-10 7.467e-11 5.64211e-11 4.05538e-11 2.28599e-11 5.23404e-12 3.73035e-13 3.35376e-12
threshold=417.50000000000006 350.50000000000006 52.835000000000008 0.0099647634353574616 1004.5000000000001 1005.5000000000001 326.50000000000006 0.09969184575573993 0.086986916393657035 3682.0000000000005 8214.5000000000018 1.0000000180025095e-35 0.14131452864802432 54.414500000000004 0.45550000000000074 58.102235 48.52150000000001 8.6052100000000014 57.498500000000007 14.500000000000002 708.50000000000011 288.50000000000006 5500.5000000000009 68.52676000000001 101.50000000000001 27.433625000000003 9.5425000000000022 0.16554650352715269 8.5000000000000018 0.0089479272980529396
decision_type=2 2 2 2 2 2 2 2 2 2 2 2 2 2 2 2 2 2 2 2 2 2 2 2 2 2 2 2 2 2
left_child=1 6 -3 4 -2 -6 17 8 10 -9 13 -11 -13 19 -15 16 -7 -1 -14 20 -5 26 -20 -17 -24 -26 -19 -27 -28 -30
right_child=3 2 -4 7 5 15 -8 9 -10 11 -12 12 18 14 -16 23 -18 21 22 -21 -22 -23 24 -25 25 27 28 -29 29 -31
leaf_value=0.034956167546435303 0.0094430885851526196 -0.018620901995197166 0.024333115056719673 -0.034135149073173381 -0.034429514466362568 -0.034117778762250417 0.035171654493932974 -0.034256689600527128 -0.034520663710701747 -0.034198212013710309 -0.034264079619868708 -0.034048686882016684 -0.034137483646519452 -0.034274886027197873 -0.034126870831662319 -0.03411724748918734 -0.034188409779973582 0.034940194459737457 -0.034116737034495734 -0.034149749087690411 -0.034119321773427712 0.034937380917684252 -0.034118381530886185 -0.034117922952624793 -0.034117616579037724 -0.034118106231225513 0.034940433459069227 -0.034117971145511107 0.034940337234252966 0.034940434753068086
leaf_weight=1.7665756233036578 0.90969068929553287 5.6951890438795072 7.0092341303825378 1.3432523086667094 0.87968519330024708 1.1755182184278967 1.124040838330983 0.96562882140278716 0.97803138568997372 1.1259107459336508 1.1146798133850095 0.78951837867498298 0.93189317733049293 0.88113598898053203 1.3643234111368654 0.71197598427534081 0.76527420431375492 1.1144073642790377 0.82691166922449877 1.0707984194159506 0.82075948268175114 1.0596384219825257 0.8285711035132407 0.96195871382951736 0.8278001770377158 0.8282974325120448 11.251727651804687 5.3416367433965206 1.061426244676112 5.2012745328247547
leaf_count=33 14 20 25 37 18 33 19 20 19 25 27 21 22 21 38 20 20 21 20 29 23 20 20 27 20 20 212 129 20 98
internal_value=0.000395045 0.0241958 0.00507752 -0.0326108 -0.0268457 -0.0341908 0.034953 -0.0341655 -0.034219 -0.034133 -0.0341743 -0.0341226 -0.0341144 -0.034156 -0.034185 -0.0341327 -0.0341456 0.0349416 -0.0341198 -0.034136 -0.0341291 0.0349403 -0.0341179 -0.0341176 -0.034118 -0.0341179 0.0349404 -0.034118 0.0349404 0.0349404
internal_weight=60.7268 35.2835 12.7044 25.4433 5.4041 4.49441 22.5791 20.0391 7.57298 12.4662 6.59495 11.5005 10.3746 5.48027 2.24546 3.61473 1.94079 21.455 9.58511 3.23481 2.16401 19.6885 8.65322 1.67393 7.82631 6.99773 18.6288 6.16993 17.5144 6.2627
internal_count=1091 468 45 623 132 118 423 491 194 297 175 277 252 148 59 100 53 404 231 89 60 371 209 47 189 169 351 149 330 118
is_linear=0
shrinkage=0.05


Tree=130
num_leaves=31
num_cat=0
split_feature=3 1 14 1 3 3 1 1 3 2 0 0 1 2 4 0 0 4 3 1 0 7 1 0 2 1 7 7 3 1
split_gain=7.48239 11.3987 3.43385 1.45686 0.428604 0.0494347 0.145153 0.0118335 7.79602e-05 1.94427e-05 1.24918e-05 1.90803e-05 1.15035e-05 7.53632e-06 3.12949e-06 2.41866e-06 7.96878e-06 1.26326e-06 9.03284e-07 1.87417e-07 1.33581e-07 7.69865e-08 3.37301e-09 4.88441e-10 4.16407e-10 6.07803e-11 4.10942e-11 1.04032e-11 2.32836e-12 6.21725e-15
threshold=0.11277836960585665 350.50000000000006 1775.0000000000002 414.00000000000006 0.097048024186271911 0.0099647634353574616 1005.5000000000001 469.50000000000006 0.08174730328420117 8214.5000000000018 54.541000000000004 56.816500000000012 330.00000000000006 3734.5000000000005 1.0000000180025095e-35 58.102235 48.52150000000001 13.500000000000002 0.14244935990179933 683.50000000000011 57.498500000000007 8.6052100000000014 290.00000000000006 68.52676000000001 5500.5000000000009 702.50000000000011 27.433625000000003 9.5425000000000022 0.16689594824667678 8.5000000000000018
decision_type=2 2 2 2 2 2 2 2 2 2 2 2 2 2 2 2 2 2 2 2 2 2 2 2 2 2 2 2 2 2
left_child=1 12 3 -3 5 6 -5 -7 9 10 17 -12 21 -2 -15 16 -8 19 -16 -9 -20 -1 27 -17 -22 -26 -27 -23 -28 -29
right_child=13 2 -4 4 -6 7 15 8 -10 -11 11 -13 -14 14 18 23 -18 -19 20 -21 24 22 -24 -25 25 26 28 29 -30 -31
leaf_value=-0.034132701941886549 -0.034268698715364601 0.0099548803854428436 -0.042323874509197203 0.021688054258531143 0.0076387070296163595 0.039192740689940164 0.034940073942859001 0.034940291507268038 0.035401676876976963 0.035206095285195464 0.035212929835591815 0.034979248572463754 -0.034354783205704779 -0.03420431944778015 -0.034064894591836536 0.034939116435687902 0.035088519688198573 0.035001146622444829 -0.034137801551087241 0.034963209589248534 -0.034116805093716035 -0.034117750415597337 -0.034113898971272427 0.034940352595663957 -0.034118390131950123 -0.034117606433186037 -0.034118057655715718 -0.034117969590395696 -0.034117969289780149 -0.034117972296332989
leaf_weight=0.93958828970789632 0.97746708244085212 10.328240916132925 1.9455574452877034 2.9026193544268661 1.6710773110389698 2.0527428016066542 2.2957621961832051 1.8088204041123375 1.7780806571245182 1.5772768184542645 1.6592770367860796 1.8446386456489561 0.54269946739077646 1.097249463200568 0.81233630329370399 1.3906181603670122 1.4913376048207281 2.0108571350574493 0.93220590800046821 1.7600772380828855 0.82698157057165911 0.57056101225316247 0.54080812260508615 1.878647908568382 0.82857950404286373 0.82779034227132786 0.86966082453727711 5.7614866867661458 5.2174011766910553 3.2612305898219347
leaf_count=34 20 37 9 32 8 21 33 26 21 20 21 26 16 24 21 20 20 28 22 25 20 21 20 27 20 20 21 212 126 120
internal_value=0.000650121 0.00926769 0.0223974 0.025852 0.0321375 0.0338118 0.0310998 0.0356756 0.0350952 0.0350441 0.0350159 0.0350899 -0.03413 -0.0341355 -0.034124 0.0349713 0.0349985 0.0349695 -0.0341155 0.0349516 -0.0341198 -0.034119 -0.0341177 0.0349398 -0.0341179 -0.034118 -0.0341179 -0.034118 -0.034118 -0.034118
internal_weight=62.4017 50.012 38.3956 36.4501 26.1218 24.4508 9.95899 14.4918 12.439 10.6609 9.08367 3.50392 11.6164 12.3897 11.4122 7.05637 3.7871 5.57975 10.315 3.5689 9.50262 11.0737 10.1341 3.26927 8.57041 7.74343 6.91485 9.59328 6.08706 9.02272
internal_count=1091 797 374 365 328 320 132 188 167 146 126 47 423 294 274 100 53 79 250 51 229 407 373 47 207 187 167 353 147 332
is_linear=0
shrinkage=0.05


Tree=131
num_leaves=31
num_cat=0
split_feature=3 4 3 1 1 0 3 2 2 0 7 7 1 1 4 1 3 1 1 1 0 3 3 7 10 2 2 0 2 1
split_gain=24.0833 0.253798 0.0154158 0.00018121 0.000965325 8.61191e-05 4.31449e-05 3.87422e-05 5.36032e-06 2.35737e-06 1.18243e-05 1.02354e-06 2.19748e-07 5.5913e-07 1.99602e-07 1.18662e-07 9.48457e-08 3.9387e-08 1.39404e-08 1.36813e-09 4.50416e-10 4.21648e-10 9.49273e-10 4.35136e-11 3.64775e-12 3.01359e-12 3.09086e-13 2.68674e-13 2.35367e-13 3.46612e-13
threshold=0.09969184575573993 1.0000000180025095e-35 0.13824253337460482 350.50000000000006 417.50000000000006 52.835000000000008 0.086986916393657035 4329.5000000000009 8214.5000000000018 53.004760000000012 17.413240000000002 23.381000000000004 1004.5000000000001 698.50000000000011 12.500000000000002 321.50000000000006 0.15212389730596518 708.50000000000011 1005.5000000000001 1006.5000000000001 44.082225000000008 0.18217205770965719 0.19799873239039337 8.6052100000000014 608.50000000000011 6921.5000000000009 2794.0000000000005 49.885500000000008 6412.5000000000009 237.50000000000003
decision_type=2 2 2 2 2 2 2 2 2 2 2 2 2 2 2 2 2 2 2 2 2 2 2 2 2 2 2 2 2 2
left_child=3 -2 -3 15 5 -5 8 -4 9 14 -11 -9 13 -12 17 23 -13 -6 -19 -14 -20 -18 -23 -1 -24 -26 27 -25 29 -28
right_child=1 2 7 4 6 -7 -8 11 -10 10 12 16 19 -15 -16 -17 21 18 20 -21 -22 22 24 26 25 -27 28 -29 -30 -31
leaf_value=-0.03411760037337324 0.019011876114725899 0.039243497998969062 0.03518411044627668 -0.035442683709960419 -0.03412636987130984 -0.034900290036066726 -0.034508556297237085 0.034980403843616156 -0.03426465069772882 -0.034299235234903788 -0.0341073803144233 0.034927613881160599 -0.034115031520264759 -0.034160934732988583 -0.034143797929799463 -0.034140535913214559 0.034940941187719246 -0.034111250560580161 -0.034117819869765267 -0.03411781005416651 -0.034119521317732319 0.034939134759254691 0.034940366489668688 -0.034117927081245218 0.034940508200355207 0.034940432962585297 -0.034117972590430062 -0.034117960917748345 -0.034117965029075055 -0.034118022902645172
leaf_weight=0.89643238484859544 2.6343024820089367 2.3474198058247593 1.8280759081244493 1.5999949872493737 1.3299094438552805 1.3487354703247545 0.96613501757383424 1.6527735590934778 1.1153670065104968 1.3652862198650835 0.80588603392243463 1.6051051765680338 1.1715336814522741 1.2331306338310239 1.0631592981517313 0.61340602301061231 2.8311305940151206 1.0246405377984049 0.71247245371341683 0.71246363967657078 0.85665924102067947 1.616128772497176 1.6981301233172406 0.65221010334789564 1.6173964738845805 7.5205738320946693 0.9240158796310427 5.8157825917005539 2.0654277298599482 0.54357207752764225
leaf_count=33 26 22 20 20 37 25 19 20 27 32 23 20 33 33 29 22 35 29 20 20 24 20 21 24 20 93 34 214 76 20
internal_value=-0.00123753 0.033703 0.0354067 -0.034269 -0.0343817 -0.0351946 -0.0341878 0.0349645 -0.0341605 -0.0341492 -0.0341725 0.0349429 -0.0341284 -0.0341398 -0.0341246 -0.0341191 0.0349392 -0.0341194 -0.0341158 -0.0341161 -0.0341187 0.0349404 0.0349403 -0.0341179 0.0349404 0.0349404 -0.034118 -0.034118 -0.034118 -0.034118
internal_weight=52.1673 25.351 22.7167 26.8162 15.3054 2.94873 12.3566 20.3693 11.3905 10.2751 5.2883 18.5412 3.92301 2.03902 4.98684 11.5108 16.8885 3.92368 2.59377 1.884 1.56913 15.2834 12.4522 10.8974 10.8361 9.13797 10.001 6.46799 3.53302 1.46759
internal_count=1091 297 271 794 371 45 326 249 307 280 141 229 109 56 139 423 209 110 73 53 44 189 154 401 134 113 368 238 130 54
is_linear=0
shrinkage=0.05


Tree=132
num_leaves=31
num_cat=0
split_feature=1 1 0 3 1 1 1 3 3 2 2 4 3 0 8 0 0 7 0 4 1 1 2 0 12 7 7 3 1 3
split_gain=17.6766 2.83347 2.16807 0.0959006 0.67311 2.87103e-05 1.84306e-05 1.24218e-05 3.81062e-05 5.16995e-06 4.2958e-06 3.21936e-06 1.28569e-06 1.04379e-06 3.85328e-06 2.30845e-07 7.58005e-07 1.33752e-07 1.05894e-07 1.02599e-07 3.81225e-08 3.00766e-09 4.09046e-10 6.12649e-11 4.67284e-11 3.37765e-11 1.85398e-11 4.59499e-12 3.10862e-13 2.71783e-12
threshold=417.50000000000006 350.50000000000006 52.835000000000008 0.0099647634353574616 1003.0000000000001 1005.5000000000001 326.50000000000006 0.09969184575573993 0.086986916393657035 3682.0000000000005 8214.5000000000018 1.0000000180025095e-35 0.14131452864802432 54.414500000000004 0.45550000000000074 58.102235 48.52150000000001 8.6052100000000014 57.498500000000007 14.500000000000002 708.50000000000011 288.50000000000006 5500.5000000000009 68.52676000000001 101.50000000000001 27.433625000000003 9.5425000000000022 0.16554650352715269 8.5000000000000018 0.0089479272980529396
decision_type=2 2 2 2 2 2 2 2 2 2 2 2 2 2 2 2 2 2 2 2 2 2 2 2 2 2 2 2 2 2
left_child=1 6 -3 4 -2 -6 17 8 10 -9 13 -11 -13 19 -15 16 -7 -1 -14 20 -5 26 -20 -17 -24 -26 -19 -27 -28 -30
right_child=3 2 -4 7 5 15 -8 9 -10 11 -12 12 18 14 -16 23 -18 21 22 -21 -22 -23 24 -25 25 27 28 -29 29 -31
leaf_value=0.034847845864360641 0.015966804413274725 -0.018079990176588578 0.023576579653479021 -0.03408212891230749 -0.03439230917758955 -0.034066582916360562 0.035048530412997124 -0.034196668543849944 -0.034464287920362296 -0.03415454649086689 -0.034212911090217929 -0.033999792678416206 -0.03408499001014665 -0.034213216404748496 -0.034074679312846641 -0.034066089638132478 -0.034132614133687025 0.034832973284781722 -0.034065577734372597 -0.034096312906496611 -0.034068001189275735 0.034830351292966279 -0.034067152094124052 -0.034066721521784839 -0.034066432260315305 -0.034066896709352396 0.034833195468216692 -0.034066765994499204 0.034833105877052239 0.034833196474387866
leaf_weight=1.6589233912527621 0.79257559031248348 5.6544072180986387 6.9785022139549255 1.2584218606352839 0.94386979192495335 1.1021095775067808 1.0560509376227845 0.90581667795777221 0.92905880138277996 1.0718488804996003 1.0522648748010395 0.73782896809279819 0.87374256178736587 0.82636793702840838 1.2784148659557102 0.66751361638307549 0.7176232449710368 1.0464584827423156 0.77523447200655748 1.0038600526750086 0.76948091760277737 0.99502131342887778 0.77683283388614643 0.90188661590218544 0.77610336616635311 0.77657674252986897 10.56568067148328 5.0080650709569454 0.99670805782079597 4.8841392807662487
leaf_count=33 12 20 25 37 20 33 19 20 19 25 27 21 22 21 38 20 20 21 20 29 23 20 20 27 20 20 212 129 20 98
internal_value=0.00041169 0.0236764 0.00493137 -0.0324623 -0.026399 -0.0341484 0.0348449 -0.0341136 -0.0341657 -0.0340819 -0.0341209 -0.0340723 -0.0340632 -0.034102 -0.0341291 -0.0340805 -0.0340926 0.0348342 -0.0340685 -0.0340832 -0.0340768 0.034833 -0.0340667 -0.0340665 -0.0340668 -0.0340667 0.0348332 -0.0340668 0.0348332 0.0348332
internal_weight=57.7814 33.8359 12.6329 23.9455 5.12558 4.333 21.203 18.8199 7.11787 11.702 6.18881 10.7962 9.72438 5.13655 2.10478 3.38913 1.81973 20.1469 8.98656 3.03176 2.0279 18.488 8.11281 1.5694 7.33758 6.56075 17.493 5.78464 16.4465 5.88085
internal_count=1091 468 45 623 132 120 423 491 194 297 175 277 252 148 59 100 53 404 231 89 60 371 209 47 189 169 351 149 330 118
is_linear=0
shrinkage=0.05


Tree=133
num_leaves=31
num_cat=0
split_feature=3 1 2 0 1 7 7 3 2 1 1 3 3 0 1 1 0 1 1 3 1 2 4 0 3 0 0 0 2 1
split_gain=6.98682 10.5344 2.65488 1.18816 2.48998 1.13908 0.488039 0.815601 0.324954 0.287589 0.239148 0.201967 0.0919309 0.220452 0.0728647 0.00799237 0.00197485 5.18738e-05 3.16127e-05 7.4887e-05 7.0711e-06 6.08606e-06 3.47523e-06 1.205e-06 8.00074e-07 1.09276e-07 1.50436e-08 3.64106e-10 3.63203e-10 5.01688e-11
threshold=0.11277836960585665 364.00000000000006 9632.0000000000018 54.541000000000004 409.50000000000006 17.413240000000002 8.8192800000000009 0.040039144721343907 8324.5000000000018 573.50000000000011 401.50000000000006 0.064308026750671335 0.048164438999415644 51.864500000000007 529.50000000000011 354.00000000000006 49.811000000000007 741.50000000000011 1005.5000000000001 0.011226018207769918 321.50000000000006 3734.5000000000005 1.0000000180025095e-35 62.268930000000005 0.14244935990179933 57.498500000000007 45.572500000000005 77.39379000000001 5500.5000000000009 702.50000000000011
decision_type=2 2 2 2 2 2 2 2 2 2 2 2 2 2 2 2 2 2 2 2 2 2 2 2 2 2 2 2 2 2
left_child=1 6 3 8 -5 -6 7 -1 10 -7 -3 17 14 16 -12 20 -14 -11 19 -16 -8 -2 -23 -19 -24 -26 -20 -25 -27 -30
right_child=21 2 -4 4 5 9 15 -9 -10 11 12 -13 13 -15 18 -17 -18 23 26 -21 -22 22 24 27 25 28 -28 -29 29 -31
leaf_value=-0.035115551451758653 -0.034207873659337661 0.050356488338840801 -0.033555857662623999 -0.021108170891394482 -0.0017398022706612449 0.052317851750078782 -0.03406674075251058 0.034887063972626593 0.013878681127960635 0.035216412282971794 0.045841666182800146 0.014299804161693012 0.03491917057139144 0.01260173808143409 0.035307164822181908 -0.039010903003236216 0.037421556930606246 0.03490524082424247 0.034832874519305064 0.034863451712422507 -0.034247320067896853 -0.034160301527752825 -0.034015022958325362 0.034850230783772654 -0.034085286251912213 -0.034065641467264256 0.034839944816378782 0.034851391767924476 -0.034067159698589332 -0.034066734494743796
leaf_weight=0.99048848636448272 0.91693391278386016 2.8369144201278749 1.9590055346488942 3.4766102135181418 2.6751784756779662 1.9589096009731273 9.22336876764893 0.71750818379223347 1.6504660919308651 1.4541037268936632 1.9715865328907947 1.4872756600379942 1.6992098763585084 1.4603585451841352 1.6423714607954027 0.89596912264823991 1.4709654971957205 1.6287778392434118 1.7638374641537669 2.2586520537734032 0.57596775516867715 1.0444821752607811 0.75911003723740478 1.3839813172817232 0.87403602153062721 0.77530002966522982 1.3119398131966589 1.318899057805538 0.77684022486209858 6.4830383472144604
leaf_count=33 20 8 10 12 26 16 362 12 19 19 14 15 25 17 20 7 17 24 27 34 19 24 21 21 22 20 20 20 20 167
internal_value=0.00067319 0.00912749 0.023018 0.0263312 0.0161192 0.0269887 -0.0305272 -0.00570832 0.0350269 0.0353135 0.0371532 0.0307336 0.0343948 0.0286757 0.0373542 -0.0344906 0.0360803 0.034958 0.0349558 0.0350503 -0.0340774 -0.0340842 -0.0340737 0.0348713 -0.0340643 -0.0340685 0.0348359 0.0348508 -0.0340667 -0.0340668
internal_weight=59.4421 47.8123 35.409 33.45 15.3837 11.9071 12.4033 1.708 18.0663 9.23195 16.4158 7.27304 13.5789 4.63053 8.94839 10.6953 3.17018 5.78576 6.9768 3.90102 9.79934 11.6297 10.7128 4.33166 9.66832 8.90921 3.07578 2.70288 8.03518 7.25988
internal_count=1091 797 364 354 153 141 433 45 201 115 182 99 174 59 115 388 42 84 101 54 381 294 274 65 250 229 47 41 207 187
is_linear=0
shrinkage=0.05


Tree=134
num_leaves=31
num_cat=0
split_feature=3 4 3 1 1 0 3 2 2 0 7 7 1 1 4 1 3 1 7 0 3 3 0 7 10 2 2 0 2 1
split_gain=22.5172 0.264663 0.0148415 0.000171682 0.000904142 8.73659e-05 4.01881e-05 3.15435e-05 5.13827e-06 1.97555e-06 9.80104e-06 8.33372e-07 1.81336e-07 5.11654e-07 1.53782e-07 9.79625e-08 7.71045e-08 2.14248e-08 1.84895e-09 4.52431e-10 3.44073e-10 7.75675e-10 1.64532e-10 3.3511e-11 3.04734e-12 2.5091e-12 2.70006e-13 2.16716e-13 2.00506e-13 2.88547e-13
threshold=0.09969184575573993 1.0000000180025095e-35 0.13824253337460482 350.50000000000006 417.50000000000006 52.835000000000008 0.086986916393657035 4329.5000000000009 8214.5000000000018 53.004760000000012 17.413240000000002 23.381000000000004 1004.5000000000001 698.50000000000011 12.500000000000002 321.50000000000006 0.15212389730596518 708.50000000000011 10.550275000000001 44.082225000000008 0.18217205770965719 0.19799873239039337 69.836110000000005 8.6052100000000014 608.50000000000011 6921.5000000000009 2794.0000000000005 49.885500000000008 6412.5000000000009 237.50000000000003
decision_type=2 2 2 2 2 2 2 2 2 2 2 2 2 2 2 2 2 2 2 2 2 2 2 2 2 2 2 2 2 2
left_child=3 -2 -3 15 5 -5 8 -4 9 14 -11 -9 13 -12 17 23 -13 -6 19 -19 -18 -22 -14 -1 -23 -26 27 -25 29 -28
right_child=1 2 7 4 6 -7 -8 11 -10 10 12 16 22 -15 -16 -17 20 18 -20 -21 21 24 -24 26 25 -27 28 -29 -30 -31
leaf_value=-0.034066429575885959 0.018200865661525688 0.039161069845509114 0.035060040320928347 -0.035382724509124545 -0.034074428187759645 -0.034825930211073081 -0.034453310617355626 0.034870413450385378 -0.03421344352093126 -0.034238092785781951 -0.034056255184663604 0.034821266889277273 -0.034065608745665714 -0.034109154431372898 -0.034091230376571927 -0.034087939334828253 0.034833668356067674 -0.034064714222224152 -0.034068532021595155 -0.034066330584547992 0.034831983679938956 0.034833131970362918 -0.034066573346279098 -0.034066724628053525 0.034833265540749912 0.034833194710689096 -0.034066767668218333 -0.034066756030229364 -0.034066760252148803 -0.034066815084333867
leaf_weight=0.84046299010515291 2.5290840491652515 2.2355417981743839 1.7175779789686227 1.555616840720176 1.2464202381670424 1.287702929228544 0.91787814721465188 1.5521428957581545 1.0529121272265918 1.2830543257296083 0.7548288814723495 1.5071991682052601 0.900572959333658 1.1589228771626947 0.99713910743594159 0.57519523054361421 2.6585129350423804 0.89950674772262595 0.70300340279936779 0.83462913706898689 1.51758263260126 1.5945904180407513 0.86831530928611755 0.61148101650178244 1.5187805444002132 7.0620252937078476 0.86631339974701427 5.4526012446731329 1.9364470187574623 0.50962799042463303
leaf_count=33 26 22 20 20 37 25 19 20 27 32 23 20 27 33 29 22 35 27 21 25 20 21 26 24 20 93 34 214 76 20
internal_value=-0.00129826 0.0334955 0.0353061 -0.0342188 -0.0343314 -0.0351306 -0.0341358 0.0348556 -0.0341086 -0.0340971 -0.0341191 0.0348354 -0.0340776 -0.0340883 -0.0340738 -0.0340679 0.034832 -0.0340691 -0.0340664 -0.0340655 0.0348332 0.034833 -0.0340661 -0.0340667 0.0348332 0.0348332 -0.0340668 -0.0340668 -0.0340668 -0.0340668
internal_weight=49.1457 23.893 21.364 25.2526 14.4605 2.84332 11.6172 19.1284 10.6993 9.64639 4.96569 17.4108 3.68264 1.91375 4.6807 10.7921 15.8587 3.68356 2.43714 1.73414 14.3515 11.693 1.76889 10.2169 10.1754 8.58081 9.37647 6.06408 3.31239 1.37594
internal_count=1091 297 271 794 371 45 326 249 307 280 141 229 109 56 139 423 209 110 73 52 189 154 53 401 134 113 368 238 130 54
is_linear=0
shrinkage=0.05


Tree=135
num_leaves=31
num_cat=0
split_feature=1 1 2 3 1 1 1 3 3 14 2 4 0 8 3 7 1 0 0 2 0 1 2 1 2 7 0 12 7 3
split_gain=16.4425 2.72523 2.07408 0.101172 0.673337 2.29964e-05 1.51892e-05 1.32361e-05 3.54865e-05 5.19058e-06 4.16874e-06 3.52641e-06 1.47819e-06 5.95688e-06 1.11846e-06 4.84876e-07 2.97226e-07 2.76665e-07 9.001e-07 1.9314e-07 8.66331e-08 3.59438e-08 4.50707e-08 2.46668e-09 3.53476e-10 6.24683e-11 5.24617e-11 3.86828e-11 2.80282e-11 3.96261e-12
threshold=417.50000000000006 350.50000000000006 6037.0000000000009 0.0099647634353574616 1003.0000000000001 1005.5000000000001 326.50000000000006 0.09969184575573993 0.086986916393657035 639.50000000000011 3682.0000000000005 1.0000000180025095e-35 54.414500000000004 0.31749999999999906 0.14131452864802432 8.6052100000000014 690.50000000000011 58.102235 48.52150000000001 6617.0000000000009 57.498500000000007 753.50000000000011 4773.5000000000009 288.50000000000006 5500.5000000000009 9.5425000000000022 68.52676000000001 101.50000000000001 27.433625000000003 0.16554650352715269
decision_type=2 2 2 2 2 2 2 2 2 2 2 2 2 2 2 2 2 2 2 2 2 2 2 2 2 2 2 2 2 2
left_child=1 6 -3 4 -2 -6 15 8 9 12 -9 -12 19 -14 -13 -1 -15 18 -7 21 -16 22 -5 25 -22 -17 -19 -26 -29 -30
right_child=3 2 -4 7 5 17 -8 10 -10 -11 11 14 13 16 20 23 -18 26 -20 -21 24 -23 -24 -25 27 -27 -28 28 29 -31
leaf_value=0.034762165744074508 0.016485526974336261 -0.019062393042109806 0.022281192710763443 -0.034042454631682761 -0.034322607772551229 -0.03401876971844571 0.034936144237316356 -0.034140673903599122 -0.034417892718283737 -0.034207534998957741 -0.034113511389872932 -0.033954270955761118 -0.034203255760709393 -0.034004721295513178 -0.034035960631538707 0.034732918674379741 -0.03405205463384086 -0.034018279445646865 -0.034092816359251182 -0.034058270138722042 -0.034017797752954562 -0.034020836789979955 -0.034024906627194686 0.034730663850066554 -0.034019301875740697 0.034733329895383934 -0.034018883382007432 -0.034018625078245511 -0.034019064124472913 -0.034018938757085192
leaf_weight=1.5716007873416007 0.78475174307823437 5.2274732291698438 7.2279901951551437 0.87100561149418687 0.88532165810465802 1.0331375338137152 0.99345051124691863 0.84960266947746177 0.8876155950129031 0.68873275443911541 1.0204987339675415 0.6894235722720613 0.78017339855432544 0.64174741320312001 0.81910194829106142 0.98227430880070343 0.68639065697789192 0.62571571767330147 0.68089691549539555 0.92261507734656323 0.72668616846203793 0.62787176482379425 0.63100021332502365 0.9341009184718122 0.72822193428874005 15.439919326454399 0.84543203562498093 0.72753223776817311 0.72798231616616238 4.6946594826877117
leaf_count=33 12 19 26 27 20 33 19 20 19 18 25 21 20 21 22 21 21 20 20 28 20 20 20 20 20 330 27 20 20 129
internal_value=0.000436853 0.0232753 0.00492957 -0.0323161 -0.0259215 -0.0340972 0.0347456 -0.0340681 -0.0341233 -0.0340786 -0.0340343 -0.0340254 -0.0340614 -0.0340936 -0.0340155 0.0347356 -0.0340292 -0.0340345 -0.0340482 -0.0340392 -0.0340205 -0.0340309 -0.0340351 0.0347332 -0.0340188 0.0347333 -0.0340186 -0.034019 -0.0340189 -0.034019
internal_weight=54.9529 32.3768 12.4555 22.5761 4.85526 4.0705 19.9213 17.7209 6.73715 5.84954 10.9837 10.1341 5.1608 2.10831 9.11361 18.9279 1.32814 3.18518 1.71403 3.05249 8.42418 2.12988 1.50201 17.3563 7.60508 16.4222 1.47115 6.8784 6.15017 5.42264
internal_count=1091 468 45 623 132 120 423 491 194 175 297 277 157 62 252 404 42 100 53 95 231 67 47 371 209 351 47 189 169 149
is_linear=0
shrinkage=0.05


Tree=136
num_leaves=31
num_cat=0
split_feature=3 1 14 1 3 3 1 1 3 1 2 0 7 1 2 4 0 0 4 3 7 1 0 1 0 2 1 7 7 3
split_gain=6.52471 9.75143 3.09449 1.4075 0.398153 0.0536361 0.381085 0.0105326 5.78479e-05 2.96101e-05 1.87505e-05 1.22186e-05 1.77684e-05 7.78277e-06 4.91171e-06 3.77649e-06 2.35298e-06 7.68129e-06 7.61345e-07 7.06372e-07 2.51063e-07 2.28693e-07 8.93981e-08 2.31975e-09 3.42895e-10 3.14798e-10 4.13927e-11 2.95977e-11 2.8304e-11 1.82432e-12
threshold=0.11277836960585665 350.50000000000006 1775.0000000000002 414.00000000000006 0.097048024186271911 0.0099647634353574616 1004.5000000000001 469.50000000000006 0.08174730328420117 1005.5000000000001 8214.5000000000018 54.541000000000004 19.231000000000005 330.00000000000006 3734.5000000000005 1.0000000180025095e-35 58.102235 48.52150000000001 13.500000000000002 0.14244935990179933 8.6052100000000014 673.00000000000011 57.498500000000007 290.00000000000006 68.52676000000001 5500.5000000000009 702.50000000000011 9.5425000000000022 27.433625000000003 0.16689594824667678
decision_type=2 2 2 2 2 2 2 2 2 2 2 2 2 2 2 2 2 2 2 2 2 2 2 2 2 2 2 2 2 2
left_child=1 13 3 -3 5 6 -5 -7 10 -8 11 18 -13 20 -2 -16 17 -11 21 -17 -1 -9 -21 27 -18 -24 -27 -22 -28 -30
right_child=14 2 -4 4 -6 7 9 8 -10 16 -12 12 -14 -15 15 19 24 -19 -20 22 23 -23 25 -25 -26 26 28 -29 29 -31
leaf_value=-0.034047303463416584 -0.034151130854096282 0.009345780139992748 -0.040389812277606338 0.0060175453070705097 0.0076433355966149131 0.038954849269970261 0.035027126811151214 0.03473297038702873 0.035166120746995551 0.03473301963920019 0.035007571270791418 0.035012460157031015 0.034773769806886762 -0.0342275962644654 -0.034119109861259267 -0.033968578587212965 0.034732137704791832 0.034887675177889418 0.034787755631788507 -0.034036236881638468 -0.034018541066149773 0.034759910599888214 -0.034017857108073701 -0.034015323315055093 0.034733240846040736 -0.034019308107913176 -0.034018616595811228 -0.034018937213219101 -0.034019020505875144 -0.034018937071746962
leaf_weight=0.84088546037673673 0.86004085466265578 10.137048572301863 1.9177939668297757 1.3554141819477132 1.6092195585370053 1.8585833683609951 1.3132814317941663 1.5328364819288238 1.5893976464867581 2.0238311961293225 1.4215034022927273 1.4946671910583975 1.6299296170473097 0.4791362229734667 0.99485320970415969 0.70925531908869643 1.2258540131151678 1.3308059759438036 1.7746682353317735 0.81937728077173044 0.50131025165319076 1.6206275969743726 0.72674764692783345 0.47525174170732576 1.6561036109924314 0.72822844237089146 0.72752334922552098 7.929888192564249 0.76433481276035298 4.585471510887146
leaf_count=34 20 37 9 14 8 21 18 25 21 33 20 21 26 16 24 21 20 20 28 22 21 26 20 20 27 20 20 332 21 126
internal_value=0.000695387 0.00898811 0.0213835 0.0249121 0.031645 0.0334145 0.0304288 0.0354721 0.034887 0.0348113 0.0348402 0.0348106 0.0348879 -0.0340309 -0.0340364 -0.0340266 0.0347659 0.0347944 0.0347616 -0.0340165 -0.0340212 0.0347468 -0.0340206 -0.0340187 0.0347328 -0.0340188 -0.034019 -0.0340189 -0.0340189 -0.0340189
internal_weight=56.6339 45.718 35.4916 33.5738 23.4367 21.8275 8.90529 12.9222 11.0636 7.54988 9.47423 8.05273 3.1246 10.2265 10.9158 10.0558 6.23659 3.35464 4.92813 9.06094 9.74734 3.15346 8.35168 8.90645 2.88196 7.53231 6.80556 8.4312 6.07733 5.34981
internal_count=1091 797 374 365 328 320 132 188 167 118 146 126 47 423 294 274 100 53 79 250 407 51 229 373 47 207 187 353 167 147
is_linear=0
shrinkage=0.05


Tree=137
num_leaves=31
num_cat=0
split_feature=3 4 3 1 1 0 3 2 2 0 7 7 3 2 4 1 7 3 0 0 1 7 0 3 3 7 10 2 2 2
split_gain=21.0804 0.269019 0.0142336 0.000162358 0.000812905 7.99712e-05 3.79927e-05 2.56915e-05 6.19398e-06 2.2696e-06 1.1029e-05 6.788e-07 2.20261e-07 1.80776e-07 1.15869e-07 8.06888e-08 6.70188e-08 6.27e-08 2.4054e-08 1.73973e-08 1.03992e-08 1.73566e-08 4.45291e-10 2.80328e-10 6.34895e-10 9.73248e-11 2.47713e-12 2.11431e-12 2.06057e-13 1.62981e-13
threshold=0.09969184575573993 1.0000000180025095e-35 0.13824253337460482 350.50000000000006 417.50000000000006 52.835000000000008 0.086986916393657035 4329.5000000000009 8214.5000000000018 53.004760000000012 17.413240000000002 23.381000000000004 0.049741196374967718 3447.0000000000005 12.500000000000002 321.50000000000006 23.014360000000003 0.15212389730596518 51.032695000000011 75.172500000000028 683.50000000000011 7.9680000000000009 41.379885000000009 0.18217205770965719 0.19799873239039337 8.6052100000000014 608.50000000000011 6921.5000000000009 2794.0000000000005 6412.5000000000009
decision_type=2 2 2 2 2 2 2 2 2 2 2 2 2 2 2 2 2 2 2 2 2 2 2 2 2 2 2 2 2 2
left_child=3 -2 -3 15 5 -5 8 -4 9 14 -11 -9 13 16 18 25 -12 -13 20 -18 -6 22 -22 -19 -25 -1 -26 -28 -27 -30
right_child=1 2 7 4 6 -7 -8 11 -10 10 12 17 -14 -15 -16 -17 19 23 -20 -21 21 -23 -24 24 26 28 27 -29 29 -31
leaf_value=-0.034018352079461217 0.017602697998388685 0.039077865324605117 0.034944578218084055 -0.035303261473933416 -0.034014306233728059 -0.034759034588377674 -0.034407691991298221 0.034768001614222187 -0.03418195067941867 -0.034203961070151549 -0.03404453169033355 0.034722232870704632 -0.034055179659541072 -0.034002259790146282 -0.034041293767232098 -0.034038762734549942 -0.034019138151297729 0.034733775455866228 -0.034029732754880054 -0.034030349140670151 -0.034017243084762575 -0.034028068822955913 -0.034019049200724981 0.034732203762408709 0.034733276185084219 -0.034018926613529225 0.034733401457230785 0.034733334337263673 -0.034018956215347521 -0.034018932979022178
leaf_weight=0.78756400384008962 2.4312634244561222 2.1291976943612125 1.6132986247539545 1.4918614476919168 0.74660592153667948 1.2328259535133836 0.87699767574668008 1.4572695195674921 1.0115592367947108 1.2347105070948599 0.64598557353019836 1.4149180203676213 0.68752216175198544 0.73253756575286377 0.93413827195763577 0.53924933820962984 0.65778338909149148 2.4958021268248549 0.69853584095835675 0.73017806373536587 0.74975641071796439 0.63306949287652958 0.626369409263134 1.4246933013200749 1.4969933107495297 5.6845929697155935 1.4258245080709437 6.6297946497797966 1.2898352760821583 1.8152643721550701
leaf_count=33 26 22 20 20 24 25 19 20 27 32 20 20 21 24 29 22 21 35 22 23 24 20 20 20 21 238 20 93 54 76
internal_value=-0.00136832 0.0333113 0.0352125 -0.0341718 -0.0342841 -0.035057 -0.034092 0.0347542 -0.0340646 -0.0340515 -0.0340757 0.0347354 -0.0340299 -0.0340236 -0.0340257 -0.0340199 -0.0340312 0.0347322 -0.0340214 -0.034025 -0.0340193 -0.0340212 -0.0340181 0.0347333 0.0347332 -0.0340189 0.0347333 0.0347333 -0.0340189 -0.0340189
internal_weight=46.326 22.5191 20.0878 23.8069 13.6904 2.72469 10.9657 17.9586 10.0888 9.07719 4.68872 16.3453 3.45401 2.76648 4.38848 10.1165 2.03395 14.888 3.45434 1.38796 2.7558 2.0092 1.37613 13.4731 10.9773 9.57726 9.55261 8.05562 8.78969 3.1051
internal_count=1091 297 271 794 371 45 326 249 307 280 141 229 109 88 139 423 64 209 110 44 88 64 44 189 154 401 134 113 368 130
is_linear=0
shrinkage=0.05


Tree=138
num_leaves=31
num_cat=0
split_feature=1 1 2 3 1 1 1 3 3 14 4 2 0 8 3 7 1 0 0 2 7 1 2 1 7 7 2 0 3 10
split_gain=15.2213 2.66273 1.91372 0.106067 0.656131 1.93896e-05 1.23837e-05 1.18726e-05 3.32874e-05 5.38605e-06 3.75023e-06 3.35615e-06 1.21435e-06 4.88449e-06 9.64403e-07 3.95181e-07 2.49656e-07 2.26733e-07 7.37705e-07 1.57324e-07 6.25351e-08 2.77953e-08 3.60876e-08 2.01236e-09 2.77651e-10 5.10827e-11 4.96745e-11 4.29017e-11 1.11604e-11 8.96172e-13
threshold=417.50000000000006 350.50000000000006 6037.0000000000009 0.0099647634353574616 1003.0000000000001 1005.5000000000001 326.50000000000006 0.09969184575573993 0.086986916393657035 639.50000000000011 1.0000000180025095e-35 3965.0000000000005 54.414500000000004 0.31749999999999906 0.14131452864802432 8.6052100000000014 690.50000000000011 58.102235 48.52150000000001 6617.0000000000009 23.381000000000004 753.50000000000011 4773.5000000000009 288.50000000000006 26.746000000000002 9.5425000000000022 5736.5000000000009 68.52676000000001 0.17243108127731724 608.50000000000011
decision_type=2 2 2 2 2 2 2 2 2 2 2 2 2 2 2 2 2 2 2 2 2 2 2 2 2 2 2 2 2 2
left_child=1 6 -3 4 -2 -6 15 8 9 12 -9 -12 19 -14 -13 -1 -15 18 -7 21 -16 22 -5 25 -22 -17 -26 -19 -28 -30
right_child=3 2 -4 7 5 17 -8 10 -10 -11 11 14 13 16 20 23 -18 27 -20 -21 24 -23 -24 -25 26 -27 28 -29 29 -31
leaf_value=0.034667181040754891 0.015932149233305128 -0.018314607092051197 0.021471644720604841 -0.03399576302506669 -0.034261677560483844 -0.033974102066770387 0.03482929637299359 -0.034080917068995902 -0.034369273424462075 -0.03416669300729442 -0.034078582983189956 -0.033911873291390553 -0.034146347791609397 -0.03396036381861206 -0.033989803143073212 0.034639927339872277 -0.034005183722150077 -0.03397364719562506 -0.034043338801688035 -0.03401066685706363 -0.033973292892815622 -0.033976006414037828 -0.03397954035366605 0.034637825562040592 -0.033973835685167715 0.034640311182555415 -0.033974423295670304 -0.033974211312816888 -0.033974199769167372 -0.033974260893794746
leaf_weight=1.475168082863102 0.79301458597183483 5.2070967108011228 7.2037523239850998 0.81593660078943064 0.83286404609680209 0.9683550149202349 0.93285572156309982 1.0182310435920943 0.8433326520025729 0.65268811583518971 0.78757360205054183 0.644079213961957 0.73154427111148823 0.60086431913077809 0.69769232720136631 0.92194056510925371 0.64338723197579384 0.58647980354726292 0.63833127170801163 0.86444796249270428 0.88557356595993031 0.58847855404019345 0.59119576402008533 0.87672059610486108 0.68177559226751316 14.491574387997387 1.1941645890474317 0.79241983965039253 0.71625862270593632 3.6839562021195889
leaf_count=33 12 19 26 27 20 33 19 26 19 18 20 21 20 21 20 21 21 20 20 28 26 20 20 20 20 330 35 27 21 108
internal_value=0.000452207 0.0227341 0.00477892 -0.0321635 -0.0254534 -0.0340484 0.0346517 -0.0340229 -0.0340768 -0.0340319 -0.0339898 -0.0339798 -0.0340137 -0.0340438 -0.0339707 0.0346424 -0.0339835 -0.0339888 -0.0340016 -0.0339928 -0.0339755 -0.0339851 -0.0339889 0.0346402 -0.0339741 0.0346403 -0.0339742 -0.033974 -0.0339743 -0.0339743
internal_weight=52.3618 31.1091 12.4108 21.2526 4.61146 3.81845 18.6983 16.6412 6.33188 5.48854 10.3093 9.29107 4.83585 1.9758 8.5035 17.7654 1.24425 2.98559 1.60669 2.86006 7.85942 1.99561 1.40713 16.2902 7.16173 15.4135 6.27616 1.3789 5.59438 4.40021
internal_count=1091 468 45 623 132 120 423 491 194 175 297 271 157 62 251 404 42 100 53 95 230 67 47 371 210 351 184 47 164 129
is_linear=0
shrinkage=0.05


Tree=139
num_leaves=31
num_cat=0
split_feature=3 1 14 1 3 3 1 1 3 1 2 0 7 1 4 2 0 0 4 3 7 1 7 1 0 7 2 7 3 10
split_gain=6.09255 9.00386 2.89783 1.39735 0.476907 0.0561822 0.379968 0.0100758 0.000108564 2.40916e-05 1.66739e-05 1.10963e-05 2.2489e-05 6.36529e-06 3.96722e-06 3.9521e-06 1.9204e-06 6.26644e-06 6.90708e-07 6.15469e-07 2.05158e-07 1.92568e-07 6.22282e-08 1.91226e-09 2.8007e-10 2.64917e-10 4.30718e-11 2.42224e-11 8.67484e-12 7.00773e-13
threshold=0.11277836960585665 350.50000000000006 1775.0000000000002 414.00000000000006 0.097883536714568689 0.0099647634353574616 1004.5000000000001 469.50000000000006 0.085523332883546924 1005.5000000000001 8214.5000000000018 54.414500000000004 18.628095000000005 330.00000000000006 1.0000000180025095e-35 3965.0000000000005 58.102235 48.52150000000001 13.500000000000002 0.14244935990179933 8.6052100000000014 673.00000000000011 23.381000000000004 290.00000000000006 68.52676000000001 26.746000000000002 5736.5000000000009 9.5425000000000022 0.17243108127731724 608.50000000000011
decision_type=2 2 2 2 2 2 2 2 2 2 2 2 2 2 2 2 2 2 2 2 2 2 2 2 2 2 2 2 2 2
left_child=1 13 3 -3 5 6 -5 -7 10 -8 11 18 -13 20 -2 -16 17 -11 21 -17 -1 -9 -21 27 -18 -24 -27 -22 -28 -30
right_child=14 2 -4 4 -6 7 9 8 -10 16 -12 12 -14 -15 15 19 24 -19 -20 22 23 -23 25 -25 -26 26 28 -29 29 -31
leaf_value=-0.034000745126532915 -0.034086726955900336 0.0089885959091292166 -0.039186932232809814 0.0056986232813959082 0.002122688863330011 0.038879440354712566 0.034913830909706046 0.034638587935325357 0.035238227873067844 0.034640020633727578 0.034898376770829395 0.034940226644225712 0.03467380777134909 -0.034169129643392908 -0.034088053470512525 -0.033925324870010293 0.034639193496401592 0.034784191490694304 0.034691016318030059 -0.033989770469452112 -0.033973890305642622 0.034664111252086835 -0.033973311527767266 -0.033970871354580844 0.03464022257765384 -0.033973860990122555 -0.03397440604527617 -0.033974260472405697 -0.033974205271599209 -0.033974259304744618
leaf_weight=0.78819506242871007 0.99431397765874763 10.125490933656691 1.8984273895621289 1.3420653864741376 1.3081713244318951 1.7663178183138359 1.2334031611680982 1.4947712793946251 1.2590771876275528 1.8995223268866541 1.4719977267086504 1.3696665950119498 1.878427881747484 0.44929837994277555 0.79708102717995544 0.66257720813154986 1.1505511216819289 1.2495035529136655 1.725492477416992 0.69765871763229359 0.46987560950219442 1.4616308994591234 0.88560007140040387 0.44543780386447895 1.5543766058981416 0.68180226162075985 1.1258975528180597 7.4326504357159138 0.71626482531428326 3.6839463002979755
leaf_count=34 25 37 9 14 5 21 18 26 16 33 22 20 32 16 20 21 20 20 29 20 21 25 26 20 27 20 33 332 21 108
internal_value=0.000717409 0.00884091 0.020848 0.0243776 0.0314077 0.0332445 0.0300936 0.0353817 0.0348022 0.034713 0.0347438 0.0347151 0.0347862 -0.0339854 -0.0339918 -0.0339816 0.0346707 0.0346972 0.0346659 -0.0339716 -0.0339764 0.0346512 -0.0339755 -0.0339741 0.0346398 -0.0339741 -0.0339742 -0.0339742 -0.0339743 -0.0339743
internal_weight=54.0195 43.7744 34.1889 32.2905 22.165 20.8568 8.42942 12.4274 10.6611 7.08736 9.40199 7.92999 3.24809 9.58546 10.2451 9.25083 5.85395 3.14903 4.68189 8.45375 9.13616 2.9564 7.79117 8.34796 2.70493 7.09351 6.20791 7.90253 5.52611 4.40021
internal_count=1091 797 374 365 328 323 132 191 170 118 154 132 52 423 294 269 100 53 80 249 407 51 228 373 47 208 182 353 162 129
is_linear=0
shrinkage=0.05


Tree=140
num_leaves=31
num_cat=0
split_feature=3 0 7 1 1 7 3 4 14 2 0 7 3 1 1 2 1 4 1 1 0 7 0 7 1 2 2 2 1 0
split_gain=19.7116 0.281219 0.0145459 0.000151795 0.000746478 7.41057e-05 3.55737e-05 2.9866e-05 6.14561e-06 4.72208e-06 2.07343e-06 9.65691e-06 3.22584e-07 1.93217e-07 5.20067e-07 1.55809e-07 6.65428e-08 5.89052e-08 1.29347e-08 3.59883e-08 1.31846e-09 2.6269e-10 9.46575e-11 7.53904e-11 3.43494e-11 3.78009e-12 1.62537e-13 1.42331e-13 2.10165e-13 1.27454e-13
threshold=0.09969184575573993 55.505500000000005 23.510000000000002 350.50000000000006 417.50000000000006 15.085500000000005 0.086986916393657035 1.0000000180025095e-35 639.50000000000011 4899.0000000000009 53.004760000000012 17.413240000000002 0.15212389730596518 1004.5000000000001 690.50000000000011 6940.0000000000009 321.50000000000006 12.500000000000002 670.00000000000011 1004.5000000000001 46.36086000000001 26.832500000000007 69.836110000000005 8.6052100000000014 723.50000000000011 6560.0000000000009 2794.0000000000005 6412.5000000000009 237.50000000000003 49.885500000000008
decision_type=2 2 2 2 2 2 2 2 2 2 2 2 2 2 2 2 2 2 2 2 2 2 2 2 2 2 2 2 2 2
left_child=3 -2 -3 16 5 -5 8 -4 10 -9 15 -12 -11 14 -13 17 23 18 -6 -20 -21 -14 -15 -1 -23 -26 29 28 -28 -25
right_child=1 2 7 4 6 -7 -8 9 -10 12 11 13 21 22 -16 -17 -18 -19 19 20 -22 24 -24 26 25 -27 27 -29 -30 -31
leaf_value=-0.033973728407681571 0.016799870166882447 0.039250606456818875 0.034867523876138 -0.035237978687322355 -0.033970212309343668 -0.034705356895730226 -0.034360041506831973 0.034733738179892372 -0.034167284538888898 0.03461488707443304 -0.034148921559439681 -0.033963175022668095 0.034640981273417269 -0.033973317425849685 -0.034019706810094599 -0.034006670509504289 -0.033992857027500115 -0.033992256561942741 -0.033987973464258948 -0.033972971116528104 -0.033975911315780392 0.034640058982403736 -0.033974097944308834 -0.03397422752303015 0.034640407469048506 0.034640316803653003 -0.033974262481830171 -0.033974256026784437 -0.033974305647161966 -0.033974253250509096
leaf_weight=0.73819661512971002 2.3512349873781231 1.9296596348285699 1.7030513286590601 1.4089815802872174 0.67082059569656394 1.2172580212354658 0.83335656486451704 1.4151794351637352 0.65321371145546514 1.377797596156596 1.2695951070636509 0.66000045277178321 1.6065794229507435 0.79135403223335721 1.0605879109352825 0.61387648060917843 0.50551022775471288 0.72132463566958893 0.65761702321469817 0.99599109403789021 0.61779311299324036 1.3379474654793728 0.76293973997235298 0.53727334551513006 1.3382763862609852 8.1629642322659475 0.76117726415395759 1.7014396991580722 0.44778037071228027 4.7908710744231939
leaf_count=33 28 20 22 20 23 25 19 20 18 21 35 23 24 27 34 20 22 24 22 34 21 20 26 24 20 122 34 76 20 214
internal_value=-0.00143064 0.0331058 0.0351374 -0.0341272 -0.0342386 -0.0349911 -0.0340468 0.0346689 -0.0340193 0.0346467 -0.0340083 -0.0340319 0.0346378 -0.0339865 -0.033998 -0.0339834 -0.0339752 -0.0339795 -0.0339763 -0.0339781 -0.0339741 0.0346404 -0.0339737 -0.0339742 0.0346403 0.0346403 -0.0339743 -0.0339743 -0.0339743 -0.0339743
internal_weight=43.6396 21.2227 18.8715 22.417 12.9347 2.62624 10.3085 16.9418 9.47511 15.2387 8.8219 4.54448 13.8236 3.27488 1.72059 4.27742 9.48225 3.66355 2.94222 2.2714 1.61378 12.4458 1.55429 8.97674 10.8392 9.50124 8.23854 2.9104 1.20896 5.32814
internal_count=1091 297 269 794 371 45 326 249 307 227 289 145 207 110 57 144 423 124 100 77 55 186 53 401 162 142 368 130 54 238
is_linear=0
shrinkage=0.05


Tree=141
num_leaves=31
num_cat=0
split_feature=1 1 0 3 1 1 3 3 1 14 4 2 0 8 3 7 1 0 0 2 7 1 2 1 7 2 7 0 3 10
split_gain=14.0867 2.5988 1.87002 0.111091 0.639107 1.6387e-05 1.06141e-05 3.05375e-05 1.00992e-05 5.62609e-06 3.12884e-06 2.97536e-06 9.9724e-07 4.00317e-06 7.67657e-07 3.22221e-07 2.09531e-07 1.85844e-07 6.04551e-07 1.28453e-07 1.09161e-07 2.14766e-08 2.88818e-08 1.64038e-09 3.46029e-10 4.24332e-11 4.15623e-11 3.50815e-11 9.82592e-12 7.3852e-13
threshold=417.50000000000006 350.50000000000006 52.835000000000008 0.0099647634353574616 1003.0000000000001 1005.5000000000001 0.09969184575573993 0.086986916393657035 326.50000000000006 639.50000000000011 1.0000000180025095e-35 3965.0000000000005 54.414500000000004 0.31749999999999906 0.14131452864802432 8.6052100000000014 690.50000000000011 58.102235 48.52150000000001 6617.0000000000009 23.381000000000004 753.50000000000011 4773.5000000000009 288.50000000000006 26.746000000000002 5736.5000000000009 9.5425000000000022 68.52676000000001 0.17243108127731724 608.50000000000011
decision_type=2 2 2 2 2 2 2 2 2 2 2 2 2 2 2 2 2 2 2 2 2 2 2 2 2 2 2 2 2 2
left_child=1 8 -3 4 -2 -6 7 9 15 12 -8 -12 19 -14 -13 -1 -15 18 -7 21 -16 22 -5 26 -22 -26 -17 -19 -27 -30
right_child=3 2 -4 6 5 17 10 -9 -10 -11 11 14 13 16 20 23 -18 27 -20 -21 24 -23 -24 -25 25 28 -28 -29 29 -31
leaf_value=0.034578686734924806 0.015398111189704215 -0.017101702748366154 0.022030177069849558 -0.033952175879736861 -0.034204869431425623 -0.033932374561525626 -0.034033981876658383 -0.034320756962736197 0.034729785115670424 -0.034129849434628157 -0.034034478617046379 -0.033875685280523503 -0.034093181879654877 -0.033918985607887024 -0.03395367371980873 0.034553283010649104 -0.033961410578464267 -0.033931948993719228 -0.033997114980695055 -0.033966247690882211 -0.033931411341411095 -0.033934123987073427 -0.033937180863756432 0.034551323751286438 -0.033932117402203331 -0.033932680377032481 0.034553640421620284 -0.033932475932068364 -0.033932465337045546 -0.033932522659546112
leaf_weight=1.3843481652438736 0.80114921182394283 5.4961206018924695 6.8680896311998367 0.76424787938594752 0.78348529338836703 0.90752237290143989 0.9570356160402288 0.7984216697514056 0.87574179470538993 0.61874515376985062 0.74247959628701021 0.60493043437600125 0.68581670708954323 0.56253202259540536 0.66029884666204441 0.86512636393308362 0.60301132500171661 0.54963614791631676 0.59834476374089718 0.8098755721002816 0.82965445145964611 0.55148547515273083 0.5538321491330862 0.82268822938203889 0.63893736153841008 1.1191585659980772 13.598549369722603 0.74263976886868477 0.67126298695802677 3.4525292031466961
leaf_count=33 12 20 25 27 20 33 26 19 19 18 20 21 20 21 20 21 21 20 20 28 26 20 20 20 20 35 330 27 21 108
internal_value=0.000469256 0.0221925 0.00463533 -0.0320072 -0.0249725 -0.0340028 -0.0339805 -0.034033 0.0345643 -0.0339884 -0.0339482 -0.0339387 -0.0339691 -0.0339973 -0.0339298 0.0345556 -0.0339409 -0.0339462 -0.0339581 -0.0339496 -0.0339343 -0.0339424 -0.0339459 0.0345535 -0.0339324 -0.0339325 0.0345536 -0.0339323 -0.0339325 -0.0339325
internal_weight=49.9177 29.9107 12.3642 20.007 4.38278 3.58163 15.6243 5.94797 17.5465 5.14955 9.67629 8.71925 4.5308 1.85136 7.97677 16.6707 1.16554 2.79814 1.50587 2.67944 7.37184 1.86957 1.31808 15.2864 6.71154 5.88189 14.4637 1.29228 5.24295 4.12379
internal_count=1091 468 45 623 132 120 491 194 423 175 297 271 157 62 251 404 42 100 53 95 230 67 47 371 210 184 351 47 164 129
is_linear=0
shrinkage=0.05


Tree=142
num_leaves=31
num_cat=0
split_feature=3 1 2 1 3 3 1 1 3 2 1 0 7 1 2 4 0 0 1 1 3 7 0 1 0 2 1 7 7 3
split_gain=5.68984 8.3138 2.94232 1.39072 0.443906 0.0585557 0.437264 0.00892538 8.32381e-05 2.79283e-05 2.73231e-05 9.02133e-06 1.83304e-05 5.20628e-06 3.49423e-06 3.36992e-06 1.56745e-06 5.1137e-06 5.30512e-07 7.96873e-07 4.94124e-07 1.67667e-07 1.14988e-07 1.57527e-09 2.28106e-10 2.2364e-10 3.10854e-11 4.05795e-11 1.98042e-11 1.52056e-12
threshold=0.11277836960585665 350.50000000000006 9789.0000000000018 414.00000000000006 0.097883536714568689 0.0099647634353574616 1003.0000000000001 480.50000000000006 0.085523332883546924 8214.5000000000018 1005.5000000000001 54.414500000000004 18.628095000000005 330.00000000000006 3734.5000000000005 1.0000000180025095e-35 58.102235 48.52150000000001 673.00000000000011 762.50000000000011 0.14244935990179933 8.6052100000000014 57.498500000000007 290.00000000000006 68.52676000000001 5500.5000000000009 702.50000000000011 27.433625000000003 9.5425000000000022 0.16689594824667678
decision_type=2 2 2 2 2 2 2 2 2 2 2 2 2 2 2 2 2 2 2 2 2 2 2 2 2 2 2 2 2 2
left_child=1 13 3 -3 5 6 -5 -7 9 11 -8 18 -13 21 -2 -16 17 -12 -9 -20 -17 -1 -22 28 -18 -24 -27 -28 -23 -29
right_child=14 2 -4 4 -6 7 10 8 -10 -11 16 12 -14 -15 15 20 24 -19 19 -21 22 23 25 -25 -26 26 27 29 -30 -31
leaf_value=-0.033957252945046479 -0.034052869831428377 0.0086470177134767203 -0.042267521449748255 0.0016751673534576709 0.0027829773882556406 0.038550588631421155 0.034836385496130759 0.034557821830389239 0.035110556439992328 0.034861762416082201 0.034553367982393973 0.034833126780775547 0.034584880121241779 -0.034114531834734868 -0.034033427011257139 -0.033888089259642311 0.034552598727297656 0.034687800123504406 0.034623199181449051 0.034564728226089442 -0.033953390053041231 -0.033932176209482239 -0.033931537479304857 -0.033929344531240649 0.034553557459594035 -0.033932851429849371 -0.033932108722364948 -0.033932603084176227 -0.033932521951746827 -0.033932521807763169
leaf_weight=0.73871264792978397 0.760539710521697 10.113126486539842 1.7765761911869038 1.1813957020640433 1.2896042466163624 1.7898671999573696 1.3062296509742735 1.9501248374581317 1.1830403171479691 1.4832791984081266 1.7824651598930361 1.2861546017229559 1.7628092840313909 0.42125409096479494 0.89064699038862993 0.62210911139845837 1.0796472989022734 1.1728904545307157 1.1341763548552992 1.1984135247766969 0.72593794018030156 0.44035762548446644 0.63833888992667187 0.41744333319365967 1.4585899226367471 0.6396934539079665 0.63892547041177739 0.67141210287809361 6.9657298121601343 4.0279455482959747
leaf_count=34 20 37 8 12 5 23 20 36 16 23 33 20 32 16 24 21 20 20 20 22 22 21 20 20 27 20 20 21 332 126
internal_value=0.000739757 0.00869459 0.0203199 0.0238869 0.0312056 0.0330598 0.0297527 0.0352989 0.0347167 0.0346639 0.0346308 0.0346239 0.0346896 -0.0339429 -0.03395 -0.0339412 0.034582 0.0346067 0.0345771 0.0345932 -0.0339309 -0.0339345 -0.0339345 -0.0339323 0.0345531 -0.0339324 -0.0339325 -0.0339325 -0.0339325 -0.0339325
internal_weight=51.5474 41.9319 32.9484 31.1718 21.0587 19.7691 7.98122 11.7879 9.998 8.81496 6.79982 7.33168 3.04896 8.9835 9.61555 8.85501 5.49359 2.95536 4.28271 2.33259 7.96436 8.56224 7.34225 7.82353 2.53824 6.61632 5.97798 5.33828 7.40609 4.69936
internal_count=1091 797 374 366 329 324 132 192 169 153 120 130 52 423 294 274 100 53 78 42 250 407 229 373 47 207 187 167 353 147
is_linear=0
shrinkage=0.05


Tree=143
num_leaves=31
num_cat=0
split_feature=3 4 3 1 1 7 3 2 14 0 7 7 1 1 2 1 4 3 1 1 0 4 7 0 7 1 2 2 1 0
split_gain=18.4265 0.296534 0.0128719 0.000141735 0.000685325 6.85104e-05 3.25838e-05 1.8522e-05 6.25418e-06 1.81529e-06 8.12966e-06 9.49408e-07 1.96851e-07 5.08323e-07 1.17496e-07 5.48528e-08 5.22062e-08 4.35828e-08 1.51589e-08 4.39268e-08 1.04054e-09 3.44966e-10 1.22976e-10 7.30419e-11 5.82676e-11 1.80842e-11 1.08624e-12 1.40332e-13 1.16573e-13 1.03473e-13
threshold=0.09969184575573993 1.0000000180025095e-35 0.13824253337460482 350.50000000000006 417.50000000000006 15.085500000000005 0.086986916393657035 4329.5000000000009 639.50000000000011 53.004760000000012 17.413240000000002 23.381000000000004 1004.5000000000001 690.50000000000011 6940.0000000000009 321.50000000000006 12.500000000000002 0.15212389730596518 670.00000000000011 1004.5000000000001 46.36086000000001 21.500000000000004 26.832500000000007 69.836110000000005 8.6052100000000014 731.50000000000011 6772.5000000000009 2794.0000000000005 282.50000000000006 49.885500000000008
decision_type=2 2 2 2 2 2 2 2 2 2 2 2 2 2 2 2 2 2 2 2 2 2 2 2 2 2 2 2 2 2
left_child=3 -2 -3 15 5 -5 8 -4 9 14 -11 -9 13 -12 16 24 18 -13 -6 -20 -21 22 -19 -14 -1 -24 -27 29 -29 -26
right_child=1 2 7 4 6 -7 -8 11 -10 10 12 17 23 -15 -16 -17 -18 21 19 20 -22 -23 25 -25 27 26 -28 28 -30 -31
leaf_value=-0.033932039320614067 0.015670357998878805 0.038887790063212198 0.034745410693702787 -0.03516940373846375 -0.033928131855944794 -0.034647654794083126 -0.034312373924681776 0.034597509225443607 -0.034130398751943652 -0.03409907088372275 -0.033921710731623825 0.034543752478183837 -0.033931668642944099 -0.033979401227549742 -0.033962430944273238 -0.03394996373196122 -0.033950454493670706 0.034554153900919836 -0.033948193521915269 -0.03393134641602754 -0.033934044544357396 0.034552907689209482 0.034553449723502987 -0.033932376874232055 -0.033932491899106923 0.034553696879254213 0.034553646065415992 -0.033932522881625307 -0.033932550950038755 -0.033932515718819521
leaf_weight=0.69183718599379052 2.2217915281653431 1.9409539960324789 1.4289916120469559 1.3620201908051961 0.62803568132221244 1.1693551428616045 0.78905889019370157 1.295990403741597 0.61924070678651411 1.1942158900201318 0.61796439066529296 1.2458615824580181 0.74167197756469228 0.99925835616886616 0.57502545416355122 0.47381897084415037 0.67689979635179032 1.2562087923288334 0.61875389143824611 0.93346392177045323 0.57896671816706657 1.6315073631703843 1.2555386796593646 0.71501796506345272 0.50352152623236168 1.2557753100991247 6.4669921174645424 2.2869425211101775 0.4406235460191964 4.4899073801934719
leaf_count=33 26 22 20 20 23 25 19 20 18 35 23 20 27 34 20 22 24 20 22 34 21 26 20 26 24 20 103 109 21 214
internal_value=-0.00149754 0.0328924 0.0350447 -0.0340853 -0.0341958 -0.0349284 -0.0340044 0.0345737 -0.0339771 -0.0339657 -0.0339884 0.0345567 -0.0339453 -0.0339574 -0.0339415 -0.0339334 -0.033938 0.0345526 -0.033935 -0.033937 -0.0339324 0.0345536 0.0345537 -0.033932 -0.0339325 0.0345536 0.0345537 -0.0339325 -0.0339325 -0.0339325
internal_weight=41.1052 19.9996 17.7778 21.1056 12.2189 2.53138 9.68757 15.8369 8.89851 8.27927 4.26813 14.4079 3.07391 1.61722 4.01115 8.88665 3.43612 13.1119 2.75922 2.13118 1.51243 11.866 10.2345 1.45669 8.41283 8.97831 7.72277 7.72099 2.72757 4.99343
internal_count=1091 297 271 794 371 45 326 249 307 289 145 229 110 57 144 423 124 209 100 77 55 189 163 53 401 143 123 368 130 238
is_linear=0
shrinkage=0.05


Tree=144
num_leaves=31
num_cat=0
split_feature=1 1 0 3 1 1 3 3 1 14 4 2 0 8 3 7 5 0 0 0 7 0 1 7 2 7 0 3 10 1
split_gain=13.0344 2.53128 1.74992 0.116206 0.619455 1.33806e-05 9.35893e-06 2.86747e-05 8.23834e-06 7.75021e-06 3.38855e-06 2.41617e-06 7.5022e-07 2.27436e-06 6.65584e-07 2.62741e-07 1.85803e-07 1.52306e-07 4.95398e-07 1.40794e-07 8.9343e-08 3.06741e-08 1.33961e-09 2.87919e-10 3.65943e-11 3.39657e-11 2.86646e-11 8.30003e-12 6.00409e-13 1.48326e-13
threshold=417.50000000000006 350.50000000000006 52.835000000000008 0.0099647634353574616 1003.0000000000001 1005.5000000000001 0.09969184575573993 0.089017473838194208 326.50000000000006 739.50000000000011 1.0000000180025095e-35 3965.0000000000005 55.130000000000003 0.45550000000000074 0.14131452864802432 8.6052100000000014 1.0000000180025095e-35 58.102235 48.52150000000001 51.502335000000009 23.381000000000004 49.700500000000012 288.50000000000006 26.746000000000002 5736.5000000000009 9.5425000000000022 68.52676000000001 0.17243108127731724 608.50000000000011 8.5000000000000018
decision_type=2 2 2 2 2 2 2 2 2 2 2 2 2 2 2 2 2 2 2 2 2 2 2 2 2 2 2 2 2 2
left_child=1 8 -3 4 -2 -6 7 9 15 12 -8 -12 16 -14 -13 -1 19 18 -7 -5 -16 -18 25 -22 -25 -17 -19 -26 -29 -27
right_child=3 2 -4 6 5 17 10 -9 -10 -11 11 14 13 -15 20 22 21 26 -20 -21 23 -23 -24 24 27 29 -28 28 -30 -31
leaf_value=0.034496213804276525 0.014712742307707069 -0.016618781588727365 0.021357737325439274 -0.03391279946498664 -0.034147730867726177 -0.033893388533727115 -0.034000734996837076 -0.034302512161239467 0.034637082147362934 -0.034122733800602156 -0.033988332442398531 -0.033838722268578779 -0.034028922723291541 -0.033904523382329028 -0.03391329170239437 0.03447253101194863 -0.033906702988644059 -0.03389299128652206 -0.033953926298578671 -0.03394395731603022 -0.033892479189484258 -0.033890903825775344 0.034470703176169015 -0.033893137973964198 -0.033893676756510546 0.034472868618742145 -0.033893483335840704 -0.033893473458177052 -0.033893526841864814 0.03447285736672482
leaf_weight=1.2988533191382927 0.81182762980461376 5.4567589014768583 6.8303776383399963 1.0363735463470209 0.734554544091225 0.85041292011737846 0.91345271468162437 0.65487971901893605 0.82193629816174585 0.57593226060271252 0.69545231014489939 0.56506024859845627 0.62654307298362233 0.88839873299002647 0.618783339858055 0.81165023148059567 0.55255874618887901 0.51504754088819005 0.56079145520925522 0.55766354128718387 0.77743100747466076 0.69190935231745243 0.77183108031749803 0.5987182743847369 1.0487362090498207 8.1960685923695547 0.6959063708782196 0.62902129627764258 3.235266525298357 4.5619228072464457
leaf_count=33 12 20 25 39 20 33 26 16 19 17 20 21 20 34 20 21 21 20 20 20 26 27 20 20 35 212 27 21 108 118
internal_value=0.000484065 0.0216652 0.00449224 -0.0318469 -0.0244802 -0.0339591 -0.0339407 -0.0339917 0.0344828 -0.0339504 -0.0339094 -0.0338992 -0.0339276 -0.033956 -0.0338909 0.0344747 -0.0339124 -0.0339063 -0.0339174 -0.0339237 -0.0338952 -0.0338979 0.0344727 -0.0338934 -0.0338935 0.0344728 -0.0338933 -0.0338936 -0.0338935 0.0344729
internal_weight=47.5841 28.7494 12.2871 18.8347 4.16854 3.35671 14.6662 5.58426 16.4623 4.92938 9.08192 8.16847 4.35345 1.51494 7.47302 15.6403 2.83851 2.62216 1.4112 1.59404 6.90796 1.24447 14.3415 6.28917 5.51174 13.5696 1.21095 4.91302 3.86429 12.758
internal_count=1091 468 45 623 132 120 491 194 423 178 297 271 161 54 251 404 107 100 53 59 230 48 371 210 184 351 47 164 129 330
is_linear=0
shrinkage=0.05


Tree=145
num_leaves=31
num_cat=0
split_feature=3 1 14 1 3 3 1 1 3 2 1 0 7 1 4 2 0 0 1 1 3 7 7 1 7 0 2 7 3 10
split_gain=5.31547 7.68032 3.14665 1.37366 0.356971 0.0607455 0.432223 0.00864158 6.78175e-05 2.28101e-05 2.22552e-05 7.36197e-06 1.49451e-05 4.25864e-06 3.5418e-06 2.83289e-06 1.27962e-06 4.17365e-06 4.32947e-07 6.50373e-07 4.30128e-07 1.37041e-07 8.90243e-08 1.2974e-09 2.77192e-10 1.86823e-10 3.17706e-11 1.62128e-11 6.46194e-12 4.58966e-13
threshold=0.11277836960585665 350.50000000000006 1796.0000000000002 414.00000000000006 0.097883536714568689 0.0099647634353574616 1003.0000000000001 480.50000000000006 0.085523332883546924 8214.5000000000018 1005.5000000000001 54.414500000000004 18.628095000000005 330.00000000000006 1.0000000180025095e-35 3965.0000000000005 58.102235 48.52150000000001 673.00000000000011 762.50000000000011 0.14244935990179933 8.6052100000000014 23.381000000000004 290.00000000000006 26.746000000000002 68.52676000000001 5736.5000000000009 9.5425000000000022 0.17243108127731724 608.50000000000011
decision_type=2 2 2 2 2 2 2 2 2 2 2 2 2 2 2 2 2 2 2 2 2 2 2 2 2 2 2 2 2 2
left_child=1 13 3 -3 5 6 -5 -7 9 11 -8 18 -13 21 -2 -16 17 -12 -9 -20 -17 -1 -22 27 -24 -18 -26 -23 -28 -30
right_child=14 2 -4 4 -6 7 10 8 -10 -11 16 12 -14 -15 15 20 25 -19 19 -21 22 23 24 -25 26 -27 28 -29 29 -31
leaf_value=-0.033916622586827365 -0.034005734556581936 0.008393968733912377 -0.048185140498424144 0.0015880228802497487 0.0068012807099204504 0.038498824186249045 0.034736285973136737 0.034476745392466777 0.034991709843614681 0.034760242296551967 0.034472611257276048 0.034733377033021852 0.034502003243229364 -0.034063544573927358 -0.033996624449518377 -0.033850367310766807 0.034471892894747516 0.034597985640356425 0.034537717590389386 0.034483184239925101 -0.033913263368692798 -0.033893203395160901 -0.033892494962387318 -0.033890547735100217 -0.033893160512936379 0.034472788670076651 -0.033893660604405754 -0.033893526557390023 -0.033893478290056178 -0.033893524958474711
leaf_weight=0.69225464761256805 0.89148899912834068 10.071844205260282 1.6146904379129399 1.1786181852221549 1.4136178940534581 1.7005063816905011 1.2262579575181005 1.8295734860002975 1.1112569496035565 1.3925625421106813 1.6722854524850848 1.2074345797300341 1.6539647467434404 0.39490364491939622 0.70385799556970408 0.58103570528328408 1.0129095576703551 1.1007291972637174 1.0642458982765677 1.1243515647947786 0.61875420622527588 0.41264625824987877 0.77745254896581162 0.39116367325186718 0.59874185919761647 1.368430897593498 0.98878163658082474 6.5273860767483711 0.62902667745947871 3.2352578956633806
leaf_count=34 25 37 7 12 6 23 20 36 16 23 33 20 32 16 20 21 20 20 20 22 20 21 26 20 20 27 33 332 21 108
internal_value=0.000763876 0.00855542 0.0198155 0.0234599 0.0310255 0.0328623 0.0294063 0.0352193 0.034625 0.0345757 0.0345448 0.0345383 0.0345996 -0.0339032 -0.0339111 -0.0339008 0.0344993 0.0345224 0.0344947 0.0345097 -0.0338917 -0.0338954 -0.0338952 -0.0338933 -0.0338934 0.0344724 -0.0338935 -0.0338935 -0.0338935 -0.0338935
internal_weight=49.186 40.1616 31.7433 30.1286 20.0567 18.6431 7.55923 11.0839 9.38339 8.27213 6.38061 6.87957 2.8614 8.41835 9.0244 8.13291 5.15436 2.77301 4.01817 2.1886 7.42905 8.02345 6.84801 7.3312 6.22926 2.38134 5.45181 6.94003 4.85307 3.86428
internal_count=1091 797 374 367 330 324 132 192 169 153 120 130 52 423 294 269 100 53 78 42 249 407 228 373 208 47 182 353 162 129
is_linear=0
shrinkage=0.05


Tree=146
num_leaves=31
num_cat=0
split_feature=3 4 3 1 1 7 3 2 14 0 7 7 1 1 2 4 1 3 1 1 0 4 7 0 7 1 2 2 1 0
split_gain=17.2261 0.308529 0.0121692 0.000133857 0.000639895 6.88966e-05 3.05475e-05 1.51013e-05 8.38834e-06 1.56692e-06 6.93239e-06 7.74151e-07 1.92114e-07 5.36831e-07 9.85021e-08 6.1031e-08 4.5197e-08 3.54825e-08 1.57395e-08 4.32803e-08 8.23537e-10 2.81172e-10 1.00632e-10 5.65099e-11 4.50391e-11 1.47287e-11 9.05054e-13 1.30562e-13 9.74776e-14 8.26006e-14
threshold=0.09969184575573993 1.0000000180025095e-35 0.13824253337460482 350.50000000000006 417.50000000000006 15.085500000000005 0.089017473838194208 4329.5000000000009 739.50000000000011 53.004760000000012 17.413240000000002 23.381000000000004 1004.5000000000001 690.50000000000011 6940.0000000000009 12.500000000000002 321.50000000000006 0.15212389730596518 670.00000000000011 1004.5000000000001 46.36086000000001 21.500000000000004 26.832500000000007 69.836110000000005 8.6052100000000014 731.50000000000011 6772.5000000000009 2794.0000000000005 282.50000000000006 49.885500000000008
decision_type=2 2 2 2 2 2 2 2 2 2 2 2 2 2 2 2 2 2 2 2 2 2 2 2 2 2 2 2 2 2
left_child=3 -2 -3 16 5 -5 8 -4 9 14 -11 -9 13 -12 15 18 24 -13 -6 -20 -21 22 -19 -14 -1 -24 -27 29 -29 -26
right_child=1 2 7 4 6 -7 -8 11 -10 10 12 17 23 -15 -16 -17 -18 21 19 20 -22 -23 25 -25 27 26 -28 28 -30 -31
leaf_value=-0.033893087040756692 0.014801881798532654 0.038792652561489997 0.034651601437982696 -0.035119975937484824 -0.033888801849431098 -0.034586812115594334 -0.034295199380067164 0.034513760057253977 -0.034123294641006184 -0.034052949697088712 -0.033881956350194468 0.034463652569719623 -0.033892749553541601 -0.033942381850998231 -0.033922099611966954 -0.03391273319475701 -0.033909880998167302 0.034473343215859951 -0.033909604629825639 -0.033892449372832922 -0.033894929013068828 0.034472180792633693 0.034472685957798774 -0.033893393071323746 -0.033893497209844331 0.034472916698767266 0.034472868800696534 -0.033893526851979362 -0.033893553411565587 -0.033893519326252466
leaf_weight=0.64831332303583789 2.1396391168236759 1.8492310233414198 1.341260541230439 1.3249500393867486 0.5878463480621553 1.1165295131504533 0.64874195307493288 1.2160064466297615 0.57641701400279988 1.1236642282456157 0.60268254019320033 1.1688297912478436 0.69502335414290406 0.94220454432070255 0.5664460752159356 0.68973395600914944 0.4440591912716626 1.1785619445145119 0.58081119880080212 0.87475371174514271 0.54251576960086823 1.5306567288935173 1.1779303625226001 0.67002770118415356 0.47183544375002373 1.1781533844768999 6.0672524347901344 2.143028406426311 0.41289620287716378 4.2073637694120407
leaf_count=33 26 22 20 20 23 25 16 20 17 35 24 20 27 34 21 26 22 20 22 34 21 26 20 26 24 20 103 109 21 214
internal_value=-0.00156534 0.0326783 0.0349676 -0.0340471 -0.0341574 -0.0348762 -0.0339646 0.0344916 -0.0339392 -0.0339257 -0.0339475 0.0344757 -0.0339067 -0.0339188 -0.0339028 -0.0338995 -0.0338944 0.0344719 -0.033896 -0.0338981 -0.0338934 0.0344728 0.0344729 -0.0338931 -0.0338935 0.0344728 0.0344729 -0.0338935 -0.0338935 -0.0338935
internal_weight=38.7174 18.8475 16.7079 19.8698 11.5423 2.44148 9.10087 14.8587 8.45213 7.87571 4.0336 13.5174 2.90994 1.54489 3.84211 3.27566 8.3275 12.3014 2.58593 1.99808 1.41727 11.1326 9.6019 1.36505 7.88344 8.42334 7.24541 7.23512 2.55592 4.6792
internal_count=1091 297 271 794 371 45 326 249 310 293 146 229 111 58 147 126 423 209 100 77 55 189 163 53 401 143 123 368 130 238
is_linear=0
shrinkage=0.05


Tree=147
num_leaves=31
num_cat=0
split_feature=1 1 2 3 1 1 3 3 14 1 4 2 0 8 3 7 5 0 0 0 7 0 1 7 2 7 0 3 10 1
split_gain=12.0516 2.46686 1.66894 0.121419 0.6003 1.09279e-05 7.97616e-06 2.51319e-05 7.27519e-06 6.72192e-06 3.60897e-06 1.96213e-06 6.17754e-07 1.86353e-06 5.76126e-07 2.14322e-07 1.55022e-07 1.24813e-07 4.05922e-07 1.1464e-07 7.31312e-08 2.53901e-08 1.09398e-09 2.39175e-10 3.13944e-11 2.74945e-11 2.33751e-11 6.93801e-12 5.03153e-13 1.08358e-13
threshold=417.50000000000006 350.50000000000006 6037.0000000000009 0.0099647634353574616 1003.0000000000001 1005.5000000000001 0.09969184575573993 0.089017473838194208 739.50000000000011 326.50000000000006 1.0000000180025095e-35 3965.0000000000005 55.130000000000003 0.45550000000000074 0.14131452864802432 8.6052100000000014 1.0000000180025095e-35 58.102235 48.52150000000001 51.502335000000009 23.381000000000004 49.700500000000012 288.50000000000006 26.746000000000002 5736.5000000000009 9.5425000000000022 68.52676000000001 0.17243108127731724 608.50000000000011 8.5000000000000018
decision_type=2 2 2 2 2 2 2 2 2 2 2 2 2 2 2 2 2 2 2 2 2 2 2 2 2 2 2 2 2 2
left_child=1 9 -3 4 -2 -6 7 8 12 15 -8 -12 16 -14 -13 -1 19 18 -7 -5 -16 -18 25 -22 -25 -17 -19 -26 -29 -27
right_child=3 2 -4 6 5 17 10 -9 -10 -11 11 14 13 -15 20 22 21 26 -20 -21 23 -23 -24 24 27 29 -28 28 -30 -31
leaf_value=0.034419335920888458 0.01406569907294824 -0.017417796716446585 0.020045990301971881 -0.033874943888866214 -0.03409439573291189 -0.033856960070609669 -0.033969580936036359 -0.03425101628703954 -0.034083355259193621 0.034550694534914113 -0.03394525346382956 -0.033804287648205526 -0.033983499496729484 -0.033867165638221453 -0.033875561662459919 0.034397252584312907 -0.033869029884803024 -0.033856589250661893 -0.033913569125987718 -0.033903992573670043 -0.033856103050806878 -0.033854174893832044 0.034395545795377049 -0.033856717712745725 -0.03385723172426601 0.034397566018800584 -0.033857048288479255 -0.033857039658142539 -0.033857090132964299 0.03439755606458797
leaf_weight=1.2184052579104907 0.82216309756040873 5.120771646499632 7.0868537127971649 0.97086881287395865 0.68858217447996173 0.79681113176047824 0.87243307195603659 0.61822994425892819 0.54380591213703144 0.77127172052860338 0.65131809376180161 0.52772362902760495 0.58716550841927506 0.83205754868686199 0.57981316745281208 0.76133684068917951 0.5174338910728693 0.48258344456553437 0.52553228847682476 0.52239232137799263 0.72841684706509102 0.6477214302867651 0.72398234531283456 0.56097085773944844 0.98263858072459687 7.6880086213350278 0.65204334445297718 0.58937406912446055 3.0313479658216238 4.2791369967162609
leaf_count=33 12 19 26 39 20 33 26 16 17 19 20 21 20 34 20 21 21 20 20 20 26 27 20 20 35 212 27 21 108 118
internal_value=0.000494161 0.021128 0.00433094 -0.0316816 -0.0239754 -0.0339184 -0.0339031 -0.0339516 -0.0339116 0.0344068 -0.0338732 -0.0338622 -0.0338887 -0.0339153 -0.0338545 0.0343993 -0.0338744 -0.033869 -0.0338795 -0.0338851 -0.0338586 -0.0338608 0.0343974 -0.033857 -0.0338571 0.0343975 -0.0338569 -0.0338571 -0.0338571 0.0343976
internal_weight=45.3812 27.6498 12.2076 17.7314 3.96772 3.14555 13.7637 5.23968 4.62145 15.4421 8.52404 7.6516 4.07764 1.41922 7.00029 14.6709 2.65842 2.45697 1.32234 1.49326 6.47256 1.16516 13.4525 5.89275 5.16433 12.7285 1.13463 4.60336 3.62072 11.9671
internal_count=1091 468 45 623 132 120 491 194 178 423 297 271 161 54 251 404 107 100 53 59 230 48 371 210 184 351 47 164 129 330
is_linear=0
shrinkage=0.05


Tree=148
num_leaves=31
num_cat=0
split_feature=3 1 2 0 7 2 4 7 0 2 1 10 4 3 0 1 1 0 1 1 1 4 1 2 3 7 0 7 0 2
split_gain=4.96641 7.1069 2.50487 1.12119 2.18391 0.756534 2.13417 0.559498 0.895986 0.376816 0.177583 0.173802 0.215718 0.115413 0.287172 0.0647871 0.0097982 0.00201772 0.000114902 4.7675e-05 5.89175e-06 3.74843e-06 2.59083e-06 2.30112e-06 3.76779e-07 7.28657e-08 4.31007e-09 2.30375e-10 1.51539e-10 2.74838e-11
threshold=0.11277836960585665 364.00000000000006 9789.0000000000018 54.541000000000004 17.593500000000006 7402.0000000000009 16.500000000000004 8.8192800000000009 47.605210000000007 8324.5000000000018 401.50000000000006 411.50000000000006 8.5000000000000018 0.048164438999415644 52.090000000000011 513.50000000000011 354.00000000000006 50.052415000000003 1005.5000000000001 705.50000000000011 1005.5000000000001 1.0000000180025095e-35 321.50000000000006 3965.0000000000005 0.14244935990179933 23.381000000000004 45.572500000000005 26.746000000000002 68.52676000000001 5736.5000000000009
decision_type=2 2 2 2 2 2 2 2 2 2 2 2 2 2 2 2 2 2 2 2 2 2 2 2 2 2 2 2 2 2
left_child=1 7 3 9 -5 6 11 8 -1 10 -3 -6 -13 15 17 -12 22 -15 -14 -17 -21 -2 -9 -23 -25 -26 -22 -27 -20 -29
right_child=21 2 -4 4 5 -7 -8 16 -10 -11 13 12 18 14 -16 19 -18 -19 28 20 26 23 -24 24 25 27 -28 29 -30 -31
leaf_value=-0.034816977550057679 -0.033974322635833235 0.047857765195630397 -0.040601987800182857 -0.020876988840820922 0.047555390761871895 0.057920248586844407 -0.027929993146419391 -0.033857072717184834 0.045032560012717854 0.0088488219780049164 0.04606230033451271 0.0093777024636066617 0.034989724783891757 0.034451322730259776 0.0051529947462293831 0.034805404779296528 -0.0394023272106706 0.037348483957832468 0.034396657581796011 0.034521289065106285 0.034397339769431864 -0.033952988654411528 -0.033985521618861432 -0.033815238728133787 -0.033875534789057575 -0.033856117922537794 0.034401776829755433 -0.033856738201304852 0.03439749057747768 -0.033857109131554784
leaf_weight=0.81915909051894942 0.85141080617904474 2.6763718724250856 1.578491449356078 3.4062180519103995 1.6242531575262527 1.5325390547513951 1.8276781663298605 6.6684048883616924 0.61512459069490433 1.3743079304695118 1.5863778330385665 1.1145694851875303 1.2906653918325903 1.3295740485191352 1.1201225928962228 1.2633102759718893 0.90027393400669087 1.0966791100800035 0.95011905953288112 1.7713181488215921 1.2834327630698683 0.65919672697782505 0.41712710075080384 0.54262032359838475 0.57978585176169861 0.72843704000115383 0.95423868298530568 0.56099296733736981 1.283604100346565 4.5471813417971134
leaf_count=36 25 8 7 32 10 16 15 362 9 20 12 15 20 27 16 22 7 16 20 34 27 20 19 21 20 26 20 20 27 162
internal_value=0.000788078 0.00841676 0.0206494 0.0241671 0.0135302 0.0257087 0.0196073 -0.0293248 -0.00057172 0.0337546 0.0363712 0.0334793 0.0285508 0.0334166 0.0260934 0.0372032 -0.0344889 0.0357609 0.0346141 0.0345376 0.0344532 -0.0338748 -0.0338646 -0.0338637 -0.0338552 -0.0338586 0.0343992 -0.0338569 0.0343971 -0.0338571
internal_weight=46.9536 38.484 29.0639 27.4854 13.0296 9.62343 8.09089 9.42009 1.43428 14.4557 13.0814 6.26321 4.63896 10.4051 3.54638 6.85868 7.98581 2.42625 3.52439 5.2723 4.00899 8.46963 7.08553 7.61821 6.95902 6.4164 2.23767 5.83661 2.23372 5.10817
internal_count=1091 797 364 357 155 123 107 433 45 202 182 92 82 174 59 115 388 43 67 103 81 294 381 269 249 228 47 208 47 182
is_linear=0
shrinkage=0.05


Tree=149
num_leaves=31
num_cat=0
split_feature=3 4 3 1 1 7 3 2 14 0 7 7 1 2 2 4 1 3 1 1 0 4 7 7 7 1 2 2 1 0
split_gain=16.1063 0.31999 0.0116238 0.000125996 0.000599133 6.87666e-05 2.66605e-05 1.23161e-05 7.73806e-06 1.41247e-06 5.87583e-06 6.31365e-07 2.19296e-07 7.52584e-08 5.72475e-08 5.6011e-08 3.72234e-08 2.88889e-08 1.60462e-08 4.25675e-08 6.51079e-10 2.29424e-10 1.7897e-10 8.24372e-11 3.50453e-11 1.20073e-11 7.57616e-13 1.03029e-13 8.57092e-14 7.99361e-14
threshold=0.09969184575573993 1.0000000180025095e-35 0.13824253337460482 350.50000000000006 417.50000000000006 15.085500000000005 0.089017473838194208 4329.5000000000009 739.50000000000011 53.004760000000012 17.413240000000002 23.381000000000004 708.50000000000011 6940.0000000000009 3754.5000000000005 12.500000000000002 321.50000000000006 0.15212389730596518 670.00000000000011 1004.5000000000001 46.36086000000001 21.500000000000004 24.748500000000003 26.832500000000007 8.6052100000000014 731.50000000000011 6772.5000000000009 2794.0000000000005 282.50000000000006 49.885500000000008
decision_type=2 2 2 2 2 2 2 2 2 2 2 2 2 2 2 2 2 2 2 2 2 2 2 2 2 2 2 2 2 2
left_child=3 -2 -3 16 5 -5 8 -4 9 13 -11 -9 -12 15 22 18 24 -13 -6 -20 -21 23 -14 -19 -1 -25 -27 29 -29 -26
right_child=1 2 7 4 6 -7 -8 11 -10 10 12 17 14 -15 -16 -17 -18 21 19 20 -22 -23 -24 25 27 26 -28 28 -30 -31
leaf_value=-0.033856689431599467 0.01395040545660587 0.038723323368003909 0.034564195187871086 -0.035072799736802607 -0.033852091968319495 -0.034530077855188412 -0.034244298175088561 0.034435694172896984 -0.034083867114982985 -0.034009912160170547 -0.033892476075650615 0.034388979862384199 -0.033855739744605692 -0.033883483897522319 -0.033876241674091416 -0.033876157487015578 -0.03387242310178841 0.034398009592652233 -0.033873568382052209 -0.033856103108455063 -0.033858380838899395 0.034396924630273773 -0.033856929822570742 0.034397395739896863 -0.033857061174267476 0.034397611352802539 0.03439756610188955 -0.033857090051464561 -0.033857115786532423 -0.033857083546988458
leaf_weight=0.60746111348271625 2.0623604282736805 1.7636831589043129 1.258644327521323 1.2890538647770875 0.55016247928142492 1.066607531160116 0.61246817745268334 1.1407364755868901 0.54426084831356991 1.0572648011147978 0.83316534385085139 1.0963574983179558 0.48181689903140046 0.53048693388700474 0.49925579503178585 0.64711834490299214 0.41612012311816204 1.1055072583258132 0.54516670294105996 0.81964551471173741 0.50830564089119434 1.4357715882360924 0.9174867756664753 1.1049120239913461 0.4420955255627631 1.1051220409572122 5.6911539323627949 2.007953399792314 0.38687178678810585 3.9421736393123865
leaf_count=33 26 22 20 20 23 25 16 20 17 35 33 20 20 21 20 26 22 20 22 34 21 26 38 20 24 20 103 109 21 214
internal_value=-0.00162956 0.0324669 0.0348989 -0.0340113 -0.034121 -0.0348271 -0.0339265 0.034415 -0.0339019 -0.0338885 -0.0339098 0.0344002 -0.0338711 -0.0338661 -0.0338617 -0.0338631 -0.0338579 0.0343967 -0.0338596 -0.0338618 -0.033857 0.0343975 -0.0338565 0.0343976 -0.0338571 0.0343975 0.0343976 -0.0338571 -0.0338571 -0.0338571
internal_weight=36.4692 17.7642 15.7019 18.7049 10.9023 2.35566 8.5466 13.9382 7.93414 7.38988 3.78899 12.6796 2.73172 3.60089 1.89856 3.0704 7.80268 11.5388 2.42328 1.87312 1.32795 10.4425 1.3993 9.0067 7.38656 7.90119 6.79628 6.77909 2.39483 4.38427
internal_count=1091 297 271 794 371 45 326 249 310 293 146 229 111 147 78 126 423 209 100 77 55 189 58 163 401 143 123 368 130 238
is_linear=0
shrinkage=0.05


Tree=150
num_leaves=31
num_cat=0
split_feature=1 1 0 3 1 3 3 1 14 1 4 2 0 8 3 7 0 0 1 2 7 3 7 1 7 2 0 3 10 1
split_gain=11.2325 2.35056 1.55086 0.127497 0.597944 8.74941e-06 2.35688e-05 8.65073e-06 6.68112e-06 5.68197e-06 3.78174e-06 1.59328e-06 1.02945e-06 3.43741e-06 4.96888e-07 2.59032e-07 1.70943e-07 5.93947e-07 1.57175e-07 1.25263e-07 5.98582e-08 2.6227e-08 1.22279e-08 9.19425e-10 1.98472e-10 2.68394e-11 1.93157e-11 5.85998e-12 4.02567e-13 1.01252e-13
threshold=417.50000000000006 350.50000000000006 52.835000000000008 0.0099647634353574616 1003.0000000000001 0.09969184575573993 0.089017473838194208 1005.5000000000001 739.50000000000011 326.50000000000006 1.0000000180025095e-35 3965.0000000000005 54.414500000000004 0.31749999999999906 0.14131452864802432 8.8192800000000009 58.102235 48.804000000000009 673.00000000000011 7061.5000000000009 23.381000000000004 0.067487940812970951 11.787625 288.50000000000006 26.746000000000002 5736.5000000000009 68.52676000000001 0.17243108127731724 608.50000000000011 8.5000000000000018
decision_type=2 2 2 2 2 2 2 2 2 2 2 2 2 2 2 2 2 2 2 2 2 2 2 2 2 2 2 2 2 2
left_child=1 9 -3 4 -2 6 8 -6 12 15 -7 -12 19 -14 -13 -1 17 -9 -15 21 -16 22 -5 29 -22 -26 -18 -27 -29 -17
right_child=3 2 -4 5 7 10 -8 16 -10 -11 11 14 13 18 20 23 26 -19 -20 -21 24 -23 -24 -25 25 27 -28 28 -30 -31
leaf_value=0.034350275996351584 0.014480319462605112 -0.015700508175097116 0.020400163107449649 -0.033823776607232611 -0.03404459828925948 -0.033940261648122937 -0.034220352917564999 -0.033822878133843388 -0.034052182511763562 0.034473105560841273 -0.033905032992702575 -0.033772266545886401 -0.033987477072495526 -0.033813084159389876 -0.033840304964737798 0.034327351149333767 -0.033822572920662902 -0.033893793952830042 -0.033853156472005035 -0.033862404935335114 -0.033822112051468865 -0.033843938224615601 -0.033833780793086049 0.03432545526903296 -0.033822685543097829 -0.033823175881879448 -0.033823004029089283 -0.033822994582032057 -0.033823041234321109 0.03432734151839064
leaf_weight=1.3539395630359656 0.81534705311060252 5.3269423544406873 6.7379041463136673 0.47576465643942334 0.64539220929145846 0.83348305337130835 0.590811451897025 0.76906681619584583 0.520320439711213 0.72518398240208704 0.60990788415074337 0.49290458858013142 0.59351568669080712 0.44108949787914753 0.54324042238295067 7.5162733010947669 0.45211992040276505 0.47925009205937386 0.54960011504590511 0.48570923693478096 0.68242457322776306 0.47028700821101654 0.85320151224732399 0.6789744049310692 0.52555074915289868 0.92061345651745785 0.6108832098543644 0.55216995626688037 2.8399951420724392 4.2172403074800968
leaf_count=39 12 20 25 21 20 26 16 34 17 19 20 21 20 20 20 221 20 19 23 20 26 20 37 20 20 35 27 21 108 124
internal_value=0.000539404 0.0207638 0.00446078 -0.0315205 -0.0234289 -0.0338718 -0.0339239 -0.0338827 -0.033884 0.0343367 -0.0338395 -0.0338277 -0.0338613 -0.0338923 -0.0338205 0.0343295 -0.0338376 -0.0338501 -0.0338353 -0.0338399 -0.0338245 -0.0338338 -0.0338302 0.0343272 -0.0338229 -0.033823 -0.0338228 -0.0338231 -0.033823 0.0343273
internal_weight=43.3091 26.5565 12.0648 16.7526 3.77206 12.9806 4.9803 2.95671 4.38949 14.4916 8.00029 7.16681 3.86917 1.58421 6.5569 13.7664 2.31132 1.24832 0.99069 2.28496 6.06399 1.79925 1.32897 12.4125 5.52075 4.83833 1.063 4.31278 3.39217 11.7335
internal_count=1091 468 45 623 132 491 194 120 178 423 297 271 161 63 251 404 100 53 43 98 230 78 58 365 210 184 47 164 129 345
is_linear=0
shrinkage=0.05


Tree=151
num_leaves=31
num_cat=0
split_feature=3 1 14 1 3 3 1 1 3 2 1 0 7 4 1 2 0 0 0 3 1 7 7 0 1 7 0 2 3 10
split_gain=4.63803 6.55654 2.78938 1.35569 0.440609 0.0673699 0.433998 0.0073484 0.000162063 1.63743e-05 1.38129e-05 9.57871e-06 1.53713e-05 3.91716e-06 2.96897e-06 1.86916e-06 1.42667e-06 4.9695e-06 4.96284e-07 3.29156e-07 2.08046e-07 1.34633e-07 5.96439e-08 5.50112e-09 8.99945e-10 1.91104e-10 1.23584e-10 2.34803e-11 4.53526e-12 3.11973e-13
threshold=0.11277836960585665 350.50000000000006 1796.0000000000002 414.00000000000006 0.09969184575573993 0.0099647634353574616 1003.0000000000001 480.50000000000006 0.085523332883546924 8214.5000000000018 1005.5000000000001 54.414500000000004 18.628095000000005 1.0000000180025095e-35 330.00000000000006 3965.0000000000005 58.102235 48.804000000000009 51.864500000000007 0.14244935990179933 676.50000000000011 8.8192800000000009 23.381000000000004 46.193500000000007 290.00000000000006 26.746000000000002 68.52676000000001 5736.5000000000009 0.17243108127731724 608.50000000000011
decision_type=2 2 2 2 2 2 2 2 2 2 2 2 2 2 2 2 2 2 2 2 2 2 2 2 2 2 2 2 2 2
left_child=1 14 3 -3 5 6 -5 -7 9 11 -8 18 -13 -2 21 -15 17 -12 20 -17 -9 23 -21 -1 -23 -24 -18 -27 -29 -30
right_child=13 2 -4 4 -6 7 10 8 -10 -11 16 12 -14 15 -16 19 26 -19 -20 22 -22 24 25 -25 -26 27 -28 28 29 -31
leaf_value=-0.033841320889499538 -0.0339448820277393 0.0075815603332179586 -0.046148764042612686 0.00069280905725778474 -0.00053463918354350022 0.038186485992700296 0.034556165120671847 0.034323868609985354 0.035060644968577817 0.034600928795400998 0.03432704622186307 0.034615974170161788 0.034369713574632754 -0.033912249193760118 -0.033974706596468729 -0.033782515327312863 0.03432650350908828 0.03447326757163504 0.034380160781736856 -0.033840280401646744 0.03435211663391765 -0.033823040900977416 -0.033822126295559869 -0.033850069859567261 -0.033820408703462534 -0.033822705355221458 0.034327280284152266 -0.033823161555468939 -0.03382299908098757 -0.03382304016143841
leaf_weight=0.35623878613114257 0.81370984204113384 9.9238190203905159 1.5657368302345265 1.1502796486020148 1.0701432526111592 1.6293120868504036 1.0799587070941923 1.3328923322260369 1.2081138975918291 1.2489193826913831 1.5155913196504118 1.1104474887251856 1.4758451655507085 0.61729127541184414 0.34860549308359612 0.50669123604893673 0.89106509834528003 0.94237931445240963 0.93373052030801762 0.54321481473743904 1.2756163924932478 5.9887782502919436 0.6824434921145438 0.36249816045165062 0.34334461949765671 0.52557146735489357 1.203824784606695 0.86798293702304352 0.55217464640736613 2.8399874810129404
leaf_count=20 25 37 7 12 3 24 20 30 18 23 34 20 32 20 16 21 20 19 20 20 28 347 26 20 20 20 27 33 21 108
internal_value=0.000806764 0.0082591 0.0187962 0.022429 0.0305838 0.0325429 0.0286801 0.035108 0.0345238 0.0344359 0.0343954 0.0344023 0.0344754 -0.0338409 -0.0338323 -0.0338291 0.0343573 0.0343831 0.0343489 -0.0338212 0.0343377 -0.0338252 -0.0338245 -0.0338457 -0.0338229 -0.0338229 0.0343269 -0.033823 -0.0338231 -0.033823
internal_weight=44.9062 36.9571 29.5577 27.9919 18.0681 16.998 6.7831 10.2149 8.58557 7.37745 5.63282 6.12853 2.58629 7.94907 7.39947 7.13536 4.55286 2.45797 3.54224 6.51807 2.60851 7.05086 6.01137 0.718737 6.33212 5.46816 2.09489 4.78572 4.26015 3.39216
internal_count=1091 797 374 367 330 327 132 195 171 153 120 130 52 294 423 269 100 53 78 249 58 407 228 40 367 208 47 182 162 129
is_linear=0
shrinkage=0.05


Tree=152
num_leaves=31
num_cat=0
split_feature=3 4 3 1 1 7 3 2 14 0 7 7 1 4 2 1 1 1 3 0 1 4 7 0 7 1 2 1 1 2
split_gain=15.0865 0.32379 0.0107288 0.000117493 0.000527516 6.0162e-05 2.53195e-05 1.00473e-05 7.26695e-06 1.86268e-06 7.06388e-06 5.15053e-07 2.63213e-07 4.05694e-07 1.06589e-07 4.29194e-08 1.62888e-07 3.05148e-08 2.35317e-08 2.94741e-09 3.35769e-09 1.86914e-10 6.7649e-11 3.76303e-11 3.74798e-11 9.72422e-12 6.19949e-13 8.70415e-14 5.24025e-14 4.70957e-13
threshold=0.09969184575573993 1.0000000180025095e-35 0.13824253337460482 350.50000000000006 417.50000000000006 15.085500000000005 0.089017473838194208 4329.5000000000009 739.50000000000011 53.004760000000012 17.413240000000002 23.381000000000004 1004.5000000000001 11.500000000000002 6940.0000000000009 662.00000000000011 780.50000000000011 321.50000000000006 0.15212389730596518 43.625000000000007 1005.5000000000001 21.500000000000004 26.832500000000007 69.836110000000005 8.8192800000000009 731.50000000000011 6772.5000000000009 285.50000000000006 8.5000000000000018 3070.5000000000005
decision_type=2 2 2 2 2 2 2 2 2 2 2 2 2 2 2 2 2 2 2 2 2 2 2 2 2 2 2 2 2 2
left_child=3 -2 -3 17 5 -5 8 -4 9 14 -11 -9 13 -12 15 -6 -17 24 -13 -18 -21 22 -20 -14 -1 -24 -27 28 -26 -30
right_child=1 2 7 4 6 -7 -8 11 -10 10 12 18 23 -15 -16 16 19 -19 21 20 -22 -23 25 -25 27 26 -28 -29 29 -31
leaf_value=-0.033822644603289022 0.013345558374263719 0.038589930618854691 0.034482732126825968 -0.034997620384929207 -0.03381806830778393 -0.034478793469475147 -0.034213933958415564 0.034362910290102591 -0.034052675370808881 -0.033994643280836782 -0.033830799625973768 0.034319348859712738 -0.033822365803008798 -0.033885508948582978 -0.033853639841088683 -0.033857880741784911 -0.033822076687989207 -0.03383737620359388 0.034327765628916193 -0.033829401595984451 -0.033823790904490801 0.034326753035212647 0.034327192359926144 -0.033822926286748517 -0.033823039470061662 0.034327392898937915 0.034327350640268525 -0.033823061894333886 -0.033822976305274012 -0.033823040232423163
leaf_weight=0.67256106808781879 1.9909906052052999 1.6785533055663098 1.1808778047561634 1.2307970598340028 0.71656562946736713 1.0233021229505537 0.58528784289956082 1.0699315890669812 0.52076002210378636 1.0310825593769553 0.77615073882043384 1.028200265020131 0.61010887101292588 0.60143345221877098 0.50206089578568924 0.47989579290151629 0.60975497774779785 0.38986986875534047 1.0367992706596831 0.50381679460406281 0.56646644696593285 1.3465327359735955 1.0362385809421537 0.58816666528582573 3.8141694162040949 1.0364362671971319 5.3374344855546951 0.34518877044320095 0.34513016790151629 1.7431286275386808
leaf_count=39 26 22 20 20 32 25 16 20 17 35 34 20 27 24 21 20 27 22 20 22 25 26 20 26 221 20 103 20 20 101
internal_value=-0.00173238 0.0322722 0.0348268 -0.0339772 -0.0340856 -0.0347621 -0.0338972 0.0343436 -0.0338725 -0.0338591 -0.033884 0.0343298 -0.0338398 -0.0338547 -0.0338324 -0.0338287 -0.0338322 -0.0338238 0.0343265 -0.0338249 -0.0338264 0.0343273 0.0343274 -0.0338226 -0.033823 0.0343273 0.0343274 -0.033823 -0.033823 -0.033823
internal_weight=34.3977 16.742 14.751 17.6557 10.3456 2.2541 8.09155 13.0725 7.50626 6.9855 3.60694 11.8916 2.57586 1.37758 3.37856 2.8765 2.15993 7.31005 10.8216 1.68004 1.07028 9.79344 8.44691 1.19828 6.92018 7.41011 6.37387 6.24762 5.90243 2.08826
internal_count=1091 297 271 794 371 45 326 249 310 293 146 229 111 58 147 126 94 423 209 74 47 189 163 53 401 143 123 362 342 121
is_linear=0
shrinkage=0.05


Tree=153
num_leaves=31
num_cat=0
split_feature=1 3 1 1 3 1 1 3 3 1 14 4 1 2 0 8 3 9 0 0 1 2 7 3 7 7 7 2 0 1
split_gain=10.3782 2.3098 1.82891 0.153173 0.132893 0.578121 0.000360114 7.19104e-06 1.9122e-05 7.06655e-06 6.4245e-06 3.91873e-06 2.63898e-06 1.29397e-06 8.46526e-07 2.81546e-06 4.27798e-07 2.05022e-07 1.40114e-07 4.86774e-07 1.31243e-07 1.02003e-07 4.89943e-08 2.09681e-08 1.83851e-08 9.376e-09 1.64141e-10 2.28768e-11 1.57412e-11 1.44726e-11
threshold=417.50000000000006 0.022802445004745712 350.50000000000006 357.00000000000006 0.0099647634353574616 1003.0000000000001 270.50000000000006 0.09969184575573993 0.089017473838194208 1005.5000000000001 739.50000000000011 1.0000000180025095e-35 321.50000000000006 3965.0000000000005 54.414500000000004 0.31749999999999906 0.14131452864802432 4.5330000000000021 58.102235 48.804000000000009 673.00000000000011 7061.5000000000009 23.381000000000004 0.067487940812970951 8.8192800000000009 11.787625 26.746000000000002 5736.5000000000009 68.52676000000001 272.50000000000006
decision_type=2 2 2 2 2 2 2 2 2 2 2 2 2 2 2 2 2 2 2 2 2 2 2 2 2 2 2 2 2 2
left_child=1 3 12 6 5 -2 24 8 10 -7 14 -9 17 -13 21 -16 -15 -3 19 -11 -17 23 -18 25 -1 -6 -24 -28 -20 -19
right_child=4 2 -4 -5 7 9 -8 11 -10 18 -12 13 -14 16 15 20 22 29 28 -21 -22 -23 26 -25 -26 -27 27 -29 -30 -31
leaf_value=0.03426978628296045 0.013810026267674691 0.034292195921171546 -0.0051268973328018027 0.050216295155304846 -0.033791905704029686 -0.033998105233043814 0.035433875970908295 -0.033912757842189362 -0.034162791564082536 -0.033791069564576719 -0.034019468561558984 -0.03386748498105991 0.034376171120749359 -0.033742439359920919 -0.033944801700871989 -0.033781520575654762 -0.033807358290285965 0.034261864539559504 -0.03379078523151182 -0.03385739599871198 -0.033819363454632975 -0.033827718361215224 -0.033790349121188765 -0.033810411392295486 0.03426186080901264 -0.033800957614132529 -0.033790883156250513 -0.033791244158764042 -0.033791187327961679 0.034261602783578399
leaf_weight=0.80347390472889024 0.82614596933126394 0.68954178690910284 9.8678520470857602 1.8032634556293476 0.44568670354783424 0.6048452835530046 0.70781415514648038 0.79705576412379731 0.55381062813103188 0.72045124135911487 0.49152666330337513 0.57107063010334957 0.66729618981480587 0.46031710132956494 0.5561722721904514 0.41279506124556065 0.50892474874854077 2.1367128081619744 0.4235394001007079 0.44904272258281708 0.51489036716520786 0.45479308441281308 0.63927645049989212 0.4403032399713992 8.1960175745189172 0.79879883304238319 0.4923210572451352 4.0401567965745926 0.57226718403398991 0.70141994208097447
leaf_count=25 12 21 35 7 21 20 15 26 16 34 17 20 19 21 20 20 20 67 20 19 23 20 26 20 257 37 20 164 27 22
internal_value=0.000550984 0.0202246 0.00662975 0.0368339 -0.0313443 -0.0228992 0.034348 -0.0338382 -0.033887 -0.033847 -0.0338498 -0.0338079 0.034285 -0.0337955 -0.0338268 -0.0338559 -0.0337888 0.0342677 -0.0338048 -0.0338165 -0.0338025 -0.0338067 -0.0337926 -0.033801 0.0342626 -0.0337977 -0.0337911 -0.0337912 -0.033791 0.0342618
internal_weight=41.3476 25.5734 14.0628 11.5106 15.7742 3.59629 9.70731 12.1779 4.66878 2.77015 4.11497 7.50912 4.19497 6.71207 3.62344 1.48386 6.141 3.52767 2.1653 1.16949 0.927685 2.13958 5.68068 1.68479 8.99949 1.24449 5.17175 4.53248 0.995807 2.83813
internal_count=1091 468 164 304 623 132 297 491 194 120 178 297 129 271 161 63 251 110 100 53 43 98 230 78 282 58 210 184 47 89
is_linear=0
shrinkage=0.05


Tree=154
num_leaves=31
num_cat=0
split_feature=3 1 14 1 3 3 1 1 3 2 1 0 7 4 1 2 0 0 0 3 1 7 7 0 1 7 0 2 3 10
split_gain=4.33463 6.0576 2.63062 1.32494 0.403741 0.0698337 0.427816 0.00712555 0.000132783 1.33692e-05 1.12603e-05 7.8207e-06 1.25406e-05 4.03924e-06 2.42893e-06 1.51855e-06 1.16564e-06 4.05903e-06 4.04836e-07 2.86549e-07 1.69857e-07 1.10077e-07 4.88172e-08 4.50282e-09 7.4095e-10 1.58499e-10 1.00697e-10 2.00422e-11 3.83982e-12 2.5091e-13
threshold=0.11277836960585665 350.50000000000006 1796.0000000000002 414.00000000000006 0.09969184575573993 0.0099647634353574616 1003.0000000000001 480.50000000000006 0.085523332883546924 8214.5000000000018 1005.5000000000001 54.414500000000004 18.628095000000005 1.0000000180025095e-35 330.00000000000006 3965.0000000000005 58.102235 48.804000000000009 51.864500000000007 0.14244935990179933 676.50000000000011 8.8192800000000009 23.381000000000004 46.193500000000007 290.00000000000006 26.746000000000002 68.52676000000001 5736.5000000000009 0.17243108127731724 608.50000000000011
decision_type=2 2 2 2 2 2 2 2 2 2 2 2 2 2 2 2 2 2 2 2 2 2 2 2 2 2 2 2 2 2
left_child=1 14 3 -3 5 6 -5 -7 9 11 -8 18 -13 -2 21 -15 17 -12 20 -17 -9 23 -21 -1 -23 -24 -18 -27 -29 -30
right_child=13 2 -4 4 -6 7 10 8 -10 -11 16 12 -14 15 -16 19 26 -19 -20 22 -22 24 25 -25 -26 27 -28 28 29 -31
leaf_value=-0.033808296208878492 -0.033917132908605603 0.0073698181411009176 -0.04523921743592433 0.00066654752029679911 0.0004269724951273783 0.038149217591426365 0.034475204015183371 0.03425860814639433 0.034946706541643245 0.034517090637468793 0.03426158140995738 0.034531051107556644 0.034301396533648103 -0.033874219813790622 -0.033932931551306778 -0.033752051399786369 0.03426107440742631 0.034398036654560309 0.034311116363962536 -0.03380733488881231 0.034284966367898337 -0.033791221641820746 -0.033790361314088531 -0.033816474169920847 -0.033788753959996719 -0.033790901874332778 0.034261798497774831 -0.03379133695209955 -0.033791183310771529 -0.03379122138453531
leaf_weight=0.33372735977172752 0.77805447950959106 9.8824319243431145 1.5403119251132 1.1494817063212455 1.0562358200550068 1.5481349304318417 1.0131866596639154 1.2498230524361122 1.1347323432564733 1.1718074977397916 1.4211603254079821 1.0419596433639529 1.3840271048247812 0.5779888629913329 0.32667843997478474 0.47311818227171887 0.83554507791995991 0.88395963981747616 0.87564960867166508 0.50890075415372837 1.1962014771997926 5.6102076545357704 0.63929417356848706 0.33960175327956676 0.3216334506869315 0.49234047159552563 1.1288194544613359 0.81311762332916293 0.51726982556283507 2.660462561994791
leaf_count=20 25 37 7 12 3 24 20 30 18 23 34 20 32 20 16 21 20 19 20 20 28 347 26 20 20 20 27 33 21 108
internal_value=0.000830998 0.00812211 0.0183137 0.0219429 0.0303695 0.0323419 0.0283102 0.0350425 0.0344454 0.0343632 0.0343254 0.0343318 0.0344 -0.0338093 -0.0337998 -0.0337968 0.0342898 0.0343139 0.0342819 -0.0337894 0.0342715 -0.0337933 -0.0337926 -0.0338124 -0.0337911 -0.0337911 0.0342615 -0.0337912 -0.0337912 -0.0337912
internal_weight=42.9059 35.4453 28.5135 26.9732 17.0907 16.0345 6.43215 9.60234 8.0542 6.91947 5.28267 5.74766 2.42599 7.46055 6.93185 6.68249 4.26948 2.30512 3.32167 6.1045 2.44602 6.60517 5.63139 0.673329 5.93184 5.12248 1.96436 4.48319 3.99085 3.17773
internal_count=1091 797 374 367 330 327 132 195 171 153 120 130 52 294 423 269 100 53 78 249 58 407 228 40 367 208 47 182 162 129
is_linear=0
shrinkage=0.05


Tree=155
num_leaves=31
num_cat=0
split_feature=3 4 3 1 1 7 3 2 14 0 7 7 1 2 0 1 1 1 3 0 1 4 0 7 7 1 2 1 1 2
split_gain=14.0985 0.336293 0.0100122 0.00010976 0.000494145 5.96532e-05 2.04696e-05 8.19843e-06 6.86508e-06 1.65522e-06 5.97878e-06 4.2026e-07 2.68651e-07 8.22954e-08 7.26018e-08 4.10238e-08 1.59916e-07 2.51121e-08 1.91716e-08 2.38089e-09 2.80074e-09 1.52963e-10 1.01777e-10 5.51283e-11 2.90545e-11 8.04024e-12 5.12035e-13 6.92779e-14 4.35207e-14 3.94462e-13
threshold=0.09969184575573993 1.0000000180025095e-35 0.13824253337460482 350.50000000000006 417.50000000000006 15.085500000000005 0.089017473838194208 4329.5000000000009 739.50000000000011 53.004760000000012 17.413240000000002 23.381000000000004 713.50000000000011 6940.0000000000009 58.102235 662.00000000000011 780.50000000000011 321.50000000000006 0.15212389730596518 43.625000000000007 1005.5000000000001 21.500000000000004 64.832000000000008 26.832500000000007 8.8192800000000009 731.50000000000011 6772.5000000000009 285.50000000000006 8.5000000000000018 3070.5000000000005
decision_type=2 2 2 2 2 2 2 2 2 2 2 2 2 2 2 2 2 2 2 2 2 2 2 2 2 2 2 2 2 2
left_child=3 -2 -3 17 5 -5 8 -4 9 13 -11 -9 -12 15 -14 -6 -17 24 -13 -18 -21 23 -16 -20 -1 -25 -27 28 -26 -30
right_child=1 2 7 4 6 -7 -8 11 -10 10 12 18 14 -15 22 16 19 -19 21 20 -22 -23 -24 25 27 26 -28 -29 29 -31
leaf_value=-0.033790862276930921 0.012443400385194543 0.038483026550923796 0.034406788586820343 -0.034954123619006669 -0.033786172444716232 -0.034427724168241185 -0.034156848484796574 0.034295035142256909 -0.034019916751109401 -0.033955396556706083 -0.033832910895033076 0.034254406098948302 -0.033814401058462257 -0.033819561233828663 -0.033790121306006927 -0.033826677527086645 -0.033790339698114645 -0.033804659335902758 0.034262251810210781 -0.033797186000584165 -0.03379189166095279 0.034261306585296261 -0.033791083666627877 0.034261716422126831 -0.033791221605501125 0.034261904699205301 0.034261865060739742 -0.033791242086027386 -0.033791161830204419 -0.033791222279630599
leaf_weight=0.63005777634680526 1.9217799343168724 1.5995734743773926 1.1077067889273156 1.1971325911581501 0.67065523564815599 0.97778578102588642 0.54863966815173615 1.003351617604493 0.49193908274173725 0.97017570398747954 0.76735947839915786 0.96412380784749885 0.44360160827636708 0.47011278010904778 0.4229332525283096 0.45132581703364882 0.57122845947742451 0.36526400595903386 0.97220249101519396 0.47199689410626866 0.53062450885772705 1.2626341544091699 0.7840430960059166 0.9716745801270007 3.5730630122125149 0.97186056151986111 5.0048814080655575 0.3233685828745364 0.32331328466534603 1.6329396553337572
leaf_count=39 26 22 20 20 32 25 16 20 17 35 34 20 20 21 20 20 27 22 20 22 25 26 37 20 221 20 103 20 20 101
internal_value=-0.00180375 0.0320443 0.0347625 -0.0339454 -0.034053 -0.0347175 -0.0338627 0.0342771 -0.0338398 -0.0338263 -0.0338505 0.0342642 -0.0338085 -0.0338003 -0.0337971 -0.0337969 -0.0338004 -0.0337919 0.0342611 -0.0337929 -0.0337944 0.0342618 -0.0337907 0.0342619 -0.0337912 0.0342618 0.0342619 -0.0337912 -0.0337912 -0.0337912
internal_weight=32.3973 15.7798 13.858 16.6176 9.76955 2.17492 7.59464 12.2584 7.046 6.55406 3.38811 11.1507 2.41794 3.16594 1.65058 2.69583 2.02518 6.84801 10.1474 1.57385 1.00262 9.18325 1.20698 7.92062 6.48274 6.94842 5.97674 5.85268 5.52932 1.95625
internal_count=1091 297 271 794 371 45 326 249 310 293 146 229 111 147 77 126 94 423 209 74 47 189 57 163 401 143 123 362 342 121
is_linear=0
shrinkage=0.05


Tree=156
num_leaves=31
num_cat=0
split_feature=1 3 1 3 1 1 1 3 3 2 1 4 1 2 0 8 3 9 0 0 1 2 7 4 7 2 7 2 0 1
split_gain=9.58713 2.25195 1.72124 0.13837 0.558816 0.131805 0.000335271 5.93042e-06 1.54766e-05 6.55573e-06 5.77341e-06 4.02402e-06 2.1547e-06 1.05104e-06 6.88276e-07 2.30597e-06 3.67591e-07 1.67446e-07 1.14829e-07 3.98903e-07 1.09552e-07 9.11152e-08 4.01013e-08 1.69293e-08 1.49718e-08 6.12652e-09 1.36096e-10 1.94638e-11 1.28614e-11 1.17293e-11
threshold=417.50000000000006 0.022802445004745712 350.50000000000006 0.0099647634353574616 1003.0000000000001 357.00000000000006 270.50000000000006 0.09969184575573993 0.089017473838194208 8760.5000000000018 1005.5000000000001 1.0000000180025095e-35 321.50000000000006 3965.0000000000005 54.414500000000004 0.31749999999999906 0.14131452864802432 4.5330000000000021 58.102235 48.804000000000009 673.00000000000011 7061.5000000000009 23.381000000000004 14.500000000000002 8.8192800000000009 4773.5000000000009 26.746000000000002 5736.5000000000009 68.52676000000001 272.50000000000006
decision_type=2 2 2 2 2 2 2 2 2 2 2 2 2 2 2 2 2 2 2 2 2 2 2 2 2 2 2 2 2 2
left_child=1 5 12 4 -2 6 24 8 9 14 -6 -9 17 -13 21 -16 -15 -3 19 -12 -17 23 -18 25 -1 -5 -24 -28 -20 -19
right_child=3 2 -4 7 10 -7 -8 11 -10 -11 18 13 -14 16 15 20 22 29 28 -21 -22 -23 26 -25 -26 -27 27 -29 -30 -31
leaf_value=0.034208160156640965 0.013179057499894276 0.034229085509263728 -0.0049085276242396801 -0.033770387617003322 -0.033954690245247304 0.049242554877191314 0.035360856282751145 -0.033886981523222587 -0.034108963692774379 -0.033999223876369465 -0.033761341776411255 -0.033832428499192525 0.03430743838435401 -0.0337146621546335 -0.033904932491289848 -0.033752050468412717 -0.033776567550155873 0.034200776650394664 -0.033761077073281798 -0.033823375932993512 -0.033787783463919314 -0.03379599245244163 -0.033760663624810845 -0.033777679504222204 0.034200773833644768 -0.033762717413241834 -0.033761162132257494 -0.033761506189950108 -0.033761452611495532 0.034200533282268221
leaf_weight=0.75330671295523632 0.8365651667118067 0.64653165824711312 9.8427025526761991 0.54630417749285631 0.56678021140396628 1.7574148625135411 0.673277538269759 0.76279700733721245 0.51903579756617535 0.4424973502755164 0.6748491730540993 0.5346524454653262 0.62578605674207199 0.42984900157898653 0.52111439034342744 0.38628112897276878 0.4767331089824437 2.0032774973660712 0.39673053473234166 0.42069691978394985 0.48232805542647839 0.44779642485082138 0.59880410507321347 0.53380501829087723 7.6841853801161051 0.49735015258193016 0.46115210838615883 3.7844332996755838 0.53604482300579548 0.65761698223650444
leaf_count=25 12 21 35 27 20 7 15 26 16 16 34 20 19 21 20 20 20 67 20 19 23 21 26 26 257 25 20 164 27 22
internal_value=0.000563175 0.0196888 0.00626388 -0.0311623 -0.0223578 0.0367054 0.0342871 -0.0338069 -0.0338526 -0.0338181 -0.0338136 -0.0337785 0.0342224 -0.0337654 -0.0337947 -0.0338218 -0.0337591 0.0342063 -0.0337742 -0.0337852 -0.0337719 -0.0337761 -0.0337627 -0.0337704 0.0342014 -0.0337667 -0.0337614 -0.0337615 -0.0337613 0.0342007
internal_weight=39.5007 24.6441 13.7759 14.8566 3.43167 10.8682 9.11077 11.4249 4.37651 3.85748 2.5951 7.04842 3.93321 6.28562 3.41498 1.38972 5.75097 3.30743 2.02832 1.09555 0.868609 2.02526 5.32112 1.57746 8.43749 1.04365 4.84439 4.24559 0.932775 2.66089
internal_count=1091 468 164 623 132 304 297 491 194 178 120 297 129 271 162 63 251 110 100 53 43 99 230 78 282 52 210 184 47 89
is_linear=0
shrinkage=0.05


Tree=157
num_leaves=31
num_cat=0
split_feature=3 1 14 1 3 3 1 1 3 2 1 0 7 4 1 2 0 0 0 3 1 7 7 0 1 7 0 2 3 1
split_gain=4.04995 5.59359 2.45703 1.30188 0.369533 0.0720916 0.421551 0.00657759 0.000108793 1.09165e-05 9.18191e-06 6.38635e-06 1.02335e-05 4.1307e-06 1.98447e-06 1.23381e-06 9.52456e-07 3.31585e-06 3.30279e-07 2.48717e-07 1.38693e-07 8.99039e-08 3.99592e-08 3.68878e-09 6.50004e-10 1.30971e-10 8.24117e-11 1.71125e-11 3.21121e-12 9.26814e-13
threshold=0.11277836960585665 350.50000000000006 1796.0000000000002 414.00000000000006 0.09969184575573993 0.0099647634353574616 1003.0000000000001 480.50000000000006 0.085523332883546924 8214.5000000000018 1005.5000000000001 54.414500000000004 18.628095000000005 1.0000000180025095e-35 330.00000000000006 3965.0000000000005 58.102235 48.804000000000009 51.864500000000007 0.14244935990179933 676.50000000000011 8.8192800000000009 23.381000000000004 46.193500000000007 290.00000000000006 26.746000000000002 68.52676000000001 5736.5000000000009 0.17243108127731724 258.50000000000006
decision_type=2 2 2 2 2 2 2 2 2 2 2 2 2 2 2 2 2 2 2 2 2 2 2 2 2 2 2 2 2 2
left_child=1 14 3 -3 5 6 -5 -7 9 11 -8 18 -13 -2 21 -15 17 -12 20 -17 -9 23 -21 -1 29 -24 -18 -27 -29 -23
right_child=13 2 -4 4 -6 7 10 8 -10 -11 16 12 -14 15 -16 19 26 -19 -20 22 -22 24 25 -25 -26 27 -28 28 -30 -31
leaf_value=-0.033777412634578695 -0.033891132171295711 0.0070891989552723288 -0.044305833137303699 0.00064187751551997296 0.0013538497069446752 0.038028200859590779 0.034399731723964544 0.034197732359590137 0.034840448748025235 0.034438916181374693 0.034200514133319072 0.034451884369887879 0.034237671534138696 -0.033838713021045318 -0.03389381194066042 -0.033723682281002594 0.034200040561544763 0.034327875325051029 0.034246717662366019 -0.033776545867540635 0.034222330383752407 -0.033761484873405578 -0.03376067593452993 -0.033785060594059002 -0.033759090948892088 -0.033761178983786277 0.034200717082764225 -0.033761593412813193 -0.033761478360200922 -0.033761400444985573
leaf_weight=0.31259478535503049 0.74453757144510646 9.8551647663116508 1.5044286623597134 1.1487331241369254 1.0426555573940284 1.4695830196142177 0.95036575943231572 1.1717534437775619 1.0655321851372717 1.099236663430929 1.3324096240103247 0.97750182449817691 1.2977121025323866 0.5411339234560727 0.30604724213480938 0.44174437597393978 0.78336491435766209 0.82901620864868153 0.82104919850826252 0.47671062313020218 1.1215550601482389 4.9067768389359117 0.59882070869207371 0.31810804363340139 0.30121298879384983 0.46117029711604107 1.0583258122205732 0.7616528328508142 2.9765942357480526 0.3482538703829049
leaf_count=20 25 37 7 12 3 24 20 30 18 23 34 20 32 20 16 21 20 19 20 20 28 324 26 20 20 20 27 33 129 23
internal_value=0.000848453 0.00797573 0.017822 0.0214136 0.0301445 0.0321291 0.0279315 0.0349676 0.0343722 0.0342953 0.03426 0.034266 0.0343297 -0.0337798 -0.0337695 -0.0337666 0.0342269 0.0342494 0.0342195 -0.0337597 0.0342098 -0.0337634 -0.0337627 -0.0337813 -0.0337613 -0.0337614 0.0342004 -0.0337615 -0.0337615 -0.0337615
internal_weight=41.0237 34.0214 27.5284 26.024 16.1688 15.1261 6.10222 9.02392 7.55434 6.48881 4.95348 5.38957 2.27521 7.00236 6.49299 6.25783 4.00312 2.16143 3.11436 5.71669 2.29331 6.18695 5.27495 0.630703 5.55624 4.79824 1.84169 4.19942 3.73825 5.25503
internal_count=1091 797 374 367 330 327 132 195 171 153 120 130 52 294 423 269 100 53 78 249 58 407 228 40 367 208 47 182 162 347
is_linear=0
shrinkage=0.05


Tree=158
num_leaves=31
num_cat=0
split_feature=3 4 3 1 1 7 14 3 2 0 7 7 1 2 0 1 1 1 3 0 1 7 4 7 7 1 1 2 1 2
split_gain=13.1723 0.348609 0.00935834 0.000100425 0.000449606 5.29402e-05 1.84188e-05 7.07154e-06 6.69126e-06 1.49849e-06 5.09929e-06 3.43017e-07 2.80672e-07 9.11438e-08 7.99215e-08 4.06187e-08 1.55732e-07 2.0494e-08 1.56214e-08 2.10423e-09 2.57934e-09 1.37609e-10 1.24548e-10 4.52451e-11 2.44311e-11 6.5401e-12 1.5774e-12 4.11671e-13 4.84057e-14 3.07976e-13
threshold=0.09969184575573993 1.0000000180025095e-35 0.13824253337460482 350.50000000000006 417.50000000000006 15.085500000000005 851.00000000000011 0.089017473838194208 4329.5000000000009 53.004760000000012 17.413240000000002 23.381000000000004 713.50000000000011 7061.5000000000009 57.628095000000009 662.00000000000011 777.50000000000011 321.50000000000006 0.15212389730596518 43.625000000000007 1005.5000000000001 24.748500000000003 21.500000000000004 26.832500000000007 8.8192800000000009 731.50000000000011 270.50000000000006 6772.5000000000009 8.5000000000000018 3230.0000000000005
decision_type=2 2 2 2 2 2 2 2 2 2 2 2 2 2 2 2 2 2 2 2 2 2 2 2 2 2 2 2 2 2
left_child=3 -2 -3 17 5 -5 7 9 -4 13 -11 -10 -12 15 -14 -6 -17 24 -13 -18 -21 -16 23 -20 -1 -25 28 -27 -26 -30
right_child=1 2 8 4 6 -7 -8 -9 11 10 12 18 14 -15 21 16 19 -19 22 20 -22 -23 -24 25 26 27 -28 -29 29 -31
leaf_value=-0.033761133597705766 0.011543772768647924 0.038383493496016399 0.034335974502887383 -0.034890836691545836 -0.033756453008928683 -0.034385231553911093 -0.034144966700526046 -0.034001503254836508 0.034231726449318704 -0.033918015443909579 -0.033805414169833688 0.034193824158950614 -0.033786480068669175 -0.033792325560338066 -0.033760207494330133 -0.033796870997139773 -0.033760672006329484 -0.033774016602175154 0.034201139551049663 -0.033767272879081323 -0.033762084620946299 -0.033761358573854511 0.034200257371717849 0.034200639190230114 -0.0337614838619602 0.034200814407384865 -0.033761384522045787 0.034200777664731931 -0.033761427777865768 -0.033761483521351401
leaf_weight=0.59015750326216476 1.8566079288721073 1.5250399783253659 1.0388863459229458 1.1541475579142555 0.64734514616429883 0.93890285678207863 0.43719153851270665 0.44963793270289887 0.94076605886220832 0.93854877166450057 0.72353381849825416 0.90390367060899635 0.41848701983690251 0.42329469881951798 0.39593503065407254 0.44530488923192013 0.53508778661489464 0.342132057994604 0.91149111464619448 0.462455740198493 0.49700834788382053 0.75427167862653732 1.1837824471294878 0.91099426895380009 3.3469018656760454 0.91116920113563526 0.4693684484809636 4.6923320852220058 0.30284830555319775 1.3629898987710474
leaf_count=39 26 22 20 20 33 25 14 15 20 36 34 20 20 20 20 21 27 22 20 23 25 38 26 20 221 20 31 103 20 90
internal_value=-0.00186993 0.0318126 0.0347033 -0.033914 -0.0340197 -0.034664 -0.0338305 -0.03381 0.034215 -0.0337962 -0.0338198 0.0342029 -0.0337797 -0.0337708 -0.0337678 -0.0337673 -0.0337709 -0.0337621 0.0342001 -0.0337632 -0.0337646 -0.033761 0.0342007 0.0342008 -0.0337614 0.0342008 -0.0337615 0.0342008 -0.0337615 -0.0337615
internal_weight=30.5105 14.875 13.0184 15.6356 9.22115 2.09305 7.1281 6.69091 11.4933 6.24127 3.23078 10.4544 2.29223 3.0105 1.56869 2.5872 1.93986 6.4144 9.51367 1.49455 0.959464 1.15021 8.60977 7.42599 6.07227 6.5145 5.48211 5.6035 5.01274 1.66584
internal_count=1091 297 271 794 371 45 326 312 249 297 148 229 112 149 78 129 96 423 209 75 48 58 189 163 401 143 362 123 331 110
is_linear=0
shrinkage=0.05


Tree=159
num_leaves=31
num_cat=0
split_feature=1 3 1 3 1 1 1 3 2 3 1 4 1 2 0 7 3 9 0 0 2 1 7 4 7 2 7 2 0 1
split_gain=8.85419 2.19444 1.61941 0.143912 0.539987 0.11384 0.000311995 4.91136e-06 1.45723e-05 5.89842e-06 4.7176e-06 4.09986e-06 1.75959e-06 8.5376e-07 5.97587e-07 2.058e-06 3.15269e-07 1.36761e-07 9.41042e-08 3.26868e-07 9.15214e-08 8.84592e-08 3.28271e-08 1.47832e-08 1.22038e-08 4.93871e-09 1.12626e-10 1.64353e-11 1.05693e-11 9.57412e-12
threshold=417.50000000000006 0.022802445004745712 350.50000000000006 0.0099647634353574616 1003.0000000000001 357.00000000000006 270.50000000000006 0.09969184575573993 8839.5000000000018 0.089017473838194208 1005.5000000000001 1.0000000180025095e-35 321.50000000000006 3965.0000000000005 54.414500000000004 18.264500000000005 0.14131452864802432 4.5330000000000021 58.102235 48.804000000000009 7181.0000000000009 673.00000000000011 23.381000000000004 13.500000000000002 8.8192800000000009 4773.5000000000009 26.746000000000002 5736.5000000000009 68.52676000000001 272.50000000000006
decision_type=2 2 2 2 2 2 2 2 2 2 2 2 2 2 2 2 2 2 2 2 2 2 2 2 2 2 2 2 2 2
left_child=1 5 12 4 -2 6 24 8 9 14 -6 -9 17 -13 20 -16 -15 -3 19 -12 23 -17 -18 25 -1 -5 -24 -28 -20 -19
right_child=3 2 -4 7 10 -7 -8 11 -10 -11 18 13 -14 16 15 21 22 29 28 -21 -22 -23 26 -25 -26 -27 27 -29 -30 -31
leaf_value=0.034150667445162583 0.012584368441474647 0.034170205260295454 -0.0046994219422478532 -0.033741689807124317 -0.033914144048717614 0.048360708641739802 0.035291705251678879 -0.033862810796995879 -0.034094407221752783 -0.033963328268695241 -0.033733557275427505 -0.033799692203893388 0.034243325883530205 -0.033688791643779567 -0.033872017524446109 -0.033724538169867688 -0.033747790557044209 0.0341437820325858 -0.033733309559271889 -0.033791577271506543 -0.033768667747755658 -0.033757429291397717 -0.033732919038434735 -0.033748484762583499 0.034143779813629475 -0.033734577984478688 -0.03373338470601131 -0.033733711384330838 -0.033733661322737744 0.034143554934709046
leaf_weight=0.70617060549557376 0.84661843627691213 0.6061148028820752 9.81744187325239 0.4923623427748669 0.53105332888662848 1.7105315178632725 0.64053700119256962 0.73056796751916397 0.43483208492398251 0.42541467025876034 0.63208128698170163 0.50050961226224888 0.58676456660032261 0.40136706456542004 0.49350719340145566 0.36144725047051907 0.44653950072824944 1.8779073972254994 0.37158789485692967 0.39410326071083546 0.40199611894786347 0.47054202109575272 0.56084817647933949 0.53814634680747986 7.2032897062599659 0.48416088707745075 0.43192115798592601 3.5446026418358088 0.50207366794347763 0.61646167188882817
leaf_count=25 12 21 35 26 20 7 15 26 15 15 34 20 19 21 20 20 20 67 20 19 20 24 26 28 257 26 20 164 27 22
internal_value=0.000574747 0.0191552 0.00591162 -0.0309742 -0.0218054 0.036586 0.0342303 -0.0337777 -0.0338207 -0.0337883 -0.0337824 -0.0337511 0.0341639 -0.0337372 -0.0337653 -0.0337911 -0.0337314 0.0341489 -0.0337456 -0.0337558 -0.0337475 -0.0337431 -0.0337349 -0.0337418 0.0341444 -0.0337382 -0.0337336 -0.0337337 -0.0337335 0.0341437
internal_weight=37.7615 23.7652 13.5047 13.9963 3.27752 10.2605 8.55 10.7188 4.10241 3.66758 2.4309 6.61636 3.68725 5.88579 3.24216 1.3255 5.38528 3.10048 1.89985 1.02618 1.91667 0.831989 4.98391 1.51467 7.90946 0.976523 4.53737 3.97652 0.873662 2.49437
internal_count=1091 468 164 623 132 304 297 491 194 179 120 297 129 271 164 64 251 110 100 53 100 44 230 80 282 52 210 184 47 89
is_linear=0
shrinkage=0.05


Tree=160
num_leaves=31
num_cat=0
split_feature=3 1 14 1 3 3 1 1 3 2 1 0 7 4 1 2 0 0 0 3 1 7 7 0 1 7 0 2 1 3
split_gain=3.78441 5.16474 2.29597 1.27676 0.338022 0.0744519 0.415193 0.0060683 8.91474e-05 8.91076e-06 7.48931e-06 5.21594e-06 8.35262e-06 4.19369e-06 1.62146e-06 1.00256e-06 7.78358e-07 2.70919e-06 2.69529e-07 2.15315e-07 1.13254e-07 7.34315e-08 3.27094e-08 3.02101e-09 5.67818e-10 1.08348e-10 6.69098e-11 1.45672e-11 3.07887e-12 2.6843e-12
threshold=0.11277836960585665 350.50000000000006 1796.0000000000002 414.00000000000006 0.09969184575573993 0.0099647634353574616 1003.0000000000001 480.50000000000006 0.085523332883546924 8214.5000000000018 1005.5000000000001 54.414500000000004 18.628095000000005 1.0000000180025095e-35 330.00000000000006 3965.0000000000005 58.102235 48.804000000000009 51.864500000000007 0.14244935990179933 676.50000000000011 8.8192800000000009 23.381000000000004 46.193500000000007 290.00000000000006 26.746000000000002 68.52676000000001 5736.5000000000009 258.50000000000006 0.17243108127731724
decision_type=2 2 2 2 2 2 2 2 2 2 2 2 2 2 2 2 2 2 2 2 2 2 2 2 2 2 2 2 2 2
left_child=1 14 3 -3 5 6 -5 -7 9 11 -8 18 -13 -2 21 -15 17 -12 20 -17 -9 23 -21 -1 28 -24 -18 -27 -23 -29
right_child=13 2 -4 4 -6 7 10 8 -10 -11 16 12 -14 15 -16 19 26 -19 -20 22 -22 24 25 -25 -26 27 -28 29 -30 -31
leaf_value=-0.033748550835405969 -0.033866754013535519 0.0068214768488014032 -0.043441937335133594 0.00061856782954053922 0.002246145493280104 0.037911501190333236 0.034329360492988924 0.034140934624150528 0.034741350467196605 0.034365975685063159 0.034143535948902647 0.034378066819512436 0.034178219533349791 -0.03380555863454586 -0.033857267708033344 -0.033697258560032618 0.034143095513741901 0.034262428262316791 0.034186641922324811 -0.033747770033363933 0.034163892352635443 -0.033733691206623756 -0.033732930762088408 -0.033755702384398775 -0.033731373926089145 -0.033733399646088083 0.034143725114170062 -0.033733793953929024 -0.033733532209741429 -0.033733685256282814
leaf_weight=0.29277578182518382 0.71302095986902614 9.8274649903178268 1.4682108685374249 1.1480266377329797 1.0294250845909125 1.3952548988163451 0.89128471910953511 1.0984053090214736 1.0003309734165666 1.0309491530060766 1.2490234561264522 0.91686162352561984 1.2165979854762552 0.5065811090171336 0.28668908402323712 0.41242924146354187 0.7343388646841047 0.77736074849963177 0.76973816379904736 0.44651843048632134 1.0514115318655965 4.5958134885877371 0.56086372956633557 0.29794903378933668 0.28206665534526099 0.43193820118904147 0.9920930452644825 0.71338626556098494 0.32611989043653 2.7879567798227072
leaf_count=20 25 37 7 12 3 24 20 30 18 23 34 20 32 20 16 21 20 19 20 20 28 324 26 20 20 20 27 33 23 129
internal_value=0.000865716 0.00782857 0.0173336 0.0208846 0.0299169 0.0319128 0.0275433 0.0348975 0.0343039 0.034232 0.0341991 0.0342047 0.0342641 -0.0337523 -0.0337412 -0.0337383 0.0341681 0.0341891 0.0341613 -0.033732 0.0341522 -0.0337355 -0.0337349 -0.0337522 -0.0337336 -0.0337336 0.0341435 -0.0337337 -0.0337337 -0.0337337
internal_weight=39.2509 32.6782 26.5968 25.1286 15.3011 14.2717 5.79213 8.47955 7.08429 6.08396 4.6441 5.05301 2.13346 6.57269 6.08141 5.85967 3.75282 2.02638 2.91956 5.35309 2.14982 5.79472 4.94066 0.590725 5.204 4.49414 1.72643 3.93328 4.92193 3.50134
internal_count=1091 797 374 367 330 327 132 195 171 153 120 130 52 294 423 269 100 53 78 249 58 407 228 40 367 208 47 182 347 162
is_linear=0
shrinkage=0.05


Tree=161
num_leaves=31
num_cat=0
split_feature=3 3 1 1 7 4 14 2 3 3 0 7 1 7 2 0 1 1 1 1 7 0 2 7 3 7 1 10 1 2
split_gain=12.3473 0.431302 9.20945e-05 0.000409375 4.70913e-05 3.50008e-05 1.67952e-05 7.6255e-06 5.67469e-06 1.69027e-06 1.33727e-06 4.32825e-06 3.01137e-07 2.71865e-07 7.04079e-08 6.53106e-08 3.83595e-08 1.64437e-07 1.67208e-08 5.31192e-09 9.13738e-10 2.58585e-10 1.27803e-10 1.1173e-10 2.42415e-11 2.07332e-11 5.99654e-12 1.63869e-12 5.41789e-14 2.41696e-13
threshold=0.11277836960585665 0.09969184575573993 350.50000000000006 417.50000000000006 15.085500000000005 1.0000000180025095e-35 851.00000000000011 3965.0000000000005 0.089017473838194208 0.14244935990179933 53.004760000000012 17.413240000000002 713.50000000000011 23.381000000000004 7061.5000000000009 57.628095000000009 662.00000000000011 759.50000000000011 321.50000000000006 1004.5000000000001 26.746000000000002 46.36086000000001 5736.5000000000009 24.748500000000003 0.17243108127731724 8.8192800000000009 270.50000000000006 608.50000000000011 8.5000000000000018 3230.0000000000005
decision_type=2 2 2 2 2 2 2 2 2 2 2 2 2 2 2 2 2 2 2 2 2 2 2 2 2 2 2 2 2 2
left_child=1 2 18 4 -4 -2 8 -7 10 -9 14 -12 -13 -11 16 -14 -5 -18 25 -19 -15 -21 -22 -17 -24 -1 28 -26 -27 -30
right_child=5 -3 3 6 -6 7 -8 9 -10 13 11 12 15 20 -16 23 17 19 -20 21 22 -23 24 -25 27 26 -28 -29 29 -31
leaf_value=-0.033733348308064501 0.034417266590929245 -0.0006835573503831962 -0.03483127943284707 -0.033728654251025218 -0.034345092117369302 0.034285319512784018 -0.034109160374328949 0.034071371727936138 -0.033957559213459602 0.034172662590694521 -0.033883777487741476 -0.033779762457656314 -0.03375704209826412 0.034142213316396441 -0.033762284372700652 -0.033732504407709918 -0.033772391463518694 -0.033740531961370689 -0.033745378259025072 -0.033733030034316346 0.034143170679548335 -0.033734648359674282 0.034144004186197792 -0.033733576130223292 0.034143709981274521 -0.033733690902378807 -0.033733493988540933 0.034143783845250374 -0.033733637805955743 -0.033733688830146352
leaf_weight=0.55273768771439868 1.4030764214694489 1.0478288829326636 1.1127619110047802 0.60578542575240213 0.90158158540725697 0.99291267246007819 0.41378825530409802 0.81824398785829444 0.42111809365451325 0.88195418566465278 0.88303461298346553 0.68230212666094336 0.39197824336588372 1.1082650981843452 0.39627865888178337 0.37084839865565278 0.38089539483189572 0.37793069332838047 0.32043639663606871 0.66839474253356435 0.85349151864647854 0.39137182012200356 1.4096487350761888 0.70647578127682209 0.8967401199042796 3.1347965188324451 0.43951126281172026 4.6122057512402534 0.2836552821099757 1.2766095725819466
leaf_count=39 25 3 20 33 25 20 14 21 15 20 36 34 20 26 20 20 19 20 22 36 20 21 33 38 21 221 31 108 20 90
internal_value=-0.00193771 -0.0316774 -0.0338848 -0.0339888 -0.0346137 0.0341814 -0.0338006 0.0341528 -0.0337803 0.0341404 -0.0337675 -0.0337906 -0.0337523 0.0341462 -0.0337427 -0.0337396 -0.0337396 -0.0337432 -0.0337343 -0.0337354 0.0341436 -0.0337336 0.0341437 -0.0337332 0.0341438 -0.0337336 -0.0337337 0.0341438 -0.0337337 -0.0337337
internal_weight=28.7367 15.7601 14.7123 8.70455 2.01434 12.9765 6.6902 11.5735 6.27641 10.5805 5.8553 3.03464 2.1516 9.76231 2.82066 1.4693 2.42438 1.81859 6.00775 1.4377 8.88035 1.05977 7.77209 1.07732 6.91859 5.68731 5.13457 5.50895 4.69506 1.56026
internal_count=1091 797 794 371 45 294 326 269 312 249 297 148 112 228 149 78 129 96 423 77 208 57 182 58 162 401 362 129 331 110
is_linear=0
shrinkage=0.05


Tree=162
num_leaves=31
num_cat=0
split_feature=1 3 3 3 2 2 4 7 7 3 1 1 1 3 2 3 1 4 2 0 7 3 0 0 2 1 7 4 7 2
split_gain=8.16896 2.48683 1.43693 1.65711 1.09462 0.968529 0.420094 0.935113 0.338036 0.149438 0.521594 0.0986733 0.000336917 4.26828e-06 1.35842e-05 4.8087e-06 3.85527e-06 3.36679e-06 6.98138e-07 4.91204e-07 1.68543e-06 2.52921e-07 7.71131e-08 2.67827e-07 7.45538e-08 7.3761e-08 2.6867e-08 1.2284e-08 1.00584e-08 3.94211e-09
threshold=417.50000000000006 0.08207267417633847 0.022802445004745712 0.040523269866985685 3549.5000000000005 5030.5000000000009 17.500000000000004 13.239045000000003 17.847000000000001 0.0099647634353574616 1003.0000000000001 357.00000000000006 285.50000000000006 0.09969184575573993 8839.5000000000018 0.089017473838194208 1005.5000000000001 1.0000000180025095e-35 3965.0000000000005 54.414500000000004 18.264500000000005 0.14131452864802432 58.102235 48.804000000000009 7181.0000000000009 673.00000000000011 23.381000000000004 13.500000000000002 8.8192800000000009 4773.5000000000009
decision_type=2 2 2 2 2 2 2 2 2 2 2 2 2 2 2 2 2 2 2 2 2 2 2 2 2 2 2 2 2 2
left_child=1 2 11 5 -5 -4 7 -6 -9 10 -2 12 28 14 15 19 -12 -15 -19 24 -21 -20 23 -18 27 -22 -23 29 -1 -11
right_child=9 -3 3 4 6 -7 -8 8 -10 13 16 -13 -14 17 -16 -17 22 18 21 20 25 26 -24 -25 -26 -27 -28 -29 -30 -31
leaf_value=0.034097018904060125 0.012023227396839678 -0.059928359280574751 -0.049227356119762734 -0.021202692697021061 -0.0068657903577669134 0.0017309016680095133 0.055528216133152869 0.054068047795629015 0.023945614343839426 -0.033714944590909561 -0.033876271507950334 0.047559514395897562 0.035394520114607864 -0.033828578428605607 -0.034062560836280113 -0.033921884542417478 -0.033707587985137691 -0.033769406550102569 -0.033666214640120727 -0.033836932477761025 -0.033698853036761595 -0.033720893207337586 -0.033707545788598074 -0.033761854342335751 -0.033740178160748417 -0.033729896349884513 -0.03370761135612891 -0.033721411659260826 0.03409056349101737 -0.033708377372682112
leaf_weight=0.6618953011930041 0.85631905496120397 0.96515041589736839 1.3483636286109666 1.1295056156814096 1.5783154573291538 3.022896371781826 1.478546133264899 1.8686853069812062 1.8568401038646696 0.46086180955171518 0.49752823263406787 1.6630242764949787 0.53094913065433491 0.68500151112675656 0.41150185000151385 0.39838051609694947 0.59197801724076249 0.46884278953075398 0.37678095791488875 0.46231121011078335 0.3381902240216732 0.41822471283376206 0.81823077984154224 0.36915809661149979 0.37631400488317002 0.44070602394640446 4.24949518032372 0.50387793220579624 6.8301419876515865 0.45324224792420864
leaf_count=25 12 3 13 15 31 34 20 21 27 26 20 7 12 26 15 15 34 20 21 20 20 20 47 19 20 24 210 28 260 26
internal_value=0.000598125 0.018624 0.022075 0.0107197 0.0243703 -0.0139877 0.0319598 0.0253897 0.0390547 -0.0307757 -0.0212424 0.036475 0.0341774 -0.0337497 -0.0337911 -0.0337586 -0.0337532 -0.033724 -0.033711 -0.0337371 -0.0337613 -0.0337056 -0.0337188 -0.0337284 -0.0337204 -0.0337164 -0.0337088 -0.0337151 0.0340911 -0.0337117
internal_weight=36.1113 22.9343 21.9692 12.2832 7.91189 4.37126 6.78239 5.30384 3.72553 13.1769 3.13321 9.68601 8.02299 10.0437 3.84539 3.43388 2.2769 6.19835 5.51334 3.0355 1.24121 5.0445 1.77937 0.961136 1.7943 0.778896 4.66772 1.41798 7.49204 0.914104
internal_count=1091 468 465 161 114 47 99 79 48 623 132 304 297 491 194 179 120 297 271 164 64 251 100 53 100 44 230 80 285 52
is_linear=0
shrinkage=0.05


Tree=163
num_leaves=31
num_cat=0
split_feature=3 1 14 1 3 3 1 1 3 2 1 0 7 4 1 2 0 0 0 3 1 7 7 0 1 7 0 2 1 3
split_gain=3.52431 4.76016 2.14298 1.23997 0.334703 0.0769096 0.408733 0.0055952 7.30554e-05 7.27138e-06 6.11023e-06 4.26057e-06 6.81873e-06 3.43193e-06 1.32487e-06 8.20376e-07 6.36177e-07 2.2137e-06 2.20009e-07 1.76147e-07 9.2489e-08 5.99875e-08 2.67707e-08 2.47434e-09 4.94589e-10 8.8817e-11 5.45103e-11 1.18749e-11 5.62395e-12 2.19447e-12
threshold=0.11277836960585665 350.50000000000006 1796.0000000000002 414.00000000000006 0.09969184575573993 0.0099647634353574616 1003.0000000000001 480.50000000000006 0.085523332883546924 8214.5000000000018 1005.5000000000001 54.414500000000004 18.628095000000005 1.0000000180025095e-35 330.00000000000006 3965.0000000000005 58.102235 48.804000000000009 51.864500000000007 0.14244935990179933 676.50000000000011 8.8192800000000009 23.381000000000004 46.193500000000007 290.00000000000006 26.746000000000002 68.52676000000001 5736.5000000000009 258.50000000000006 0.17243108127731724
decision_type=2 2 2 2 2 2 2 2 2 2 2 2 2 2 2 2 2 2 2 2 2 2 2 2 2 2 2 2 2 2
left_child=1 14 3 -3 5 6 -5 -7 9 11 -8 18 -13 -2 21 -15 17 -12 20 -17 -9 23 -21 -1 28 -24 -18 -27 -23 -29
right_child=13 2 -4 4 -6 7 10 8 -10 -11 16 12 -14 15 -16 19 26 -19 -20 22 -22 24 25 -25 -26 27 -28 29 -30 -31
leaf_value=-0.033721578005543505 -0.033832076966257112 0.006566063088805767 -0.042638346573453702 0.00059650308758320584 0.0021303597493720909 0.037798788169284968 0.034263731120893724 0.034087933524067082 0.034648906662563594 0.034297911892489839 0.034090367344792052 0.034309221658155059 0.034122744069876296 -0.033774883813612815 -0.033823123816952329 -0.033673660849321503 0.034089955354234869 0.034201366437542007 0.034130589622657907 -0.033720873678324832 0.034109362806410921 -0.03370771285894144 -0.033707001415414169 -0.033728265924188795 -0.033705473344111579 -0.033707440796395732 0.034090542332513234 -0.033707808782310493 -0.033707490799495969 -0.033707707232313665
leaf_weight=0.27419180516153829 0.66802945174276729 9.7994080409407669 1.4319409281015385 1.1473584920167885 1.0307554006576545 1.3249287176877258 0.83574100956320752 1.0295122154057033 0.93892466276884068 0.96671533212065686 1.1707000508904459 0.8598350137472156 1.1403949204832313 0.47453278489410866 0.26852923911064852 0.38622379302978505 0.68828951194882371 0.72881241142749775 0.72153339162468899 0.41820497438311566 0.98552032187581051 4.3042245022952557 0.52527802437543858 0.27904506400227547 0.26411780901253212 0.40453308820724521 0.92988153547048569 0.6681249197572473 0.30536951310932625 2.6110718585550785
leaf_count=20 25 37 7 12 3 24 20 30 18 23 34 20 32 20 16 21 20 19 20 20 28 324 26 20 20 20 27 33 23 129
internal_value=0.000869837 0.00764665 0.0168021 0.0203051 0.0295909 0.0316925 0.0271452 0.034832 0.0342402 0.0341729 0.0341422 0.0341474 0.0342029 -0.0337251 -0.0337147 -0.033712 0.0341133 0.034133 0.0341069 -0.0337061 0.0340984 -0.0337093 -0.0337088 -0.033725 -0.0337076 -0.0337076 0.0340903 -0.0337077 -0.0337077 -0.0337077
internal_weight=37.5817 31.4257 25.7303 24.2983 14.4989 13.4681 5.50078 7.96736 6.64244 5.70351 4.35342 4.7368 2.00023 6.156 5.69548 5.48797 3.51768 1.89951 2.73657 5.01344 2.01503 5.42695 4.62721 0.553237 4.87371 4.20901 1.61817 3.68373 4.60959 3.2792
internal_count=1091 797 374 367 330 327 132 195 171 153 120 130 52 294 423 269 100 53 78 249 58 407 228 40 367 208 47 182 347 162
is_linear=0
shrinkage=0.05


Tree=164
num_leaves=31
num_cat=0
split_feature=3 3 1 1 7 4 14 2 3 3 0 7 1 7 2 0 1 1 1 0 1 7 2 7 1 3 7 10 1 2
split_gain=11.5403 0.430645 8.46382e-05 0.000372953 4.35147e-05 2.85666e-05 1.54768e-05 6.2248e-06 4.06229e-06 1.37967e-06 1.19409e-06 3.68125e-06 3.18614e-07 2.21982e-07 5.49649e-08 5.33721e-08 3.6285e-08 1.63044e-07 1.3637e-08 1.1383e-09 1.27014e-09 7.46044e-10 1.04294e-10 9.09035e-11 2.11551e-11 1.97935e-11 9.20419e-12 1.32161e-12 4.39648e-14 2.00173e-13
threshold=0.11277836960585665 0.09969184575573993 350.50000000000006 417.50000000000006 14.966540000000004 1.0000000180025095e-35 851.00000000000011 3965.0000000000005 0.086986916393657035 0.14244935990179933 53.004760000000012 17.413240000000002 713.50000000000011 23.381000000000004 7061.5000000000009 57.628095000000009 662.00000000000011 759.50000000000011 321.50000000000006 43.625000000000007 1005.5000000000001 26.746000000000002 5736.5000000000009 24.748500000000003 270.50000000000006 0.17243108127731724 8.8192800000000009 608.50000000000011 8.5000000000000018 3230.0000000000005
decision_type=2 2 2 2 2 2 2 2 2 2 2 2 2 2 2 2 2 2 2 2 2 2 2 2 2 2 2 2 2 2
left_child=1 2 18 4 -4 -2 8 -7 10 -9 14 -12 -13 -11 16 -14 -5 -18 24 -19 -21 -15 -23 -17 26 -24 -1 -27 -28 -30
right_child=5 -3 3 6 -6 7 -8 9 -10 13 11 12 15 21 -16 23 17 19 -20 20 -22 22 25 -25 -26 27 28 -29 29 -31
leaf_value=-0.03370747157974701 0.034345731712348844 -0.00062251925446799852 -0.034790369081878526 -0.033702281696718156 -0.034315888736924656 0.034222664558025861 -0.034077077410031388 0.034023018473234266 -0.033900357123856854 0.034117551074305884 -0.033851820501741632 -0.033755826161891329 -0.033729528690418717 0.034089132086672524 -0.033734227443258602 -0.033706609462915725 -0.033747009823448353 -0.033707024058407711 -0.033718610109503076 -0.033712039756344896 -0.033708192824039404 0.0340900257620858 0.034090803545093563 -0.033707608353532224 -0.033707337880782264 0.034090529302590968 -0.033707712176204593 0.034090597818703619 -0.033707662358768022 -0.033707710341976269
leaf_weight=0.45139340404421169 1.3159340433776368 1.0485042333602912 1.0225217789411525 0.54908102005720216 0.91616880893707264 0.93095710501074691 0.3917910661548375 0.76680638641118903 0.43074925057589997 0.82670493796467681 0.83082989975810084 0.64351147040724788 0.36711950041353691 1.0387650020420531 0.37095954827964295 0.34732407331466653 0.35833946429193009 0.46940479055047013 0.30009148642420758 0.42254485376179218 0.43592900596559048 0.79997023940086354 1.3212542347609995 0.66165707446634769 0.47777885757386673 0.84050780534744252 2.935906058177352 4.322986863553524 0.26565809454768885 1.1956113474443553
leaf_count=34 25 3 19 32 26 20 14 21 17 20 36 34 20 26 20 20 19 27 22 24 25 20 33 38 36 21 221 108 20 90
internal_value=-0.00200649 -0.0315178 -0.0338577 -0.0339599 -0.0345661 0.0341257 -0.0337728 0.034099 -0.0337525 0.0340874 -0.0337409 -0.0337632 -0.0337268 0.0340928 -0.0337164 -0.0337132 -0.0337134 -0.0337171 -0.0337082 -0.033709 -0.0337101 0.0340904 0.0340906 -0.0337073 -0.0337077 0.0340906 -0.0337077 0.0340906 -0.0337077 -0.0337077
internal_weight=27.0568 14.8929 13.8444 8.21793 1.93869 12.1639 6.27924 10.848 5.88745 9.917 5.4567 2.85044 2.01961 9.15019 2.60626 1.3761 2.2353 1.68622 5.62644 1.32788 0.858474 8.32348 7.28472 1.00898 5.32635 6.48475 4.84857 5.16349 4.39718 1.46127
internal_count=1091 797 794 371 45 294 326 269 312 249 295 148 112 228 147 78 127 95 423 76 49 208 182 58 401 162 365 129 331 110
is_linear=0
shrinkage=0.05


Tree=165
num_leaves=31
num_cat=0
split_feature=1 3 3 3 2 2 4 7 7 3 1 1 1 3 2 3 1 4 2 0 7 3 0 0 1 2 7 4 7 2
split_gain=7.53107 2.34141 1.41777 1.57167 1.04207 0.901644 0.41662 0.901356 0.335878 0.154987 0.503607 0.0858173 0.000312292 3.74012e-06 1.2793e-05 3.92053e-06 3.15099e-06 2.76597e-06 5.70832e-07 4.03712e-07 1.38031e-06 2.02314e-07 6.31947e-08 2.19432e-07 6.14682e-08 6.07394e-08 2.1989e-08 1.02004e-08 8.2019e-09 3.14583e-09
threshold=417.50000000000006 0.08207267417633847 0.022802445004745712 0.040523269866985685 3549.5000000000005 5030.5000000000009 17.500000000000004 13.239045000000003 17.847000000000001 0.0099647634353574616 1003.0000000000001 357.00000000000006 285.50000000000006 0.09969184575573993 8839.5000000000018 0.089017473838194208 1005.5000000000001 1.0000000180025095e-35 3965.0000000000005 54.414500000000004 18.264500000000005 0.14131452864802432 58.102235 48.804000000000009 673.00000000000011 7181.0000000000009 23.381000000000004 13.500000000000002 8.8192800000000009 4773.5000000000009
decision_type=2 2 2 2 2 2 2 2 2 2 2 2 2 2 2 2 2 2 2 2 2 2 2 2 2 2 2 2 2 2
left_child=1 2 11 5 -5 -4 7 -6 -9 10 -2 12 28 14 15 19 -12 -15 -19 25 -21 -20 23 -18 -22 27 -23 29 -1 -11
right_child=9 -3 3 4 6 -7 -8 8 -10 13 16 -13 -14 17 -16 -17 22 18 21 20 24 26 -24 -25 -26 -27 -28 -29 -30 -31
leaf_value=0.034046947486891146 0.011493158929488705 -0.058697171391570949 -0.048007846768713017 -0.020990015821692003 -0.0071856315818432676 0.0013934174001303543 0.05513887291286651 0.053476564570314772 0.023104706416511259 -0.033689966256167457 -0.033840893980987934 0.046829283995983531 0.035327036768339842 -0.033796599728582614 -0.034034178845914177 -0.033883195489038224 -0.033683313688639617 -0.033741100799803934 -0.033645132519115793 -0.033804150517727401 -0.033674870282802243 -0.033695751306997486 -0.033683273005727286 -0.033734069200016648 -0.033704161760007532 -0.033713569609956189 -0.033683334974180218 -0.033696116910475214 0.034040925978639329 -0.033683902490674794
leaf_weight=0.62031839787960574 0.86567971110343878 0.95041689276695152 1.3366034831851701 1.1139545887708662 1.5542082618921993 2.9893817435950041 1.4334907848387954 1.8214189205318692 1.81973135843873 0.43134878389537268 0.4660755638033155 1.615245386958122 0.50646701455116261 0.64223249629139889 0.38958070054650296 0.3730250485241412 0.55437905900180318 0.4391423612833022 0.35370541922748078 0.43304490484297253 0.31641276739537716 0.39167602919042099 0.76626153104007244 0.34576332755386829 0.41273091733455658 0.35224838089197863 3.9795950371772051 0.47175857238471508 6.401045884937048 0.42427082732319832
leaf_count=25 12 3 13 15 31 34 20 21 27 26 20 7 12 26 15 15 34 20 21 20 20 20 47 19 24 20 210 28 260 26
internal_value=0.000617993 0.0180803 0.0215204 0.0102692 0.0237561 -0.0138701 0.0312755 0.0246912 0.0382977 -0.0305696 -0.0206695 0.0363718 0.034128 -0.0337236 -0.0337636 -0.0337308 -0.033726 -0.0336987 -0.0336866 -0.0337108 -0.0337334 -0.0336815 -0.0336938 -0.0337028 -0.0336915 -0.0336951 -0.0336844 -0.0336902 0.0340415 -0.033687
internal_weight=34.5712 22.1623 21.2119 12.0688 7.7428 4.32599 6.62885 5.19536 3.64115 12.4089 2.99816 9.14308 7.52783 9.41077 3.60442 3.21484 2.13248 5.80635 5.16412 2.84182 1.16219 4.72498 1.6664 0.900142 0.729144 1.67963 4.37127 1.32738 7.02136 0.85562
internal_count=1091 468 465 161 114 47 99 79 48 623 132 304 297 491 194 179 120 297 271 164 64 251 100 53 44 100 230 80 285 52
is_linear=0
shrinkage=0.05


Tree=166
num_leaves=31
num_cat=0
split_feature=3 1 14 1 3 3 1 1 3 2 1 0 7 4 1 2 0 0 0 3 1 3 7 7 2 7 7 7 7 0
split_gain=3.28808 4.43379 1.9952 1.1708 0.330997 0.0793991 0.402161 0.00513186 5.98653e-05 5.93406e-06 4.98613e-06 3.48064e-06 5.56751e-06 2.80852e-06 1.12474e-06 6.7136e-07 5.19982e-07 1.80912e-06 1.7962e-07 1.44119e-07 7.55445e-08 6.38868e-08 5.76607e-08 2.19113e-08 1.66774e-08 6.08368e-09 4.25874e-09 2.5843e-09 7.26295e-11 4.4672e-11
threshold=0.11277836960585665 350.50000000000006 1796.0000000000002 414.00000000000006 0.09969184575573993 0.0099647634353574616 1003.0000000000001 480.50000000000006 0.085523332883546924 8214.5000000000018 1005.5000000000001 54.414500000000004 18.628095000000005 1.0000000180025095e-35 330.00000000000006 3965.0000000000005 58.102235 48.804000000000009 51.864500000000007 0.14244935990179933 676.50000000000011 0.021360524015249797 10.092635000000003 23.381000000000004 4679.0000000000009 12.873500000000002 17.144170000000006 8.8192800000000009 26.746000000000002 68.52676000000001
decision_type=2 2 2 2 2 2 2 2 2 2 2 2 2 2 2 2 2 2 2 2 2 2 2 2 2 2 2 2 2 2
left_child=1 14 3 -3 5 6 -5 -7 9 11 -8 18 -13 -2 21 -15 17 -12 20 -17 -9 27 -23 -21 -24 -26 -27 -1 -25 -18
right_child=13 2 -4 4 -6 7 10 8 -10 -11 16 12 -14 15 -16 19 29 -19 -20 23 -22 22 24 28 25 26 -28 -29 -30 -31
leaf_value=-0.033688059308693168 -0.033799669062189362 0.0065780187162790245 -0.041720508692072229 0.00057558359081993796 0.0020212543903964171 0.037686162796392988 0.034202510752221256 0.034038466373028736 0.034562631987817893 0.034234413779756244 0.034040743304709929 0.034245000962332919 0.034070970403514964 -0.033746216662375352 -0.033795173755229821 -0.033651600155107556 0.034040359321553748 0.034144388598415197 0.03407828108352183 -0.033695733348192917 0.03405847192120335 -0.033716944841108647 -0.033701002216098043 -0.033682764976090851 -0.033694566390029559 -0.033680867911366846 -0.033688966726579381 -0.033683398706994154 -0.03368341439974739 0.034040908217809661
leaf_weight=0.32730992138386072 0.62581666372716327 9.7187935486435943 1.3934891447424878 1.1467257142066918 1.0320073962211616 1.2544162832200525 0.78353954479098309 0.964821267873049 0.88109835982322682 0.90633785165846337 1.0971517339348795 0.80622501112520684 1.068825429305434 0.4444742202758788 0.2544680731371044 0.36165960319340218 0.64504762738943078 0.68319855630397786 0.6762590818107127 0.39165753312408913 0.92364126816391945 0.27110126055777062 0.33899439219385363 0.49191465042531524 0.25648447405546904 0.28395053558051586 0.37895381730049849 3.259227798320353 3.4497620649635792 0.87146276980638504
leaf_count=26 25 37 7 12 3 24 20 30 18 23 34 20 32 20 16 21 20 19 20 20 28 20 26 26 20 23 30 262 182 27
internal_value=0.000903828 0.00750461 0.0164069 0.0198597 0.0292537 0.0314651 0.0267369 0.0347685 0.0341808 0.0341178 0.0340891 0.034094 0.0341458 -0.0336997 -0.0336926 -0.0336875 0.0340622 0.0340805 0.0340562 -0.0336819 0.0340483 -0.0336875 -0.033696 -0.0336845 -0.0336915 -0.033688 -0.0336855 -0.0336838 -0.0336833 0.0340407
internal_weight=35.9888 30.2235 24.853 23.4596 13.7408 12.7088 5.22713 7.48162 6.22721 5.34611 4.0804 4.43977 1.87505 5.76528 5.37049 5.13947 3.29686 1.78035 2.56472 4.69499 1.88846 5.11602 1.52948 4.33333 1.25838 0.919389 0.662904 3.58654 3.94168 1.51651
internal_count=1091 797 374 367 330 327 132 195 171 153 120 130 52 294 423 269 100 53 78 249 58 407 119 228 99 73 53 288 208 47
is_linear=0
shrinkage=0.05


Tree=167
num_leaves=31
num_cat=0
split_feature=3 3 14 1 1 1 4 2 3 3 1 1 4 0 2 7 0 0 3 1 3 7 7 0 7 2 2 1 3 0
split_gain=10.7976 0.429859 7.75318e-05 5.18115e-05 4.08598e-05 0.00022999 2.33199e-05 5.08236e-06 3.20078e-06 1.12636e-06 1.12565e-06 3.46753e-06 3.40272e-07 2.75563e-07 1.99946e-07 1.81285e-07 6.14548e-08 2.87385e-07 4.40447e-08 4.00635e-08 1.50456e-08 6.20315e-09 6.09214e-10 1.98932e-10 4.41493e-10 8.52727e-11 6.58775e-11 5.65241e-11 1.61329e-11 1.19232e-12
threshold=0.11277836960585665 0.09969184575573993 1498.0000000000002 354.00000000000006 350.50000000000006 417.50000000000006 1.0000000180025095e-35 3965.0000000000005 0.086986916393657035 0.14244935990179933 713.50000000000011 698.50000000000011 6.5000000000000009 54.414500000000004 6549.0000000000009 23.381000000000004 52.322500000000012 57.317500000000003 0.022802445004745712 561.50000000000011 0.040039144721343907 12.873500000000002 26.746000000000002 43.625000000000007 9.8100650000000034 5736.5000000000009 4395.5000000000009 8.5000000000000018 0.17243108127731724 69.682500000000019
decision_type=2 2 2 2 2 2 2 2 2 2 2 2 2 2 2 2 2 2 2 2 2 2 2 2 2 2 2 2 2 2
left_child=1 2 4 -4 18 -6 -2 -8 10 -9 11 12 19 -14 16 -11 23 -18 26 -7 -20 -22 -17 -12 -25 -24 27 -1 -27 -19
right_child=6 -3 3 -5 5 8 7 9 -10 15 14 -13 13 -15 -16 22 17 29 20 -21 21 -23 25 24 -26 28 -28 -29 -30 -31
leaf_value=-0.033683420261634532 0.03427901800421209 -0.00056603478261659922 -0.033883961175818149 -0.034618137250642014 -0.034420324681370407 -0.033674615049566613 0.034164210450812769 0.033977879578934778 -0.033863114687254982 0.03406611851863374 -0.033682796030946184 -0.033869363642452577 -0.03370472696196624 -0.033756887513700734 -0.033726966499764977 0.034039590336700627 -0.033730978132101526 -0.033683424325850329 -0.033702683723963976 -0.033698237714791419 -0.033694697493756635 -0.033686726396573143 0.03404042422392551 -0.033685389008285209 -0.033682938240701475 0.034041150448806387 -0.033682677732001363 -0.033684141189510984 0.034040948196365446 -0.03368331260034936
leaf_weight=2.9857387468218795 1.2339982204139222 1.0491273403167731 0.46429024450481016 0.49812541157007217 1.5174109935760496 0.36377244628965888 0.87273990362882514 0.71852071955799957 0.40327815711498249 0.77481694892048647 0.43960177339613504 0.44303063862025727 0.4977180380374191 0.51542297378182411 0.48863583989441384 0.97350219637155522 0.47282880730926968 0.52190082147717476 0.36679248325526692 0.35429720114916563 0.50008185394108295 0.47675911150872707 0.7497119940817355 0.36072804965078831 0.37458825670182705 1.2382487282156942 0.27311684563755978 0.29912762530148018 4.8391043283045292 0.4402415044605732
leaf_count=240 25 3 33 12 38 23 20 21 17 20 27 19 29 27 27 26 26 32 28 21 39 38 20 22 23 33 22 24 129 27
internal_value=-0.00211283 -0.031358 -0.033832 -0.034264 -0.0337977 -0.0338735 0.0340738 0.0340488 -0.0337273 0.034038 -0.033717 -0.0337445 -0.0337126 -0.0337313 -0.0336976 0.0340431 -0.0336921 -0.0336991 -0.0336863 -0.0336863 -0.033694 -0.0336908 0.0340408 -0.0336836 -0.0336841 0.0340409 -0.0336834 -0.0336835 0.034041 -0.0336834
internal_weight=25.5073 14.1066 13.0575 0.962416 12.0951 7.19346 11.4006 10.1666 5.67604 9.2939 5.27277 2.17424 1.73121 1.01314 3.09853 8.57538 2.60989 1.43497 4.90162 0.71807 1.34363 0.976841 7.80057 1.17492 0.735316 6.82707 3.55798 3.28487 6.07735 0.962142
internal_count=1091 797 794 45 749 358 294 269 320 249 303 119 100 56 184 228 157 85 391 44 105 77 208 72 45 182 286 264 162 59
is_linear=0
shrinkage=0.05


Tree=168
num_leaves=31
num_cat=0
split_feature=1 3 3 3 2 2 4 7 7 3 1 1 1 3 2 3 1 4 2 0 7 3 0 0 1 2 7 4 7 2
split_gain=6.94121 2.20476 1.39707 1.49051 0.992047 0.840006 0.412635 0.868681 0.333595 0.160539 0.485998 0.0749128 0.000289507 3.30589e-06 1.21661e-05 3.19664e-06 2.57571e-06 2.27335e-06 4.6669e-07 3.31745e-07 1.13036e-06 1.61309e-07 5.17853e-08 1.79791e-07 5.11932e-08 4.94949e-08 1.79971e-08 8.46666e-09 6.70248e-09 2.51165e-09
threshold=417.50000000000006 0.08207267417633847 0.022802445004745712 0.040523269866985685 3549.5000000000005 5030.5000000000009 17.500000000000004 13.239045000000003 17.847000000000001 0.0099647634353574616 1003.0000000000001 357.00000000000006 285.50000000000006 0.09969184575573993 8839.5000000000018 0.089017473838194208 1005.5000000000001 1.0000000180025095e-35 3965.0000000000005 54.414500000000004 18.264500000000005 0.14131452864802432 58.102235 48.804000000000009 673.00000000000011 7181.0000000000009 23.381000000000004 13.500000000000002 8.8192800000000009 4773.5000000000009
decision_type=2 2 2 2 2 2 2 2 2 2 2 2 2 2 2 2 2 2 2 2 2 2 2 2 2 2 2 2 2 2
left_child=1 2 11 5 -5 -4 7 -6 -9 10 -2 12 28 14 15 19 -12 -15 -19 25 -21 -20 23 -18 -22 27 -23 29 -1 -11
right_child=9 -3 3 4 6 -7 -8 8 -10 13 16 -13 -14 17 -16 -17 22 18 21 20 24 26 -24 -25 -26 -27 -28 -29 -30 -31
leaf_value=0.034000213114249764 0.010991854074816045 -0.05753672808927629 -0.046836033075237857 -0.020783348300767418 -0.0074914959514573512 0.0010756716526424343 0.05474101028777692 0.05289310753627921 0.022281745135014918 -0.033666637369860593 -0.033807844475669785 0.046164260086508764 0.035263043234812164 -0.033766723504250175 -0.034009053057325475 -0.033847076139861432 -0.033660620325025231 -0.033714643772425022 -0.033625445958134971 -0.03377351595443661 -0.033652475955860676 -0.033672249207781377 -0.033660582060952633 -0.033708095033391269 -0.033680106923515828 -0.03368871724178879 -0.033660641414657667 -0.033672483135062312 0.033994589990331302 -0.033661036900060996
leaf_weight=0.5812882222235255 0.8747140616178507 0.93508940935134788 1.3247082103043775 1.0984313935041425 1.5305734798312185 2.9566649328917265 1.3906173240393398 1.7758872024714949 1.7841648254543541 0.40370188467204504 0.43657270446419705 1.5676358044147489 0.48324889317154873 0.60209625773131836 0.36898225639015425 0.34924970753490914 0.51913309190422274 0.41129088029265393 0.33204949367791403 0.40559412352740742 0.29602341167628765 0.36678696796298016 0.7175445482134819 0.32382601220160723 0.38650462497025728 0.32970093563199032 3.7265850733965635 0.44165782630443573 5.9981948733329773 0.39712783228605986
leaf_count=25 12 3 13 15 31 34 20 21 27 26 20 7 12 26 15 15 34 20 21 20 20 20 47 19 24 20 210 28 260 26
internal_value=0.000637259 0.017545 0.0209713 0.00983482 0.023156 -0.0137488 0.0306028 0.0240089 0.0375518 -0.0303552 -0.0200877 0.0362765 0.0340818 -0.0336992 -0.0337381 -0.0337049 -0.0337005 -0.0336751 -0.0336637 -0.0336862 -0.0337074 -0.033659 -0.0336705 -0.0336789 -0.0336681 -0.0336715 -0.0336617 -0.0336669 0.0339951 -0.0336639
internal_weight=33.1156 21.4265 20.4914 11.861 7.57967 4.28137 6.48124 5.09063 3.56005 11.6891 2.87179 8.63037 7.06273 8.81735 3.37854 3.00956 1.99708 5.43881 4.83671 2.66031 1.08812 4.42542 1.5605 0.842959 0.682528 1.57219 4.09337 1.24249 6.57948 0.80083
internal_count=1091 468 465 161 114 47 99 79 48 623 132 304 297 491 194 179 120 297 271 164 64 251 100 53 44 100 230 80 285 52
is_linear=0
shrinkage=0.05


Tree=169
num_leaves=31
num_cat=0
split_feature=3 1 14 1 3 3 1 1 3 2 1 0 8 4 1 2 0 0 3 0 3 2 1 7 7 7 7 7 0 1
split_gain=3.06786 4.13222 1.85892 1.10321 0.326969 0.0819825 0.395485 0.00471166 5.7003e-05 4.76336e-06 4.06969e-06 2.92629e-06 4.97746e-06 2.29849e-06 8.77306e-07 5.49407e-07 4.25234e-07 1.47913e-06 1.67546e-07 1.51142e-07 1.17913e-07 8.61773e-08 5.60104e-08 4.80935e-08 1.79347e-08 1.30849e-08 3.11877e-09 5.93918e-11 3.64951e-11 2.53277e-11
threshold=0.11277836960585665 350.50000000000006 1796.0000000000002 414.00000000000006 0.09969184575573993 0.0099647634353574616 1003.0000000000001 480.50000000000006 0.086986916393657035 8214.5000000000018 1005.5000000000001 54.414500000000004 0.45550000000000074 1.0000000180025095e-35 326.50000000000006 3965.0000000000005 58.102235 48.804000000000009 0.022802445004745712 51.864500000000007 0.14244935990179933 4679.0000000000009 676.50000000000011 12.873500000000002 23.381000000000004 17.144170000000006 8.8192800000000009 26.746000000000002 68.52676000000001 194.00000000000003
decision_type=2 2 2 2 2 2 2 2 2 2 2 2 2 2 2 2 2 2 2 2 2 2 2 2 2 2 2 2 2 2
left_child=1 14 3 -3 5 6 -5 -7 9 11 -8 19 -13 -2 18 -15 17 -12 26 22 -17 -20 -9 -23 -22 -25 -1 -26 -18 -28
right_child=13 2 -4 4 -6 7 10 8 -10 -11 16 12 -14 15 -16 20 28 -19 21 -21 24 23 -24 25 27 -27 29 -29 -30 -31
leaf_value=-0.033665882264416594 -0.033769382861635076 0.0065933171508449897 -0.040863408359082837 0.00055485514307206487 0.0019184016925823208 0.037579859100567277 0.034145395333741745 0.033992288153347636 0.034539226258629291 0.034171806691187787 0.033994420943647338 0.034189571814935031 0.034021019241229432 -0.033719420830542489 -0.033758421554689153 -0.033630976859460961 0.033994061811167244 0.034091226479458142 -0.033702615443231505 0.034029460509589417 -0.033672232551668006 -0.033687515012834804 0.034009932191880053 -0.033656736806965529 -0.033660108537908254 -0.033671574840029722 -0.033660729596242993 -0.033660715411820016 0.033994574324655094 -0.033660186938736174
leaf_weight=0.31903247442096772 0.58621848374605079 9.6354496777057701 1.3552433475852002 1.1460990905761681 1.0331861376762397 1.187835671007633 0.73449542745947871 0.90408729016780875 0.72779912501573552 0.883999379351735 1.0281042996793988 0.76176326349377621 1.0305618457496164 0.41628661006689061 0.27872811257839192 0.33863685838878144 0.60445210337638833 0.64036405645310868 0.36565757077187289 0.63375019282102574 0.36676963604986657 0.41416177526116349 0.89512923173606396 0.25267879385501146 0.46063927188515696 0.36064547020941973 2.8425886686891322 3.2304359935224056 0.81661931239068508 0.23261879011988629
leaf_count=27 25 37 7 12 3 24 20 30 15 24 34 20 33 20 19 21 20 19 28 20 20 33 29 22 26 30 244 182 27 20
internal_value=0.000938529 0.00736392 0.0160193 0.0194208 0.0289078 0.0312325 0.0263181 0.0347094 0.0341252 0.0340663 0.0340396 0.0340442 0.0340927 -0.0336759 -0.0336722 -0.0336645 0.0340145 0.0340316 -0.0336672 0.0340085 -0.0336593 -0.0336818 0.0340011 -0.0336744 -0.0336617 -0.0336655 -0.0336612 -0.0336606 0.0339944 -0.0336607
internal_weight=34.484 29.0851 24.0189 22.6637 13.0282 11.9951 4.97013 7.02493 5.83709 5.10929 3.82404 4.22529 1.79233 5.39899 5.06611 4.81277 3.08954 1.66847 4.78738 2.43297 4.39648 1.39314 1.79922 1.02749 4.05784 0.613324 3.39424 3.69108 1.42107 3.07521
internal_count=1091 797 374 367 330 327 132 195 171 156 120 132 53 294 423 269 100 53 404 79 249 113 59 85 228 52 291 208 47 264
is_linear=0
shrinkage=0.05


Tree=170
num_leaves=31
num_cat=0
split_feature=3 3 14 1 1 1 4 2 3 1 1 3 4 0 2 7 3 2 0 0 1 3 7 7 0 7 2 2 1 3
split_gain=10.1031 0.428899 7.3406e-05 8.44993e-05 3.58769e-05 0.000205631 1.90402e-05 4.15048e-06 2.55102e-06 1.06837e-06 3.47342e-06 9.19733e-07 2.81144e-07 2.25347e-07 1.63538e-07 1.48074e-07 1.47093e-07 6.16186e-08 5.03733e-08 2.35534e-07 3.46028e-08 2.90525e-08 1.94714e-08 4.97395e-10 1.59669e-10 3.71237e-10 6.96367e-11 6.70226e-11 4.00264e-11 1.32077e-11
threshold=0.11277836960585665 0.09969184575573993 1498.0000000000002 350.50000000000006 350.50000000000006 417.50000000000006 1.0000000180025095e-35 3965.0000000000005 0.086986916393657035 713.50000000000011 698.50000000000011 0.14244935990179933 6.5000000000000009 54.414500000000004 6549.0000000000009 23.381000000000004 0.022802445004745712 3965.0000000000005 52.322500000000012 57.317500000000003 561.50000000000011 0.040523269866985685 12.873500000000002 26.746000000000002 43.625000000000007 9.8100650000000034 5736.5000000000009 4395.5000000000009 8.5000000000000018 0.17243108127731724
decision_type=2 2 2 2 2 2 2 2 2 2 2 2 2 2 2 2 2 2 2 2 2 2 2 2 2 2 2 2 2 2
left_child=1 2 4 -4 16 -6 -2 -8 9 10 12 -9 20 -14 18 -13 27 -18 24 -20 -7 -19 -23 -17 -11 -26 -25 28 -1 -28
right_child=6 -3 3 -5 5 8 7 11 -10 14 -12 15 13 -15 -16 23 17 21 19 -21 -22 22 -24 26 25 -27 29 -29 -30 -31
leaf_value=-0.033660720242307055 0.034216785535329947 -0.00051378604010339772 -0.033669632100963368 -0.034642524706261967 -0.034374269623144604 -0.033651872442429426 0.034109666925152708 0.033935734533039774 -0.033828343278048498 -0.033660146258158878 -0.03384852457445877 0.034018110800428457 -0.03368055919880731 -0.033729307261014731 -0.033701426979054178 0.033993344250072201 -0.033701036999144313 -0.033688528606333527 -0.033705211207851402 -0.033660677899597272 -0.03367457036390302 -0.03367818655227299 -0.033661795965577827 0.033994122572219912 -0.033662574015653687 -0.033660251647990316 0.033994800711908878 -0.033659934825912466 -0.033661347202062077 0.033994611669828596
leaf_weight=2.7959149023517957 1.1569840684533108 1.0497019290924079 0.38189269509166557 0.53703638166189194 1.4523686021566389 0.33996365871280454 0.81805164366960426 0.67320419289171596 0.37752484250813712 0.41166249476373262 0.42435953114181746 0.72609836608171274 0.46599124185740948 0.48257884755730629 0.45761438086628903 0.91223395243287075 0.28669168055057515 0.27724546752870061 0.44284589774906613 0.90097468812018633 0.33177909441292286 0.3421597508713603 0.3851675521582365 0.70252961292862881 0.33780749421566725 0.35075335297733545 1.1603231467306612 0.25568024162203062 0.2800711654126643 4.5345668196678162
leaf_count=240 25 3 32 13 38 23 20 21 17 27 19 20 29 27 27 26 22 22 26 59 21 28 33 20 22 23 33 22 24 129
internal_value=-0.00222302 -0.0311939 -0.0338083 -0.0342382 -0.0337737 -0.0338469 0.0340252 0.034002 -0.0337031 -0.0336935 -0.0337212 0.0339919 -0.0336878 -0.0337054 -0.033674 0.0339966 -0.0336663 -0.0336806 -0.0336689 -0.0336754 -0.0336631 -0.0336748 -0.0336695 0.0339944 -0.0336609 -0.0336614 0.0339946 -0.0336607 -0.0336608 0.0339947
internal_weight=24.0518 13.3678 12.3181 0.918929 11.3992 6.77622 10.684 9.52701 5.32386 4.94633 2.04467 8.70896 1.62031 0.94857 2.90166 8.03575 4.62293 1.29126 2.44404 1.34382 0.671743 1.00457 0.727327 7.30965 1.10022 0.688561 6.39742 3.33167 3.07599 5.69489
internal_count=1091 797 794 45 749 358 294 269 320 303 119 249 100 56 184 228 391 105 157 85 44 83 61 208 72 45 182 286 264 162
is_linear=0
shrinkage=0.05


Tree=171
num_leaves=31
num_cat=0
split_feature=1 3 3 3 2 2 4 7 7 3 1 1 1 3 2 3 1 4 2 0 7 3 1 0 0 2 7 4 7 2
split_gain=6.39584 2.0763 1.37495 1.41353 0.944467 0.78316 0.408182 0.837086 0.3312 0.166072 0.468746 0.0656235 0.000282642 2.94847e-06 1.16776e-05 2.60569e-06 2.1056e-06 1.86939e-06 3.81471e-07 2.72604e-07 9.25694e-07 1.28149e-07 4.26007e-08 4.24263e-08 1.47298e-07 4.03322e-08 1.47327e-08 7.01777e-09 5.51334e-09 2.00179e-09
threshold=417.50000000000006 0.08207267417633847 0.022802445004745712 0.040523269866985685 3549.5000000000005 5030.5000000000009 17.500000000000004 13.239045000000003 17.847000000000001 0.0099647634353574616 1003.0000000000001 357.00000000000006 288.50000000000006 0.09969184575573993 8839.5000000000018 0.089017473838194208 1005.5000000000001 1.0000000180025095e-35 3965.0000000000005 54.414500000000004 18.264500000000005 0.14131452864802432 673.00000000000011 58.102235 48.804000000000009 7181.0000000000009 23.381000000000004 13.500000000000002 8.8192800000000009 4773.5000000000009
decision_type=2 2 2 2 2 2 2 2 2 2 2 2 2 2 2 2 2 2 2 2 2 2 2 2 2 2 2 2 2 2
left_child=1 2 11 5 -5 -4 7 -6 -9 10 -2 12 28 14 15 19 -12 -15 -19 25 -21 -20 -22 24 -18 27 -23 29 -1 -11
right_child=9 -3 3 4 6 -7 -8 8 -10 13 16 -13 -14 17 -16 -17 23 18 21 20 22 26 -24 -25 -26 -27 -28 -29 -30 -31
leaf_value=0.033956582756986861 0.010517328440929254 -0.056440681991150911 -0.045709822747791638 -0.02058287071361296 -0.0077832262308081476 0.00077618331212763478 0.054335646923595805 0.052318953021485926 0.021477634339973357 -0.033644846517784134 -0.033776964952337778 0.045556747663107695 0.035263633140310897 -0.033738811657204888 -0.033986990207155614 -0.033813330899228326 -0.033639406938516574 -0.033689911350380561 -0.033607062539283354 -0.033744890889384642 -0.033631566678527479 -0.033650279766914787 -0.033657621153386191 -0.033639372009804623 -0.033683812403425148 -0.033665501908400425 -0.033639426482729461 -0.033650397771261949 0.033951314951395285 -0.033639678381896403
leaf_weight=0.54465430788696689 0.88343308120965902 0.91925188899040122 1.3126968163996915 1.0829461626708505 1.507418308407068 2.9246840495616198 1.3497847132384775 1.7319745942950251 1.7500902339816091 0.37780637945979767 0.40890365839004505 1.5204396396875379 0.43977585807442654 0.56443687807768572 0.34962964523583639 0.32694619894027699 0.48609722033143021 0.3851773403584956 0.31172739341855038 0.37985481135547139 0.27693813014775515 0.34345699101686511 0.3619213430210948 0.67188237421214581 0.30325864348560572 0.30857908818870772 3.489439882338047 0.41345187276601791 5.6415661908686161 0.37170733045786619
leaf_count=25 12 3 13 15 31 34 20 21 27 26 20 7 11 26 15 15 34 20 21 20 20 20 24 47 19 20 210 28 261 26
internal_value=0.000655944 0.0170185 0.0204279 0.00941616 0.0225703 -0.0136247 0.0299422 0.0233432 0.0368181 -0.030132 -0.0194979 0.0361885 0.0340388 -0.0336766 -0.0337144 -0.0336806 -0.0336767 -0.033653 -0.0336423 -0.0336632 -0.0336831 -0.0336379 -0.0336463 -0.0336486 -0.0336565 -0.0336494 -0.0336404 -0.0336452 0.0339518 -0.0336423
internal_weight=31.7399 20.7253 19.806 11.6596 7.42221 4.23738 6.33927 4.98948 3.48206 11.0146 2.75357 8.14644 6.626 8.26107 3.16683 2.81721 1.87014 5.09424 4.5298 2.49026 1.01871 4.14462 0.638859 1.46124 0.789356 1.47154 3.8329 1.16297 6.18622 0.749514
internal_count=1091 468 465 161 114 47 99 79 48 623 132 304 297 491 194 179 120 297 271 164 64 251 44 100 53 100 230 80 286 52
is_linear=0
shrinkage=0.05


Tree=172
num_leaves=31
num_cat=0
split_feature=3 1 14 1 3 3 1 1 3 2 1 0 8 4 1 2 0 0 3 2 0 3 7 1 7 7 7 7 0 1
split_gain=2.86252 3.85344 1.73312 1.03739 0.322623 0.0846506 0.388683 0.00432939 4.66557e-05 3.88549e-06 3.32231e-06 2.39139e-06 4.06635e-06 1.88109e-06 8.35959e-07 4.49632e-07 3.47764e-07 1.20949e-06 3.27538e-07 1.67317e-07 1.23472e-07 9.64809e-08 7.13797e-08 4.5762e-08 2.3154e-08 1.46809e-08 2.52824e-09 4.8574e-11 2.98351e-11 2.7446e-11
threshold=0.11277836960585665 350.50000000000006 1796.0000000000002 414.00000000000006 0.09969184575573993 0.0099647634353574616 1003.0000000000001 480.50000000000006 0.086986916393657035 8214.5000000000018 1005.5000000000001 54.414500000000004 0.45550000000000074 1.0000000180025095e-35 330.00000000000006 3965.0000000000005 58.102235 48.804000000000009 0.022802445004745712 4646.0000000000009 51.864500000000007 0.14244935990179933 12.873500000000002 676.50000000000011 17.144170000000006 23.381000000000004 8.8192800000000009 26.746000000000002 68.52676000000001 194.00000000000003
decision_type=2 2 2 2 2 2 2 2 2 2 2 2 2 2 2 2 2 2 2 2 2 2 2 2 2 2 2 2 2 2
left_child=1 14 3 -3 5 6 -5 -7 9 11 -8 20 -13 -2 18 -15 17 -12 26 -20 23 -17 -21 -9 -24 -23 -1 -27 -18 -28
right_child=13 2 -4 4 -6 7 10 8 -10 -11 16 12 -14 15 -16 21 28 -19 19 22 -22 25 24 -25 -26 27 29 -29 -30 -31
leaf_value=-0.033644298104396779 -0.033741075263873925 0.0066110059049896835 -0.040058801173744364 0.0005351606930237441 0.0018214174852009997 0.037479188095465486 0.034092097039928548 0.033949177428441883 0.034460047491474931 0.03411670493681402 0.033951173738387318 0.034133371618859598 0.033976006241966214 -0.033694374866497449 -0.033746628497428752 -0.033611695218355997 0.033950839109339041 0.034041602252697846 -0.03369774456136887 -0.033674120341850688 0.033983886886701009 -0.033650263880656513 -0.033635005962024053 0.033965653478137368 -0.033655365873672329 -0.033638928399957697 -0.033639509562646865 -0.033639495571274575 0.033951317837401296 -0.033638925721494739
leaf_weight=0.29870649054646792 0.54907967522740264 9.5496005788445526 1.317435286939143 1.1455044001340828 1.0342962443828589 1.1249747667461631 0.68843000754714045 0.84708551131188936 0.68277218379080284 0.82853482477366913 0.96329779364168666 0.71407956816256024 0.9656467791646719 0.38985764235258091 0.22906747274100769 0.3170614531263708 0.56635003350675084 0.60014024563133717 0.37253503687679757 0.42245036922395207 0.59384566172957409 0.34344075620174441 0.23531108070164919 0.838727917522192 0.34346494264900684 0.43132512085139785 2.6616967599838977 3.0248627196997404 0.765144232660532 0.21776170562952746
leaf_count=27 25 37 7 12 3 24 20 30 15 24 34 20 33 20 16 21 20 19 29 35 20 20 22 29 30 26 244 182 27 20
internal_value=0.000973786 0.00722453 0.0156392 0.0189885 0.0285525 0.0309939 0.0258886 0.0346543 0.0340734 0.0340182 0.0339934 0.0339976 0.0340429 -0.0336537 -0.0336534 -0.0336431 0.0339699 0.0339859 -0.0336487 -0.0336691 0.0339643 -0.0336382 -0.0336585 0.0339574 -0.0336471 -0.0336404 -0.0336399 -0.0336394 0.0339511 -0.0336395
internal_weight=33.0625 28.0069 23.2259 21.9084 12.3588 11.3245 4.72887 6.59567 5.47069 4.78792 3.58336 3.95939 1.67973 5.05563 4.78099 4.50655 2.89493 1.56344 4.55193 1.37376 2.27966 4.11669 1.00123 1.68581 0.578776 3.79963 3.17816 3.45619 1.33149 2.87946
internal_count=1091 797 374 367 330 327 132 195 171 156 120 132 53 294 423 269 100 53 407 116 79 249 87 59 52 228 291 208 47 264
is_linear=0
shrinkage=0.05


Tree=173
num_leaves=31
num_cat=0
split_feature=3 3 14 1 2 1 1 4 2 3 4 3 0 7 1 1 2 7 3 2 1 3 0 0 7 1 1 7 2 3
split_gain=9.45378 0.427768 6.94774e-05 7.76126e-05 3.17012e-05 4.93344e-05 0.00013446 1.5549e-05 3.38992e-06 2.03395e-06 1.31547e-06 7.51139e-07 3.73852e-07 1.47973e-06 2.29285e-07 4.38147e-07 1.58878e-07 1.20959e-07 9.95515e-08 1.27857e-07 7.41171e-08 5.282e-08 4.403e-08 1.42843e-07 4.17743e-08 1.48791e-08 9.67668e-09 4.06746e-10 5.70117e-11 1.07767e-11
threshold=0.11277836960585665 0.09969184575573993 1498.0000000000002 350.50000000000006 2519.0000000000005 417.50000000000006 350.50000000000006 1.0000000180025095e-35 3965.0000000000005 0.086986916393657035 12.500000000000002 0.14244935990179933 54.414500000000004 17.695500000000006 147.50000000000003 1005.5000000000001 7560.5000000000009 23.381000000000004 0.022802445004745712 3965.0000000000005 654.50000000000011 0.040523269866985685 58.102235 48.804000000000009 13.779190000000002 662.00000000000011 749.50000000000011 26.746000000000002 5736.5000000000009 0.17243108127731724
decision_type=2 2 2 2 2 2 2 2 2 2 2 2 2 2 2 2 2 2 2 2 2 2 2 2 2 2 2 2 2 2
left_child=1 2 4 -4 10 6 18 -2 -9 12 14 -10 16 -14 -1 -16 25 -13 -6 -20 -15 -21 23 -17 -23 -7 -27 -19 -29 -30
right_child=7 -3 3 -5 5 9 -8 8 11 -11 -12 17 13 20 15 22 -18 27 19 21 -22 24 -24 -25 -26 26 -28 28 29 -31
leaf_value=-0.033639496193080841 0.0341587261812916 -0.00046547349152834341 -0.033652059923551296 -0.034607355869579963 -0.033639401079167928 -0.033636376131484985 -0.03433143481991055 0.03405876121760746 0.033896380987285979 -0.033795853999836999 -0.033764620896955352 0.033973293921727619 -0.033768451683746828 -0.033626427665836019 -0.033705972964143432 -0.03363942811944047 -0.033680615939292544 0.033950168841604331 -0.033698625954364 -0.033678518192213472 -0.033659851899104809 -0.033664481794086078 -0.033639401320779215 -0.033683678274126536 -0.033639850918573577 -0.033654494717785657 -0.033642330628816407 0.03395089571199484 0.033951529377995816 0.033951352961246524
leaf_weight=2.6506757913157326 1.0846187472343434 1.0502315461635596 0.36143655702471811 0.51637541130185127 0.39252128638327155 0.49497946631163425 1.3902157917618749 0.76669260114431281 0.6306832041591387 0.35337135568261135 0.25990427285432804 0.68036663532257069 0.38983384706079938 0.27196956239640713 0.44029448833316553 0.45753402914851882 0.36902092862874258 0.85472911223769177 0.27128498442471005 0.26931741368025541 0.42510109767317772 0.35102451127022505 0.65764787979424 0.30325751472264528 0.33780223410576582 0.29907386284321547 0.36065897904336452 0.658245239406824 1.0871835462749002 4.2487335056066513
leaf_count=243 25 3 32 13 36 35 38 20 21 17 16 20 20 20 27 32 23 26 21 22 28 30 46 19 31 20 25 20 33 129
internal_value=-0.00233705 -0.0310251 -0.0337863 -0.034214 -0.0337514 -0.0338281 -0.0339706 0.03398 0.0339582 -0.0336833 -0.0336552 0.0339488 -0.033668 -0.0336904 -0.0336489 -0.0336624 -0.0336521 0.0339532 -0.0336613 -0.0336683 -0.0336468 -0.0336597 -0.0336489 -0.0336571 -0.0336524 -0.0336429 -0.0336478 0.0339512 0.0339513 0.0339514
internal_weight=22.6848 12.6735 11.6233 0.877812 10.7455 5.97618 3.01217 10.0113 8.92663 2.96401 4.76931 8.15994 2.61064 1.0869 4.50941 1.85873 1.52373 7.52926 1.62195 1.22943 0.697071 0.958144 1.41844 0.760792 0.688827 1.15471 0.659733 6.84889 5.99416 5.33592
internal_count=1091 797 794 45 749 366 178 294 269 188 383 249 171 68 367 124 103 228 140 104 48 83 97 51 61 80 45 208 182 162
is_linear=0
shrinkage=0.05


Tree=174
num_leaves=31
num_cat=0
split_feature=1 3 3 3 2 2 4 7 7 3 1 1 1 3 14 3 1 4 2 0 7 3 1 0 0 2 7 4 7 2
split_gain=5.89166 1.95549 1.35151 1.3405 0.899229 0.730707 0.40332 0.80657 0.328715 0.171562 0.451838 0.0576773 0.000261832 2.65473e-06 1.19162e-05 2.12242e-06 1.72149e-06 1.53796e-06 3.11777e-07 2.25735e-07 7.51695e-07 1.01403e-07 3.89583e-08 3.47589e-08 1.20675e-07 3.28702e-08 1.20563e-08 5.81661e-09 4.50374e-09 1.59514e-09
threshold=417.50000000000006 0.08207267417633847 0.022802445004745712 0.040523269866985685 3549.5000000000005 5030.5000000000009 17.500000000000004 13.239045000000003 17.847000000000001 0.0099647634353574616 1003.0000000000001 357.00000000000006 288.50000000000006 0.09969184575573993 851.00000000000011 0.089017473838194208 1005.5000000000001 1.0000000180025095e-35 3965.0000000000005 54.414500000000004 18.264500000000005 0.14131452864802432 673.00000000000011 58.102235 48.804000000000009 7181.0000000000009 23.381000000000004 13.500000000000002 8.8192800000000009 4773.5000000000009
decision_type=2 2 2 2 2 2 2 2 2 2 2 2 2 2 2 2 2 2 2 2 2 2 2 2 2 2 2 2 2 2
left_child=1 2 11 5 -5 -4 7 -6 -9 10 -2 12 28 14 15 19 -12 -15 -19 25 -21 -20 -22 24 -18 27 -23 29 -1 -11
right_child=9 -3 3 4 6 -7 -8 8 -10 13 16 -13 -14 17 -16 -17 23 18 21 20 22 26 -24 -25 -26 -27 -28 -29 -30 -31
leaf_value=0.033915843661198451 0.010067806370169026 -0.055403698538441043 -0.044626566842684984 -0.020388170683534334 -0.0080617244611660994 0.00049457858767274529 0.053924338092295021 0.051755409839304933 0.020692685022505548 -0.033624490153262729 -0.033748112434409894 0.04500013042216236 0.035203827146608281 -0.033712732211416858 -0.033982678438578572 -0.033781824091217036 -0.033619574381311954 -0.033666792462154572 -0.033589894318371852 -0.033718139289495602 -0.033612038689232793 -0.033629739669444929 -0.033637553734618464 -0.033619542324955259 -0.033661110115821152 -0.033643814713858397 -0.033619593282089598 -0.033629760606421311 0.033910924769640909 -0.033619721288397811
leaf_weight=0.51027575507761014 0.89184685796499108 0.90297801792621513 1.3005919400602559 1.0675102043896911 1.4847006276249883 2.8934256192296743 1.3108374457806347 1.6895481795072558 1.7174291703850029 0.35355389397591463 0.38295887038111676 1.4738674461841581 0.42026644013822068 0.52910689078271378 0.31626132503151883 0.30604243464767922 0.4551367452368138 0.36069684661924828 0.29265823494643006 0.35572075098752964 0.25907245371490717 0.32159126363694701 0.35406757704913616 0.62908879760652781 0.28397846315056086 0.2887946031987666 3.2671923218294978 0.38702532835304737 5.2854092195630074 0.34789575170725584
leaf_count=25 12 3 13 15 31 34 20 21 27 26 20 7 11 26 14 15 34 20 21 20 20 20 25 47 19 20 210 28 261 26
internal_value=0.000674005 0.0165008 0.0198906 0.00901286 0.0219991 -0.0134978 0.0292943 0.0226941 0.0360969 -0.0298996 -0.018901 0.0361073 0.0339987 -0.0336554 -0.0336926 -0.033658 -0.0336544 -0.0336324 -0.0336223 -0.0336418 -0.0336603 -0.0336182 -0.0336268 -0.0336282 -0.0336355 -0.0336288 -0.0336205 -0.0336248 0.0339114 -0.0336221
internal_weight=30.4395 20.0568 19.1539 11.464 7.27003 4.19402 6.20252 4.89168 3.40698 10.3827 2.64301 7.68982 6.21595 7.73968 2.96843 2.65217 1.75116 4.77125 4.24214 2.34613 0.968861 3.88144 0.61314 1.3682 0.739115 1.37727 3.58878 1.08847 5.79568 0.70145
internal_count=1091 468 465 161 114 47 99 79 48 623 132 304 297 491 194 180 120 297 271 165 65 251 45 100 53 100 230 80 286 52
is_linear=0
shrinkage=0.05


Tree=175
num_leaves=31
num_cat=0
split_feature=3 1 14 0 1 7 2 10 3 3 7 3 7 1 1 1 0 0 4 3 2 1 2 0 7 3 7 1 7 7
split_gain=2.67104 3.59565 1.61689 1.01177 1.7504 1.11734 0.858826 0.362354 0.320085 0.219611 0.28453 0.128729 0.109579 0.0204839 0.00451066 0.000186016 2.35711e-05 1.6562e-06 1.53957e-06 8.32923e-07 3.67984e-07 2.69705e-07 2.78832e-07 9.85973e-08 8.86843e-08 7.89491e-08 3.7116e-08 1.27788e-08 1.20166e-08 2.57523e-09
threshold=0.11277836960585665 350.50000000000006 1796.0000000000002 52.835000000000008 409.50000000000006 17.248000000000005 8324.5000000000018 382.00000000000006 0.079562543123280441 0.010817760010201018 10.550275000000001 0.040930748703007121 8.8192800000000009 405.50000000000006 561.50000000000011 700.50000000000011 43.625000000000007 57.380525000000006 1.0000000180025095e-35 0.022802445004745712 3965.0000000000005 321.50000000000006 4646.0000000000009 62.268930000000005 12.873500000000002 0.14244935990179933 17.144170000000006 222.50000000000003 23.381000000000004 8.8192800000000009
decision_type=2 2 2 2 2 2 2 2 2 2 2 2 2 2 2 2 2 2 2 2 2 2 2 2 2 2 2 2 2 2
left_child=1 19 3 6 -5 -6 9 -7 15 10 16 -11 -13 -14 -15 -9 -3 -17 -2 27 -20 22 -21 -19 -24 -22 -26 29 -27 -1
right_child=18 2 -4 4 5 7 -8 8 -10 11 -12 12 13 14 -16 17 -18 23 20 21 25 -23 24 -25 26 28 -28 -29 -30 -31
leaf_value=-0.033624993251899403 -0.033714617985139098 0.03393964165396976 -0.039300528211901838 -0.016611748178066071 -0.0076372107526565787 0.058195802296827748 -0.011371126103859706 0.034746145413171864 -0.0031076676670388635 0.051255485195698371 -0.0064513741550227752 0.018977077195598234 0.044309612709272021 0.038920470565581719 0.033965941897921147 0.03401669212569023 0.034337289067582981 0.03394300304171171 -0.033670962438387887 -0.033696383827497504 -0.033593667625908832 -0.033713812662253387 -0.033661272550954163 0.033917575665102694 -0.033613224436705683 -0.033629725739167012 -0.033640239789834686 -0.033633225629650695 -0.03361959150112187 -0.033619670124384708
leaf_weight=0.24930246081203922 0.51425319910049339 0.74679606966674883 1.2802269011735905 4.2959368675947172 2.1033558920025826 1.308038894087076 1.0644423123449076 1.0688726846128704 0.68887201510369767 2.073970340192318 0.60780383832752694 0.77069776318967331 1.4706447720527651 0.90039157308638074 0.93790951743721962 0.72742887027561698 0.743884002789855 0.58383231237530697 0.36508122831583012 0.33156718779355265 0.29684468079358373 0.25174978096038092 0.38250091671943665 1.0986858978867529 0.20788425020873547 0.32157605607062612 0.32732925284653902 0.19988479465246189 3.2360564460977912 2.5636655241250992
leaf_count=24 25 27 7 18 38 12 20 25 9 32 12 12 5 16 33 24 22 21 20 26 21 19 33 41 21 20 30 19 208 251
internal_value=0.00100952 0.00708647 0.0152664 0.0185629 0.00888592 0.0233384 0.0308973 0.0352368 0.0280311 0.0363496 0.0223818 0.0411128 0.0359566 0.0399113 0.0363926 0.0341971 0.0341381 0.0339537 -0.0336329 -0.0336362 -0.033623 -0.0336666 -0.0336571 0.0339264 -0.0336429 -0.0336184 -0.0336297 -0.033621 -0.0336205 -0.0336201
internal_weight=31.7195 26.9857 22.4718 21.1916 11.875 7.57909 9.31654 5.47573 4.16769 8.2521 2.09848 6.15361 4.07964 3.30895 1.8383 3.47882 1.49068 2.40995 4.73381 4.51388 4.21956 1.50103 1.24928 1.68252 0.917714 3.85448 0.535214 3.01285 3.55763 2.81297
internal_count=1091 797 374 367 188 170 179 132 120 159 61 98 66 54 49 111 49 86 294 423 269 129 110 62 84 249 51 294 228 275
is_linear=0
shrinkage=0.05


Tree=176
num_leaves=31
num_cat=0
split_feature=3 3 14 1 2 1 1 4 2 3 4 3 0 7 1 1 3 2 2 7 1 3 7 0 0 1 1 7 2 3
split_gain=8.84651 0.42647 6.58004e-05 3.95085e-05 2.88976e-05 4.58341e-05 0.00011846 1.26999e-05 2.76918e-06 1.64802e-06 1.2989e-06 6.13546e-07 3.20462e-07 1.25676e-06 2.20419e-07 4.61835e-07 1.62202e-07 2.13067e-07 1.29807e-07 9.88348e-08 6.13365e-08 4.65202e-08 5.51772e-08 3.60761e-08 1.17019e-07 1.27109e-08 7.93004e-09 3.32362e-10 4.65481e-11 8.86535e-12
threshold=0.11277836960585665 0.09969184575573993 1498.0000000000002 354.00000000000006 2519.0000000000005 417.50000000000006 350.50000000000006 1.0000000180025095e-35 3965.0000000000005 0.086986916393657035 12.500000000000002 0.14244935990179933 54.414500000000004 17.695500000000006 147.50000000000003 1005.5000000000001 0.022802445004745712 4646.0000000000009 7560.5000000000009 23.381000000000004 654.50000000000011 0.040523269866985685 13.779190000000002 58.102235 48.804000000000009 662.00000000000011 749.50000000000011 26.746000000000002 5736.5000000000009 0.17243108127731724
decision_type=2 2 2 2 2 2 2 2 2 2 2 2 2 2 2 2 2 2 2 2 2 2 2 2 2 2 2 2 2 2
left_child=1 2 4 -4 10 6 16 -2 -9 12 14 -10 18 -14 -1 -16 -6 -18 25 -13 -15 -19 -23 24 -17 -7 -27 -21 -29 -30
right_child=7 -3 3 -5 5 9 -8 8 11 -11 -12 19 13 20 15 23 17 21 -20 27 -22 22 -24 -25 -26 26 -28 28 29 -31
leaf_value=-0.033619658567009846 0.034104547920209866 -0.0004208213268479467 -0.033830294148488003 -0.034517446458431154 -0.033619500298772031 -0.033616506393092119 -0.034291534517086532 0.034011244601738481 0.033859628824389067 -0.033765516683405772 -0.033747147643724731 0.033931450810640078 -0.033742200517015639 -0.033607250760506711 -0.033688737832454581 -0.033619594774587869 -0.033688716084798752 -0.033661913163680834 -0.03365797983202836 0.033909855007928362 -0.033638682341491012 -0.03365138396869085 -0.033620408226157431 -0.033619569070781223 -0.03366098399584079 -0.033633684870955673 -0.033622304963844531 0.033910534004022184 0.033911126047126351 0.033910960735735886
leaf_weight=2.4818501183763129 1.0166416130959977 1.0507194101810462 0.39796689897775728 0.44096527434885502 0.36743289604783091 0.46305074915289945 1.3308264836668966 0.71847244352102091 0.59079318493604649 0.330738273449242 0.24720881134271611 0.63744829222559918 0.36583148781210162 0.25442358758300543 0.41721172723919142 0.42839278001338221 0.37442185729742028 0.23368034791201353 0.3454066403210162 0.80076821520924557 0.39803776424378157 0.27965763118118048 0.29586235992610455 0.6157609224319458 0.28397729713469744 0.28004040662199259 0.33768629655241966 0.61668988689780224 1.0185509249567983 3.9805139843374491
leaf_count=243 25 3 33 12 36 35 38 20 21 17 16 20 20 20 27 32 30 20 23 26 28 25 29 46 19 20 25 20 33 129
internal_value=-0.00245491 -0.0308514 -0.0337659 -0.0341915 -0.0337307 -0.0338058 -0.0339455 0.0339377 0.0339174 -0.0336608 -0.0336357 0.0339086 -0.0336466 -0.033668 -0.0336292 -0.0336428 -0.0336485 -0.0336575 -0.0336313 0.0339127 -0.0336264 -0.0336431 -0.0336355 -0.0336284 -0.0336361 -0.0336228 -0.0336275 0.0339108 0.0339109 0.033911
internal_weight=21.401 12.0212 10.9704 0.838932 10.1315 5.6571 2.88188 9.37988 8.36324 2.77522 4.4744 7.64476 2.44448 1.01829 4.22719 1.74534 1.55106 1.18362 1.42618 7.05397 0.652461 0.8092 0.57552 1.32813 0.71237 1.08078 0.617727 6.41652 5.61575 4.99906
internal_count=1091 797 794 45 749 366 178 294 269 188 383 249 171 68 367 124 140 104 103 228 48 74 54 97 51 80 45 208 182 162
is_linear=0
shrinkage=0.05


Tree=177
num_leaves=31
num_cat=0
split_feature=1 1 0 3 1 3 3 2 3 3 1 4 1 7 2 7 0 7 2 3 0 0 1 1 7 7 3 7 2 0
split_gain=5.45793 1.8817 1.00292 0.177951 0.447301 7.07154e-06 2.91641e-06 2.62066e-06 1.58125e-06 4.61049e-06 1.44488e-06 1.25946e-06 9.73756e-07 6.41065e-07 5.37702e-07 3.56305e-07 2.55417e-07 5.47595e-07 2.54746e-07 7.97178e-08 4.56569e-08 1.55683e-07 1.42495e-08 1.0936e-08 9.86957e-09 3.8343e-09 3.48427e-09 3.40974e-11 5.01421e-12 3.27538e-12
threshold=417.50000000000006 350.50000000000006 52.835000000000008 0.0099647634353574616 1003.0000000000001 0.022802445004745712 0.021360524015249797 4646.0000000000009 0.09969184575573993 0.089017473838194208 1005.5000000000001 1.0000000180025095e-35 309.00000000000006 12.873500000000002 8214.5000000000018 17.144170000000006 53.004760000000012 18.264500000000005 3965.0000000000005 0.14131452864802432 58.102235 48.804000000000009 218.50000000000003 673.00000000000011 23.381000000000004 8.8192800000000009 0.051804864718546069 26.746000000000002 5736.5000000000009 68.52676000000001
decision_type=2 2 2 2 2 2 2 2 2 2 2 2 2 2 2 2 2 2 2 2 2 2 2 2 2 2 2 2 2 2
left_child=1 5 -3 4 -2 22 -5 -7 9 14 -6 -10 13 -9 16 -15 23 -18 -13 -20 21 -12 25 26 -21 -1 -8 -26 -29 -22
right_child=3 2 -4 6 10 7 8 12 11 -11 20 18 -14 15 -16 -17 17 -19 19 24 29 -23 -24 -25 27 -27 -28 28 -30 -31
leaf_value=0.033878028073826706 0.010421560819506299 -0.014700785598536381 0.015824298556752114 -0.033774920812956868 -0.033724369586933943 0.03405078086137045 -0.033596039530816392 0.033962422113690736 -0.033688174810311285 -0.033834542369949275 -0.03360098533776705 -0.033645179375851084 0.03400782599985052 0.033860859277598569 -0.033689035043440389 0.033923023736368893 -0.033691652873972799 -0.03360887889907082 -0.033573891182936952 -0.0336105380437106 -0.033600862831809415 -0.033649305041131054 0.03388341794041784 -0.033611360451059849 -0.033600606065644266 0.033873241699405178 -0.033604395401336355 -0.033600917370305447 -0.033601137136297858 -0.033601101325731859
leaf_weight=0.45908308587968871 0.88503962755203103 4.7923853024840337 6.1364202350378036 0.3692745454609393 0.36152420379221428 0.76129648648202453 0.24583062622696228 0.65158451907336734 0.49560849089175452 0.33773324824869622 0.42604942712932803 0.33775040134787593 0.44314413890242565 0.38402184844017029 0.38391003012657154 0.57659718580543995 0.34560241922736168 0.47363717295229435 0.27480430155992541 0.30110034160316024 0.2505048792809248 0.27384440694004297 0.40374222956597794 0.40205589681863785 0.37809752393513951 4.7239220142364502 0.25331373047083616 0.29118345864117179 2.3896497776731849 0.33847698103636503
leaf_count=24 12 20 25 25 20 31 20 30 26 16 34 20 19 21 24 28 21 37 21 20 20 19 21 31 26 249 20 20 164 27
internal_value=0.000700818 0.0161175 0.00243876 -0.0296647 -0.018257 0.0339069 -0.033638 0.0339715 -0.0336307 -0.0336631 -0.033636 -0.033613 0.0339422 0.0339241 -0.0336355 0.0338982 -0.0336236 -0.0336438 -0.0336036 -0.0335998 -0.0336113 -0.0336199 0.0338744 -0.0336052 -0.0336019 0.0338737 -0.0336003 -0.0336011 -0.0336011 -0.033601
internal_weight=29.1472 19.3322 10.9288 9.81499 2.53544 8.40339 7.27955 2.81664 6.91028 2.44208 1.6504 4.46819 2.05535 1.6122 2.10435 0.960619 1.72044 0.81924 3.97259 3.63484 1.28888 0.699894 5.58675 0.9012 3.36003 5.18301 0.499144 3.05893 2.68083 0.588982
internal_count=1091 468 45 623 132 423 491 129 466 169 120 297 98 79 153 49 129 58 271 251 100 53 294 71 230 273 40 210 184 47
is_linear=0
shrinkage=0.05


Tree=178
num_leaves=31
num_cat=0
split_feature=3 1 14 0 1 7 2 1 3 3 7 3 1 1 1 1 0 0 4 3 3 2 2 1 7 7 0 3 1 7
split_gain=2.49292 3.35931 1.51081 0.951351 1.58816 1.09056 0.832812 0.342131 0.334715 0.204072 0.269446 0.121918 0.16829 0.0210825 0.00469572 0.000169032 2.22737e-05 1.35353e-06 1.26007e-06 1.07358e-06 9.12769e-07 3.01158e-07 2.74993e-07 2.81337e-07 9.45373e-08 8.26246e-08 8.05215e-08 6.46008e-08 1.01688e-08 9.83714e-09
threshold=0.11277836960585665 350.50000000000006 1796.0000000000002 52.835000000000008 409.50000000000006 17.248000000000005 8324.5000000000018 532.00000000000011 0.085523332883546924 0.010817760010201018 10.550275000000001 0.040930748703007121 375.50000000000006 405.50000000000006 548.50000000000011 700.50000000000011 43.625000000000007 57.380525000000006 1.0000000180025095e-35 0.022802445004745712 0.067940537165840045 3965.0000000000005 3965.0000000000005 317.00000000000006 12.873500000000002 19.702500000000004 62.268930000000005 0.14244935990179933 222.50000000000003 23.381000000000004
decision_type=2 2 2 2 2 2 2 2 2 2 2 2 2 2 2 2 2 2 2 2 2 2 2 2 2 2 2 2 2 2
left_child=1 19 3 6 -5 -6 9 -7 15 10 16 -11 -13 -14 -15 -9 -3 -17 -2 28 -16 -20 -21 24 -24 -26 -19 -23 -1 -29
right_child=18 2 -4 4 5 7 -8 8 -10 11 -12 12 13 14 20 17 -18 26 21 22 -22 27 23 -25 25 -27 -28 29 -30 -31
leaf_value=-0.033601562864029565 -0.033689886582869151 0.033900020364688685 -0.038583296794258953 -0.015695410342135094 -0.0078890939575982123 0.057397086208099024 -0.011310470205916608 0.034682967951323217 -0.0049647933841907872 0.050758843073590437 -0.0061746996524243425 0.006590157186557033 0.043880628619451384 0.038831998529470474 0.033881918361842525 0.033971986985403511 0.034298544094275782 0.033903160513822514 -0.033649074851832127 -0.033699516055553651 0.033970029158003977 -0.033576812815359659 -0.033651189093401854 -0.033696203017394059 -0.033601877354736409 -0.033641214310835214 0.033879419661242895 -0.033610524862729453 -0.033613627866287861 -0.033601048710000823
leaf_weight=2.6336620869115062 0.48160021938383479 0.69962075166404758 1.2437490001320828 4.2298115342855436 2.0739452969282866 1.2819792833179233 1.0544078089296816 1.0420987214893109 0.65533980540931214 1.9891631379723547 0.59000203199684609 0.44455140829086337 1.4446539282798769 0.8337389808148149 0.58013105019927003 0.6815978437662128 0.70282791927456856 0.54695691727101792 0.34185721725225482 0.28364279400557268 0.59579403512179852 0.27790298126637969 0.40250589326024033 0.21505234483629465 0.30318559799343348 0.2384982705116272 1.0292408447712658 0.30108610074967179 0.18704750481992949 3.0297780893743038
leaf_count=275 25 27 7 18 38 12 20 26 8 32 12 2 5 15 23 24 22 21 20 22 21 21 36 17 32 22 41 20 19 208
internal_value=0.00104522 0.00695732 0.0149228 0.0181728 0.00868991 0.0227978 0.0304217 0.0349499 0.0276743 0.0360055 0.0221737 0.040686 0.0355469 0.0392735 0.0359617 0.0341562 0.0340997 0.0339131 -0.0336135 -0.0336203 0.0339266 -0.0336042 -0.0336554 -0.0336446 -0.0336328 -0.0336192 0.0338877 -0.0336 -0.0336024 -0.0336019
internal_weight=30.4154 25.9832 21.7196 20.4759 11.541 7.31116 8.93489 5.23721 3.95523 7.88048 1.99245 5.88803 3.89887 3.45432 2.00966 3.29989 1.40245 2.2578 4.43222 4.26359 1.17593 3.95062 1.44288 1.15924 0.94419 0.541684 1.5762 3.60877 2.82071 3.33086
internal_count=1091 797 374 367 188 170 179 132 120 159 61 98 66 64 59 112 49 86 294 423 44 269 129 107 90 54 62 249 294 228
is_linear=0
shrinkage=0.05


Tree=179
num_leaves=31
num_cat=0
split_feature=3 0 8 14 1 2 1 1 4 3 4 2 0 7 3 2 1 1 2 7 1 3 0 0 3 0 1 7 10 0
split_gain=8.28624 0.509274 0.0116385 6.37092e-05 3.66478e-05 2.58298e-05 3.9438e-05 0.000100222 8.89804e-06 1.58308e-06 1.19201e-06 3.6272e-07 3.11273e-07 1.31701e-06 2.33288e-07 3.10733e-07 2.25523e-07 3.94812e-07 1.96551e-07 5.87724e-08 5.66095e-08 5.18278e-08 4.74275e-08 1.39701e-07 3.92997e-08 1.29566e-08 7.15169e-09 2.00133e-11 2.29639e-12 1.8312e-12
threshold=0.09969184575573993 55.19700000000001 5.462500000000003 1498.0000000000002 354.00000000000006 2519.0000000000005 417.50000000000006 350.50000000000006 1.0000000180025095e-35 0.086986916393657035 12.500000000000002 4773.5000000000009 54.414500000000004 17.695500000000006 0.022802445004745712 4646.0000000000009 147.50000000000003 1005.5000000000001 7560.5000000000009 12.873500000000002 654.50000000000011 0.14848215025473857 58.102235 48.52150000000001 0.058369040316740624 51.864500000000007 587.50000000000011 26.832500000000007 571.00000000000011 69.543040000000005
decision_type=2 2 2 2 2 2 2 2 2 2 2 2 2 2 2 2 2 2 2 2 2 2 2 2 2 2 2 2 2 2
left_child=3 -2 -3 5 -5 10 7 14 -4 12 16 -10 18 -14 -7 -16 -1 -18 25 -17 -15 -13 23 -19 -21 26 -8 -23 -29 -24
right_child=1 2 8 4 -6 6 9 -9 11 -11 -12 21 13 20 15 19 17 22 -20 24 -22 27 29 -25 -26 -27 -28 28 -30 -31
leaf_value=-0.033601111574669107 0.00036223948170216328 0.03929037856670535 0.034048947854152384 -0.033814949037293866 -0.034490407036068059 -0.033600899744543708 -0.033593264920154922 -0.0342429862768052 0.033912130478552648 -0.033749145676856634 -0.033727374338535121 0.033857303747940687 -0.033728582150968765 -0.033588106705039693 -0.033685611571631795 -0.033644954170118611 -0.033668932504598278 -0.033601022730120653 -0.033647735554364684 -0.033631059022880931 -0.033619367872548475 0.033873529434495807 -0.033600922782856056 -0.033647051531891556 -0.033600354319677728 -0.033612768725268187 -0.033603619806802348 0.033873148583627694 0.033873254934071596 -0.033601102552823704
leaf_weight=2.3236486511304979 1.2415734976530064 1.1545716058462838 0.8329663723707198 0.37857239320874292 0.42766807973384857 0.34392991196364198 0.25544007215648956 1.2625437835231421 0.61420120298862446 0.31734068784862746 0.23355724476277817 0.56004109792411316 0.35305910184979428 0.23665791098028421 0.36907855607569195 0.3505165446549654 0.39429411850869645 0.38851043675094821 0.33387007005512703 0.23152789287269115 0.37316611967980862 0.6941004842519759 0.25055989716202021 0.28634385298937559 0.18951453827321529 0.2736058197915554 0.48023911565542221 0.57802368514239777 4.1625664383172989 0.32594373635947704
leaf_count=243 27 20 22 33 12 36 21 38 20 17 16 20 20 20 30 32 27 31 23 22 28 24 20 20 20 21 38 20 144 26
internal_value=-0.00258277 0.0302963 0.0346196 -0.0337464 -0.0341732 -0.0337104 -0.0337831 -0.0339155 0.0338949 -0.0336444 -0.0336176 0.0338755 -0.03363 -0.0336517 -0.033637 -0.0336479 -0.0336111 -0.0336253 -0.0336145 -0.0336298 -0.0336072 0.0338718 -0.0336116 -0.0336206 -0.0336172 -0.0336035 -0.0336 0.0338733 0.0338732 -0.033601
internal_weight=20.2176 9.83804 8.59647 10.3796 0.80624 9.57335 5.37049 2.74711 7.4419 2.62338 4.20286 6.60893 2.30604 0.962883 1.48457 1.14064 3.9693 1.64565 1.34316 0.771559 0.609824 5.99473 1.25136 0.674854 0.421042 1.00929 0.735679 5.43469 4.74059 0.576504
internal_count=1091 297 270 794 45 749 366 178 250 188 383 228 171 68 140 104 367 124 103 74 48 208 97 51 42 80 59 188 164 46
is_linear=0
shrinkage=0.05


Tree=180
num_leaves=31
num_cat=0
split_feature=1 3 3 3 2 2 1 4 3 1 3 1 1 1 1 3 3 3 1 4 2 0 7 2 3 0 0 7 3 1
split_gain=5.05957 1.83682 1.26192 1.273 0.802629 0.665024 0.606087 0.675242 0.184407 0.442112 0.156814 0.0460402 0.0177852 0.0133153 0.000221788 3.27432e-06 1.61881e-06 4.7743e-06 1.2153e-06 1.05392e-06 5.56908e-07 3.12253e-07 5.6599e-07 2.45308e-07 6.30816e-08 5.67185e-08 1.75798e-07 2.25511e-08 1.74347e-08 3.87621e-09
threshold=417.50000000000006 0.08207267417633847 0.022802445004745712 0.040523269866985685 3549.5000000000005 5030.5000000000009 405.50000000000006 7.5000000000000009 0.0099647634353574616 1003.0000000000001 0.048530965109316211 357.00000000000006 377.50000000000006 326.50000000000006 290.00000000000006 0.021360524015249797 0.09969184575573993 0.091852391733789132 1005.5000000000001 1.0000000180025095e-35 8214.5000000000018 53.004760000000012 18.264500000000005 3965.0000000000005 0.14131452864802432 58.102235 48.52150000000001 23.381000000000004 0.061535499639123532 670.00000000000011
decision_type=2 2 2 2 2 2 2 2 2 2 2 2 2 2 2 2 2 2 2 2 2 2 2 2 2 2 2 2 2 2
left_child=1 2 11 5 -5 -4 7 -6 9 -2 -9 14 13 -12 -1 -10 17 20 -11 -18 21 28 -23 -21 -25 26 -20 -26 29 -17
right_child=8 -3 3 4 6 -7 -8 10 15 18 12 -13 -14 -15 -16 16 19 -19 25 23 -22 22 -24 24 27 -27 -28 -29 -30 -31
leaf_value=0.033838333391787302 0.010744043500445119 -0.055363813054310131 -0.043692852217592754 -0.01985463728478757 0.0086084596576117191 6.1552005938172354e-05 -0.0032347924712595559 0.068897487616029707 -0.033771427658832218 -0.033702294689875116 0.033862693815081356 0.044085498071868734 0.047425262217012647 0.044477856866947808 0.03511712741010295 -0.033578434289581995 -0.033666771476078598 -0.03384245718726759 -0.033583633055479727 -0.033628884754830994 -0.03367687265030482 -0.033681145826743884 -0.033595737359861468 -0.033559335380453005 -0.033598387626841988 -0.033583663732016593 -0.033635869662307243 -0.033583701733509899 -0.033596872978214128 -0.03358715424046637
leaf_weight=5.1031465400010445 0.8788758814334855 0.86610239744186301 1.2654636893421392 0.99323479458689679 1.4626013394445179 2.7679169941693544 1.1836636513471601 0.79109440371394191 0.34980503469705571 0.34135600738227356 0.62394814193248771 1.4000110030174253 1.2576926201581953 0.56106529571115971 0.36319187097251404 0.2754490394145257 0.46607264969497908 0.27770066633820523 0.38711118791252352 0.31994786392897401 0.37062728404998768 0.33526453003287315 0.46028518863022327 0.25819190684706006 0.28765847161412272 0.55140374507755041 0.27583267632871866 2.8636526977643371 0.35594358760863543 0.23718357551842928
leaf_count=287 12 3 13 15 37 34 4 13 25 20 34 7 5 6 10 24 26 13 33 20 24 21 38 21 20 47 20 210 29 20
internal_value=0.000713411 0.0157389 0.0192039 0.00863274 0.0217182 -0.0136663 0.0287405 0.0367995 -0.0294256 -0.017604 0.0495499 0.0359953 0.0432839 0.0388886 0.0339233 -0.0336224 -0.0336144 -0.033648 -0.0336189 -0.0335959 -0.0336214 -0.0336091 -0.0336317 -0.033587 -0.0335831 -0.0335955 -0.0336054 -0.033585 -0.0335884 -0.0335825
internal_weight=27.9315 18.6391 17.773 10.9067 6.8733 4.03338 5.88007 4.6964 9.29236 2.43458 3.2338 6.86635 2.44271 1.18501 5.46634 6.85778 6.50798 2.31245 1.5557 4.19552 2.03475 1.66413 0.79555 3.72945 3.4095 1.21435 0.662944 3.15131 0.868576 0.512633
internal_count=1091 468 465 161 114 47 99 95 623 132 58 304 45 40 297 491 466 169 120 297 156 132 59 271 251 100 53 230 73 44
is_linear=0
shrinkage=0.05


Tree=181
num_leaves=31
num_cat=0
split_feature=3 1 14 1 3 3 1 1 3 2 0 7 1 4 3 0 0 2 2 1 3 7 1 7 3 7 1 7 7 0
split_gain=2.33203 3.10407 1.43 0.882498 0.310411 0.0939995 0.387122 0.00383475 3.68068e-05 4.19685e-06 2.34212e-06 5.31204e-06 1.93085e-06 1.05379e-06 8.78834e-07 4.63315e-07 1.43868e-06 2.87411e-07 2.25109e-07 2.30178e-07 1.44906e-07 7.73368e-08 7.43205e-08 6.76479e-08 5.13784e-08 2.24966e-08 8.32966e-09 1.72392e-09 3.93039e-11 1.75358e-11
threshold=0.11277836960585665 350.50000000000006 1796.0000000000002 414.00000000000006 0.09969184575573993 0.0099647634353574616 1003.0000000000001 451.00000000000006 0.086986916393657035 8214.5000000000018 53.004760000000012 17.695500000000006 1005.5000000000001 1.0000000180025095e-35 0.022802445004745712 58.102235 48.52150000000001 3965.0000000000005 3965.0000000000005 317.00000000000006 0.049461049613345083 12.873500000000002 673.00000000000011 19.702500000000004 0.14244935990179933 23.381000000000004 222.50000000000003 8.8192800000000009 26.746000000000002 68.52676000000001
decision_type=2 2 2 2 2 2 2 2 2 2 2 2 2 2 2 2 2 2 2 2 2 2 2 2 2 2 2 2 2 2
left_child=1 14 3 -3 5 6 -5 -7 9 10 22 -12 -8 -2 26 16 -14 -15 -16 21 -13 -20 -9 -23 -19 -26 27 -1 -27 -17
right_child=13 2 -4 4 -6 7 12 8 -10 -11 11 20 15 17 18 29 -18 24 19 -21 -22 23 -24 -25 25 28 -28 -29 -30 -31
leaf_value=-0.03358843236078958 -0.033668368946476075 0.0063327943104148554 -0.038067344094116627 -0.00072855704439941222 0.0012850693146509869 0.037707800783902262 0.0339637574375804 0.033829049149636893 0.034305339537279815 0.034014728192216688 0.034037979715219067 0.033837802496432375 0.033837729250697147 -0.033632576164686144 -0.033675778332335503 0.033837572912993753 0.033943842291663223 -0.033561958767354967 -0.033630590835205712 -0.033672667685572338 0.033874520366641923 -0.033584489511707359 0.033850237348100019 -0.033621274712981201 -0.03359837480513897 -0.033583206884072785 -0.033595478117838667 -0.033583780476489328 -0.033583770153721153 0.033837977708390275
leaf_weight=0.21852655429393797 0.4528737161308517 9.1571667045354896 1.219314619898795 1.107739679515358 1.0218595564365394 0.79770211502909649 0.57572079449892077 0.82351921126246475 0.67018774338066567 0.72481143102049816 0.63368928432464589 0.55731269530951955 0.76841658353805564 0.32383979484438929 0.26562419813126315 0.46556840278208234 0.54666673578321934 0.26099495869129929 0.37687480263411977 0.20137926191091537 0.518867002800107 0.2838412756100297 0.83199221454560757 0.22331144660711288 0.28764480352401767 0.353844499215484 0.17512010503560294 2.2471310226246715 2.4825147800147533 0.62900786474347115
leaf_count=24 25 37 7 12 3 18 20 36 17 24 20 24 33 20 22 20 20 21 36 17 21 32 35 22 20 26 19 251 182 27
internal_value=0.00106258 0.00682267 0.0144887 0.0177203 0.0274904 0.0302649 0.0245148 0.0344995 0.0339619 0.0339056 0.0338821 0.0339231 0.0338815 -0.0335964 -0.0336017 0.0338618 0.0338818 -0.0335876 -0.0336345 -0.0336244 0.0338555 -0.0336134 0.0338397 -0.0336007 -0.0335833 -0.0335851 -0.0335849 -0.0335842 -0.0335837 0.0338378
internal_weight=29.2031 25.0414 21.0495 19.8302 10.6731 9.6512 4.09312 5.55808 4.76038 4.09019 3.36538 1.70987 2.98538 4.16171 3.99181 2.40966 1.31508 3.70884 1.35103 1.08541 1.07618 0.884028 1.65551 0.507153 3.385 3.124 2.64078 2.46566 2.83636 1.09458
internal_count=1091 797 374 367 330 327 132 195 177 160 136 65 120 294 423 100 53 269 129 107 45 90 71 54 249 228 294 275 208 47
is_linear=0
shrinkage=0.05


Tree=182
num_leaves=31
num_cat=0
split_feature=3 3 14 0 2 1 1 4 2 3 4 3 0 7 2 1 1 3 2 7 0 0 1 7 3 0 1 7 2 3
split_gain=7.76625 0.423786 6.39085e-05 3.48255e-05 2.30833e-05 3.40919e-05 8.80741e-05 8.66259e-06 2.16622e-06 1.71368e-06 1.09899e-06 3.97559e-07 3.07724e-07 1.36703e-06 2.63626e-07 2.27398e-07 3.30853e-07 1.91006e-07 2.54359e-07 1.84359e-07 5.89498e-08 1.70462e-07 5.29262e-08 4.81175e-08 3.21946e-08 1.84866e-08 6.82299e-09 3.26022e-10 3.15703e-11 6.11866e-12
threshold=0.11277836960585665 0.09969184575573993 1498.0000000000002 50.580555000000011 2519.0000000000005 417.50000000000006 350.50000000000006 1.0000000180025095e-35 3965.0000000000005 0.089017473838194208 12.500000000000002 0.14244935990179933 54.414500000000004 17.695500000000006 7560.5000000000009 147.50000000000003 1005.5000000000001 0.022802445004745712 4646.0000000000009 23.381000000000004 58.102235 48.52150000000001 654.50000000000011 12.873500000000002 0.058369040316740624 51.864500000000007 587.50000000000011 26.746000000000002 5736.5000000000009 0.17243108127731724
decision_type=2 2 2 2 2 2 2 2 2 2 2 2 2 2 2 2 2 2 2 2 2 2 2 2 2 2 2 2 2 2
left_child=1 2 4 -4 10 6 17 -2 -9 12 15 -10 14 -14 25 -1 -17 -6 -19 -13 21 -18 -15 -20 -25 26 -7 -21 -29 -30
right_child=7 -3 3 -5 5 9 -8 8 11 -11 -12 19 13 22 -16 16 20 18 23 27 -22 -23 -24 24 -26 -27 -28 28 29 -31
leaf_value=-0.033583770609178151 0.034010051938397345 -9.3545759899273659e-05 -0.034567207495020645 -0.033885470258337026 -0.033583573705953038 -0.033574792190090158 -0.034201424592135467 0.033933481355325083 0.033795082452156837 -0.033745776610091434 -0.033709026447988996 0.033867678070371054 -0.033715862335655163 -0.033570050717834338 -0.033637844699660115 -0.033649932270992777 -0.033583643200285861 -0.033662784111417543 -0.033624771456235436 0.033836847048207538 -0.033583686583426038 -0.033635765888007589 -0.033601357797253366 -0.033611781493747835 -0.03358305995550151 -0.033597094177266813 -0.033585072058213671 0.033837638167569302 0.033838159680814897 0.033838013075263608
leaf_weight=2.175418763421475 0.89655671641230394 1.0354665815830237 0.31712058093398887 0.45769881643354893 0.32199057377874885 0.24884297046810455 1.2047690898180006 0.638044063001871 0.51994509063661087 0.2798958048224448 0.22071991395205248 0.57072878628969181 0.34092128090560425 0.21980959177017212 0.32246559206396341 0.37209859304130066 0.36366204451769568 0.34561750479042508 0.32820083573460579 0.70237368717789639 0.53972161281853914 0.27584022656083107 0.34987606015056372 0.21678168699145317 0.17742100358009338 0.25795427151024342 0.45941616781055927 0.54113071784377087 0.89376602321863163 3.4928324222564697
leaf_count=243 25 3 12 33 36 22 38 20 21 15 16 20 20 20 23 27 31 30 32 26 46 20 28 22 20 21 39 20 33 129
internal_value=-0.00266972 -0.0305133 -0.0337287 -0.0341645 -0.0336913 -0.0337618 -0.0338885 0.0338633 0.0338454 -0.0336293 -0.0336006 0.0338371 -0.0336144 -0.0336367 -0.0335987 -0.0335942 -0.0336088 -0.0336173 -0.0336275 0.0338406 -0.0335959 -0.0336061 -0.0335893 -0.0336106 -0.0335989 -0.0335856 -0.0335815 0.0338379 0.033838 0.033838
internal_weight=19.0871 10.8317 9.79624 0.774819 9.02142 5.07396 2.59478 8.25538 7.35882 2.47918 3.94746 6.72078 2.19929 0.910607 1.28868 3.72674 1.55132 1.39001 1.06802 6.20083 1.17922 0.639502 0.569686 0.722404 0.394203 0.966213 0.708259 5.6301 4.92773 4.3866
internal_count=1091 797 794 45 749 366 178 294 269 188 383 249 173 68 105 367 124 140 104 228 97 51 48 74 42 82 61 208 182 162
is_linear=0
shrinkage=0.05


Tree=183
num_leaves=31
num_cat=0
split_feature=1 1 0 7 7 2 1 0 1 12 3 2 3 3 3 4 7 1 7 2 1 7 1 3 7 1 0 7 7 2
split_gain=4.65663 1.7458 0.849995 0.190137 1.92986 0.000164398 0.000270728 5.07044e-05 1.11646e-05 3.2647e-05 6.84651e-06 3.03761e-06 1.36211e-06 2.55075e-06 8.98044e-07 8.67049e-07 6.06364e-07 4.30997e-07 4.07368e-07 2.00428e-07 1.94784e-07 1.49427e-07 8.35115e-08 5.22068e-08 1.84606e-08 9.02896e-09 3.12354e-09 2.57056e-09 3.33205e-11 3.41238e-12
threshold=417.50000000000006 350.50000000000006 52.835000000000008 16.047000000000001 15.201610000000001 2253.0000000000005 1004.5000000000001 53.168830000000007 705.50000000000011 70.000000000000014 0.022802445004745712 4646.0000000000009 0.09969184575573993 0.08174730328420117 0.040523269866985685 1.0000000180025095e-35 13.779190000000002 1005.5000000000001 17.847000000000001 3965.0000000000005 855.50000000000011 24.748500000000003 611.50000000000011 0.14131452864802432 23.381000000000004 218.50000000000003 44.082225000000008 8.8192800000000009 26.746000000000002 5736.5000000000009
decision_type=2 2 2 2 2 2 2 2 2 2 2 2 2 2 2 2 2 2 2 2 2 2 2 2 2 2 2 2 2 2
left_child=1 10 -3 4 7 6 -5 8 9 -2 25 -12 13 18 -13 -14 -16 20 -7 -17 -10 -8 -20 -21 -25 27 -19 -1 -26 -30
right_child=3 2 -4 5 -6 12 21 -9 17 -11 11 14 15 -15 16 19 -18 26 22 23 -22 -23 -24 24 28 -27 -28 -29 29 -31
leaf_value=0.033809285529955851 -0.033584609367366236 -0.01379509127091319 0.014705072465927128 -0.03510738538223776 0.1029547373435368 -0.033649365358990276 -0.033622323351421401 -0.034385572181516652 -0.033607478259195751 -0.034305128132356678 0.033995864525973196 0.03392911525414985 -0.033645376625842507 -0.033780775269134221 0.033885709967169629 -0.033609740690220415 0.033817632431913616 -0.033567490705617202 -0.033555676187723642 -0.033543993965692763 -0.033662801214555324 -0.03357430208214942 -0.033593140665097852 -0.033581225580439793 -0.033567023403057859 0.033813761550061126 -0.033575303711397546 0.033805101535949483 -0.033567386446040855 -0.033567580097821265
leaf_weight=0.40277762524784222 0.40652849152684112 4.6467921361327154 5.9865947216749191 0.51656585186719872 0.2934712441638111 0.31415629107505061 0.26133865118026733 0.31644614227116097 0.34314968809485413 0.25635219924151897 0.70094765629619393 0.51852014660835255 0.43682877626270089 0.25311022996902466 0.64827601145952918 0.29956195130944285 0.66018880903720856 0.24166019167751074 0.22791074030101299 0.22960301116108928 0.29664900898933411 0.42615401651710272 0.4282359704375267 0.26930609904229674 0.33124550431966815 0.35407567769289006 0.27180435787886381 4.1443887110799551 0.25520406011492047 2.0943958144634962
leaf_count=24 35 20 25 7 14 22 20 13 28 12 31 25 26 14 34 20 39 22 22 20 20 38 36 20 26 21 24 249 20 164
internal_value=0.000729802 0.0152436 0.0022505 -0.0291636 -0.0172586 -0.0337166 -0.0342424 -0.0338015 -0.0336997 -0.0338633 0.0338405 0.0339074 -0.0335934 -0.0336394 0.0338734 -0.033579 0.0338514 -0.0336057 -0.0336025 -0.0335706 -0.0336331 -0.0335926 -0.0335801 -0.033567 -0.0335687 0.0338061 -0.0335716 0.0338055 -0.0335675 -0.0335676
internal_weight=26.8322 18.0626 10.6334 8.76968 2.42606 6.34362 1.20406 2.13259 1.81614 0.662881 7.42917 2.52793 5.13956 1.22341 1.82698 3.91615 1.30846 1.15326 0.970303 3.47932 0.639799 0.687493 0.656147 3.17975 2.95015 4.90124 0.513465 4.54717 2.68085 2.3496
internal_count=1091 468 45 623 168 455 65 154 141 47 423 129 390 94 98 296 73 94 80 270 48 58 58 250 230 294 46 273 210 184
is_linear=0
shrinkage=0.05


Tree=184
num_leaves=31
num_cat=0
split_feature=3 1 14 0 1 7 2 1 3 3 7 3 1 1 1 1 0 3 0 4 3 2 1 2 7 0 3 7 7 1
split_gain=2.17515 2.89279 1.34196 0.875409 1.37905 1.08688 0.835934 0.321401 0.349703 0.196668 0.266619 0.115561 0.171145 0.0161197 0.00393573 0.000166688 2.29645e-05 1.0103e-06 9.05244e-07 8.62506e-07 6.08226e-07 3.2926e-07 2.49487e-07 2.35248e-07 6.4393e-08 5.37223e-08 4.20439e-08 3.64812e-08 1.84168e-08 6.64436e-09
threshold=0.11277836960585665 350.50000000000006 1796.0000000000002 52.835000000000008 409.50000000000006 17.248000000000005 8324.5000000000018 532.00000000000011 0.086986916393657035 0.010817760010201018 10.550275000000001 0.040930748703007121 375.50000000000006 405.50000000000006 548.50000000000011 700.50000000000011 43.625000000000007 0.022802445004745712 57.380525000000006 1.0000000180025095e-35 0.067940537165840045 4646.0000000000009 317.00000000000006 3965.0000000000005 12.873500000000002 62.268930000000005 0.14244935990179933 17.144170000000006 23.381000000000004 222.50000000000003
decision_type=2 2 2 2 2 2 2 2 2 2 2 2 2 2 2 2 2 2 2 2 2 2 2 2 2 2 2 2 2 2
left_child=1 17 3 6 -5 -6 9 -7 15 10 16 -11 -13 -14 -15 -9 -3 29 -17 -2 -16 -19 24 -21 -23 -20 -25 -26 -28 -1
right_child=19 2 -4 4 5 7 -8 8 -10 11 -12 12 13 14 20 18 -18 21 25 23 -22 22 -24 26 27 -27 28 -29 -30 -31
leaf_value=-0.033567952364603519 -0.033646652400295567 0.033828453149595532 -0.037503218576553053 -0.014665794227689348 -0.0093358044862298113 0.056661985749451284 -0.013074960897291994 0.034634066983901861 -0.0079543370808378283 0.050332336372823611 -0.0074609659811643156 0.0053938365677842276 0.04305032989644255 0.03857649127619401 0.033812680149917833 0.033891294403040804 0.03425760685379791 -0.033664047902070164 0.033831196241713456 -0.033613190415582472 0.03388946282774765 -0.033612135258822499 -0.033658265204336631 -0.033547163923862248 -0.033564145674435934 0.033810493878499333 -0.03358121367243621 -0.033593705671085154 -0.033567490962503659 -0.033578371791527735
leaf_weight=2.3082588771358203 0.42406345531344358 0.61385078355670486 1.1863120943307865 4.1579054892063123 1.9730917681008575 1.2402812447398899 1.0100386999547479 0.99137253127992231 0.59277523308992375 1.8562420736998317 0.56086449697613705 0.43047095835208926 1.3807142972946169 0.76935105025768269 0.50898688845336415 0.59825234301388253 0.63335541449487209 0.35686132078990318 0.4799112584441898 0.30320696253329549 0.52286369912326336 0.30454458203166723 0.19299631007015705 0.24431916978210244 0.17072453303262591 0.90300321578979492 0.2692932998761538 0.26857525203377008 2.655293196439743 0.16386703029274929
leaf_count=275 25 27 7 18 38 12 20 27 7 32 12 2 5 15 23 24 22 31 21 20 21 31 17 21 21 41 20 29 208 19
internal_value=0.00109028 0.00667772 0.0141071 0.0172921 0.00800432 0.0219097 0.0295498 0.0347385 0.027112 0.0354664 0.0211708 0.0401928 0.0349826 0.0389856 0.0358697 0.0341048 0.0340464 -0.0335874 0.0338399 -0.0335793 0.0338516 -0.0336232 -0.0336076 -0.0335711 -0.0335945 0.0338177 -0.0335671 -0.0335822 -0.0335688 -0.0335686
internal_weight=28.0716 24.1755 20.4096 19.2233 10.9366 6.77869 8.28674 4.8056 3.56531 7.2767 1.80807 5.46863 3.61239 3.18192 1.8012 2.97254 1.24721 3.76583 1.98117 3.89618 1.03185 1.2937 0.936841 3.47211 0.743844 1.38291 3.16891 0.4393 2.92459 2.47213
internal_count=1091 797 374 367 188 170 179 132 120 159 61 98 66 64 59 113 49 423 86 294 44 129 98 269 81 62 249 50 228 294
is_linear=0
shrinkage=0.05


Tree=185
num_leaves=31
num_cat=0
split_feature=3 0 0 14 0 2 1 1 4 3 4 0 7 3 2 2 1 1 2 3 7 0 0 1 3 0 1 3 3 0
split_gain=7.26695 0.520788 0.0111287 6.11342e-05 3.39875e-05 2.10446e-05 3.17575e-05 7.80329e-05 5.97734e-06 1.3937e-06 1.08072e-06 2.64535e-07 1.15938e-06 2.35537e-07 3.48459e-07 2.15564e-07 2.13928e-07 3.4676e-07 1.91802e-07 6.48182e-08 4.97022e-08 4.82816e-08 1.39609e-07 4.36724e-08 3.57875e-08 1.52106e-08 5.86634e-09 2.57012e-11 5.28644e-12 1.27259e-12
threshold=0.09969184575573993 55.19700000000001 57.498500000000007 1498.0000000000002 50.580555000000011 2519.0000000000005 417.50000000000006 350.50000000000006 1.0000000180025095e-35 0.089017473838194208 12.500000000000002 54.414500000000004 17.695500000000006 0.022802445004745712 4646.0000000000009 7560.5000000000009 147.50000000000003 1005.5000000000001 4899.0000000000009 0.040523269866985685 13.779190000000002 58.102235 48.52150000000001 654.50000000000011 0.14848215025473857 51.864500000000007 587.50000000000011 0.16790231968028954 0.18733876940722391 69.543040000000005
decision_type=2 2 2 2 2 2 2 2 2 2 2 2 2 2 2 2 2 2 2 2 2 2 2 2 2 2 2 2 2 2
left_child=3 -2 -3 5 -5 10 7 13 -4 11 16 15 -13 -7 -15 25 -1 -18 -10 -16 -21 22 -19 -14 -20 26 -8 -26 -29 -23
right_child=1 2 8 4 -6 6 9 -9 18 -11 -12 12 23 14 19 -17 17 21 24 20 -22 29 -24 -25 27 -27 -28 28 -30 -31
leaf_value=-0.03356755636192936 -0.0013246260544842316 0.039356871100454612 0.033958322409606743 -0.034549969993350596 -0.033862281917013716 -0.033567325323682611 -0.033558914551001552 -0.03416834226533335 0.033835214807710193 -0.033718933825317314 -0.033694767293222017 -0.03369306458867137 -0.033554604918157857 -0.033659035957419307 -0.033620668530023462 -0.033618024891661824 -0.033635804514377858 -0.033567437314601822 0.033790918751700365 -0.033603469775687976 -0.03357133966292488 -0.033567388230294926 -0.033616187471013761 -0.03358400395346469 0.033804765426992699 -0.03357996840698791 -0.033568770008930625 0.033805281289720532 0.033805112908737361 -0.033567548309118699
leaf_weight=2.0365463150665173 1.1637771613895873 1.0550923757255075 0.731361724436283 0.30745146609842855 0.43230132106691599 0.3013747921213511 0.23268062155693836 1.1539896810427306 0.53418186120688904 0.26206194702535857 0.21015584282577027 0.31993289943784464 0.20561919175088406 0.33952026907354571 0.20484771765768528 0.30182452406734228 0.35278355423361052 0.34044671617448308 0.49092962592840184 0.23610301222652197 0.24553184071555734 0.21959772706031799 0.25826866552233696 0.3275589719414711 0.53217714838683594 0.24144807923585176 0.43008305691182613 0.53275197185575951 3.7279789689928293 0.28566937334835529
leaf_count=243 27 19 22 12 33 36 22 38 20 15 16 20 20 30 20 23 27 31 20 25 29 20 20 28 21 21 39 21 147 26
internal_value=-0.00278606 0.0298243 0.0345913 -0.0337121 -0.0341481 -0.0336742 -0.0337433 -0.0338676 0.0338236 -0.0336103 -0.0335846 -0.0335965 -0.0336178 -0.0336062 -0.0336176 -0.0335814 -0.033578 -0.0335927 0.0338067 -0.0335971 -0.0335871 -0.0335789 -0.0335885 -0.0335727 0.0338038 -0.0335692 -0.0335653 0.0338051 0.0338051 -0.0335675
internal_weight=18.014 8.76825 7.60447 9.2458 0.739753 8.50604 4.80258 2.48137 6.54938 2.32121 3.70347 2.05915 0.853111 1.32738 1.026 1.20604 3.49331 1.45677 5.81802 0.686483 0.481635 1.10398 0.598715 0.533178 5.28384 0.904212 0.662764 4.79291 4.26073 0.505267
internal_count=1091 297 270 794 45 749 366 178 251 188 383 173 68 140 104 105 367 124 229 74 54 97 51 48 209 82 61 189 168 46
is_linear=0
shrinkage=0.05


Tree=186
num_leaves=31
num_cat=0
split_feature=1 3 3 3 2 2 1 4 3 1 3 1 1 3 3 3 1 4 2 0 7 0 0 0 2 3 3 7 3 7
split_gain=4.31676 1.7189 1.19864 1.2112 0.740133 0.613307 0.57786 0.644276 0.199589 0.437306 0.0830484 0.0380338 0.000201612 7.47914e-06 1.49149e-06 3.65769e-06 8.22424e-07 7.24843e-07 5.27654e-07 3.30716e-07 6.58253e-07 1.94601e-07 6.45861e-08 2.09486e-07 3.48662e-08 2.88976e-08 2.14277e-08 1.28191e-08 4.0866e-09 1.75766e-09
threshold=417.50000000000006 0.08207267417633847 0.022802445004745712 0.040523269866985685 3549.5000000000005 5030.5000000000009 405.50000000000006 7.5000000000000009 0.0099647634353574616 1003.0000000000001 0.056513603503342842 357.00000000000006 300.50000000000006 0.021360524015249797 0.09969184575573993 0.091852391733789132 1005.5000000000001 1.0000000180025095e-35 8214.5000000000018 53.004760000000012 17.695500000000006 55.19700000000001 58.102235 48.804000000000009 4484.0000000000009 0.144306132441514 0.061535499639123532 20.957500000000007 0.04311170817113253 8.8192800000000009
decision_type=2 2 2 2 2 2 2 2 2 2 2 2 2 2 2 2 2 2 2 2 2 2 2 2 2 2 2 2 2 2
left_child=1 2 11 5 -5 -4 7 -6 9 -2 -9 12 29 -10 15 18 -11 -16 19 26 -21 -19 23 -18 -23 -26 28 -22 -15 -1
right_child=8 -3 3 4 6 -7 -8 10 13 16 -12 -13 -14 14 17 -17 22 21 -20 20 27 24 -24 -25 25 -27 -28 -29 -30 -31
leaf_value=0.033777751576367858 0.011910828487134817 -0.054980100365968669 -0.043115261788083697 -0.01988218999058872 0.0078937526093178605 -0.00047672245551433053 -0.0032472073318678876 0.060082272447973178 -0.033829731213857343 -0.03365925820883376 0.042927740393273454 0.043402179719994674 0.035077156373620438 -0.033544404033389826 -0.033626765978481334 -0.033795925883690521 -0.033552212369114813 -0.033593152121538371 -0.033648637399337759 -0.03366251017434372 -0.033556107289454067 -0.033569913907285316 -0.033552296707988337 -0.033612807898220382 -0.033533626341769672 -0.03355219544189509 -0.033566555144313913 -0.03357344612137194 -0.033554002613858686 0.033774310522268168
leaf_weight=0.40819592680783046 0.85730823129415368 0.83821322023868461 1.2327459193766102 0.93739834986627091 1.3761523682624099 2.6699735093861818 1.1641081422567365 1.0983491484075787 0.32500713784247626 0.30193498451262701 1.9726820457726715 1.3341438174247739 0.31812383141368616 0.20768420118838571 0.41088952310383353 0.25146916415542353 0.34942631889134623 0.32328978087753091 0.33963751234114159 0.28702832944691181 0.21819607447832823 0.25642962194979224 0.48321552574634552 0.24100606329739094 0.22891906648874316 2.4721153825521469 0.31571937538683414 0.20842908602207899 0.23792336974292994 4.0835812222212553
leaf_count=26 12 3 13 15 37 34 4 20 25 20 38 7 9 21 26 13 34 23 24 19 21 20 47 19 21 207 29 19 23 262
internal_value=0.000739269 0.0148783 0.0184067 0.00810383 0.0212439 -0.0139449 0.0281142 0.0363235 -0.0289031 -0.0161179 0.049063 0.0359326 0.0338608 -0.0335964 -0.0335832 -0.0336172 -0.0335864 -0.0335642 -0.0335925 -0.0335795 -0.033604 -0.0335563 -0.0335659 -0.0335769 -0.0335523 -0.0335506 -0.0335566 -0.0335646 -0.0335495 0.0337746
internal_weight=25.7493 17.4337 16.5955 10.4514 6.54869 3.90272 5.61129 4.44718 8.31563 2.23289 3.07103 6.14404 4.8099 6.08274 5.75773 2.06609 1.37558 3.69164 1.81462 1.47498 0.713653 3.28075 1.07365 0.590432 2.95746 2.70103 0.761327 0.426625 0.445608 4.49178
internal_count=1091 468 465 161 114 47 99 95 623 132 58 304 297 491 466 169 120 297 156 132 59 271 100 53 248 228 73 40 44 288
is_linear=0
shrinkage=0.05


Tree=187
num_leaves=31
num_cat=0
split_feature=3 1 14 2 3 3 1 0 1 3 1 1 3 2 1 3 0 4 0 0 2 2 1 7 0 7 3 1 7 8
split_gain=2.03532 2.67333 1.25638 0.814835 1.12661 1.3026 1.31575 1.17801 0.436666 1.13211 0.00815283 0.000679761 2.12556e-05 1.53962e-06 1.011e-06 8.27119e-07 7.63452e-07 7.23042e-07 4.88773e-07 1.48163e-06 2.69548e-07 2.25666e-07 2.0424e-07 5.2712e-08 3.50192e-08 2.98711e-08 1.89041e-08 5.4433e-09 1.15517e-09 3.22509e-10
threshold=0.11277836960585665 350.50000000000006 1796.0000000000002 2973.0000000000005 0.029178725664960107 0.042433336331947409 409.50000000000006 54.985000000000007 532.00000000000011 0.09969184575573993 578.00000000000011 753.50000000000011 0.085523332883546924 7610.0000000000009 1005.5000000000001 0.022802445004745712 53.004760000000012 1.0000000180025095e-35 58.102235 48.52150000000001 4646.0000000000009 3965.0000000000005 317.00000000000006 12.873500000000002 56.290500000000009 17.144170000000006 0.14587549410427778 222.50000000000003 8.8192800000000009 7.6729999999999992
decision_type=2 2 2 2 2 2 2 2 2 2 2 2 2 2 2 2 2 2 2 2 2 2 2 2 2 2 2 2 2 2
left_child=1 15 3 10 7 -6 -7 -5 -8 12 -3 -12 13 16 -13 27 -10 -2 19 -16 -17 -19 23 -22 -23 -25 -26 28 -1 -28
right_child=17 2 -4 4 5 6 8 -9 9 -11 11 14 -14 -15 18 20 -18 21 -20 -21 22 24 -24 25 26 -27 29 -29 -30 -31
leaf_value=-0.033556473831718191 -0.033627953493430694 0.03996287740528244 -0.036575822602744709 0.017374258091694277 0.048884815125058982 -0.0097696035077850865 0.054385520395127923 -0.050528406641647899 0.033784000685043364 -0.042206043548453157 0.035292582109518654 0.033873407022427277 0.034204566789123356 0.033914292204381462 0.033774037756284174 -0.033642623703011201 0.033863105206485826 -0.033598943538670538 0.033774180780274388 0.033887884947019158 -0.033594080999348658 -0.033570209463043947 -0.033637214505228309 -0.033549202790152305 -0.033537611249002584 -0.033576848626729563 -0.033550434620168941 -0.033562513825011964 -0.03355240615195134 -0.033552374683226076
leaf_weight=0.19151291530580072 0.39885791111737434 0.74176589958370343 1.1698771864175785 1.1903892792761319 2.5759765971451989 4.6757916957139951 1.1899822708219288 1.3782633282244203 0.68745464459061689 0.6106579303741454 1.0904183369129898 0.61475814133882556 0.55232209898531426 0.64721351116895665 0.67392427287995837 0.33415311574935891 0.54827528074383736 0.28738466650247607 0.96013322286307801 0.49619917944073677 0.28512247884646058 0.25635995343327556 0.18071397766470909 0.15980988973751664 0.2443832224234942 0.25143888080492616 0.23692188225686583 0.15340283978730429 1.9692968530580399 2.2351274527609348
leaf_count=24 25 6 7 24 38 18 19 22 33 2 16 25 16 25 33 31 23 20 47 20 31 20 17 21 22 29 20 19 251 187
internal_value=0.00110653 0.00654453 0.013686 0.0168416 0.0108751 0.0175686 0.00851653 -0.0190603 0.0287016 0.0186674 0.0351645 0.0342365 0.0339318 0.0338518 0.0338169 -0.0335709 0.0338191 -0.0335644 0.0338006 0.0338223 -0.0336044 -0.0335566 -0.0335899 -0.0335776 -0.0335525 -0.0335661 -0.0335509 -0.0335534 -0.0335528 -0.0335522
internal_weight=26.9879 23.3289 19.8034 18.6335 14.0563 11.4877 8.9117 2.56865 4.23591 3.04592 4.5772 3.83543 2.43527 1.88294 2.74501 3.52545 1.23573 3.65904 2.13026 1.17012 1.21124 3.26018 0.877085 0.696371 2.97279 0.411249 2.71643 2.31421 2.16081 2.47205
internal_count=1091 797 374 367 220 174 136 46 118 99 147 141 97 81 125 423 56 294 100 53 129 269 98 81 249 50 229 294 275 207
is_linear=0
shrinkage=0.05


Tree=188
num_leaves=31
num_cat=0
split_feature=3 3 14 0 2 1 1 4 2 3 4 0 0 7 2 1 1 3 2 3 0 0 3 3 7 2 1 3 8 2
split_gain=6.82332 0.405928 6.08708e-05 4.00505e-05 1.87564e-05 2.73723e-05 6.85525e-05 5.915e-06 1.69803e-06 1.3839e-06 1.01454e-06 3.16063e-07 2.68844e-07 1.12723e-06 2.74261e-07 2.1579e-07 2.95269e-07 1.92854e-07 2.85283e-07 1.47083e-07 5.81735e-08 1.64834e-07 5.30278e-08 4.75331e-08 4.06949e-08 3.06302e-08 1.25643e-08 3.63166e-09 2.62317e-09 8.89839e-11
threshold=0.11277836960585665 0.09969184575573993 1498.0000000000002 49.885500000000008 2519.0000000000005 417.50000000000006 350.50000000000006 1.0000000180025095e-35 3965.0000000000005 0.091852391733789132 12.500000000000002 56.290500000000009 54.414500000000004 17.695500000000006 7682.5000000000009 147.50000000000003 1005.5000000000001 0.022802445004745712 4646.0000000000009 0.14587549410427778 58.102235 48.52150000000001 0.040523269866985685 0.055180029306808438 13.779190000000002 6617.0000000000009 561.50000000000011 0.043910763383208935 7.6729999999999992 5613.5000000000009
decision_type=2 2 2 2 2 2 2 2 2 2 2 2 2 2 2 2 2 2 2 2 2 2 2 2 2 2 2 2 2 2
left_child=1 2 4 -4 10 6 17 -2 -9 12 15 -10 14 -14 25 -1 -17 -6 -19 -13 21 -18 -20 -15 -24 26 -7 -28 -21 -30
right_child=7 -3 3 -5 5 9 -8 8 11 -11 -12 19 13 23 -16 16 20 18 22 28 -22 -23 24 -25 -26 -27 27 -29 29 -31
leaf_value=-0.033552397261558488 0.033927696520185305 -0.0003487451363255965 -0.034601074956580456 -0.033834665834824557 -0.033552181089498055 -0.033540661093782412 -0.034130335499856244 0.033865494568143854 0.033812469439798522 -0.033719363314798155 -0.033679558371234944 0.033745119876143759 -0.033681741944278094 -0.033548084913912084 -0.033617171206505501 -0.033619348254679264 -0.033552242691733423 -0.033637942744757364 -0.03360205804417609 0.033770386895126327 -0.033552321620608332 -0.033606535310614992 -0.03358598707874149 -0.03357892654579013 -0.033555939194031804 -0.033572406688311567 -0.033550494106989376 -0.033559173054108937 0.03377366481837888 0.033774389479279798
leaf_weight=1.9064526204019774 0.79058937728404899 1.0190699100494391 0.28328078333288509 0.42801801953464746 0.28212352283298991 0.19452819414436839 1.101071700453758 0.56678875349462021 0.5112831238657235 0.2101546712219714 0.1989827500656246 0.48671008832752694 0.30914745852351178 0.30009869206696749 0.23511887714266777 0.33328312449157227 0.31863973662257172 0.31791445892304182 0.19179131370037794 0.47076241113245476 0.47298648022115231 0.24908102210611105 0.22104532830417156 0.21402553003281355 0.22985235787928104 0.23260490782558918 0.20328753907233477 0.29610031098127365 0.47427508607506741 3.9665878172963858
leaf_count=243 25 3 10 35 36 20 38 20 20 12 16 22 20 30 18 27 31 30 20 20 46 20 25 19 29 21 20 28 20 167
internal_value=-0.00287375 -0.0302106 -0.0336966 -0.0341399 -0.0336573 -0.0337242 -0.0338431 0.0337986 0.0337828 -0.0335974 -0.0335699 0.0337749 -0.0335844 -0.0336063 -0.0335689 -0.0335633 -0.0335784 -0.0335885 -0.0335992 0.0337713 -0.0335653 -0.0335761 -0.03358 -0.0335609 -0.0335707 -0.0335567 -0.0335514 -0.0335556 0.0337739 0.0337743
internal_weight=17.0157 9.74866 8.72959 0.711299 8.01829 4.53886 2.3438 7.267 6.47641 2.19507 3.47943 5.90962 1.98491 0.823272 1.16164 3.28044 1.37399 1.24273 0.960603 5.39834 1.04071 0.567721 0.642689 0.514124 0.450898 0.926521 0.693916 0.499388 4.91163 4.44086
internal_count=1091 797 794 45 749 366 178 294 269 188 383 249 176 69 107 367 124 140 104 229 97 51 74 49 54 89 68 48 207 187
is_linear=0
shrinkage=0.05


Tree=189
num_leaves=31
num_cat=0
split_feature=1 3 2 13 2 1 7 0 3 3 0 1 0 1 11 1 1 3 3 2 3 4 1 7 2 0 7 0 7 0
split_gain=3.99303 1.52448 1.40932 4.91231 0.944519 1.00819 0.421217 0.632772 0.372256 0.136088 0.0631286 0.010536 0.0051403 0.00452786 0.00377141 0.00032622 0.000302773 5.4087e-06 3.15525e-06 2.74623e-06 7.41574e-07 5.93386e-07 5.44898e-07 5.04481e-07 3.76101e-07 1.66601e-07 2.339e-07 1.58951e-07 1.23341e-07 5.28958e-08
threshold=364.00000000000006 0.079562543123280441 2973.0000000000005 68.000000000000014 10341.000000000002 409.50000000000006 8.8192800000000009 47.651710000000001 0.020493931348161746 0.082773846981974 59.316585000000011 354.00000000000006 49.175500000000007 425.00000000000006 88.000000000000014 753.50000000000011 198.00000000000003 0.022802445004745712 0.09969184575573993 4679.0000000000009 0.040523269866985685 1.0000000180025095e-35 1005.5000000000001 12.873500000000002 8214.5000000000018 53.004760000000012 19.040000000000003 55.19700000000001 16.918600000000005 58.102235
decision_type=2 2 2 2 2 2 2 2 2 2 2 2 2 2 2 2 2 2 2 2 2 2 2 2 2 2 2 2 2 2
left_child=6 2 13 -4 5 -5 7 16 -7 -3 14 17 -11 -2 -10 -15 -1 -8 -14 -19 -21 -20 -17 -22 25 -16 -27 -23 -25 -24
right_child=1 9 3 4 -6 8 11 -9 10 12 -12 -13 18 15 24 22 -18 19 21 20 23 27 29 28 -26 26 -28 -29 -30 -31
leaf_value=0.033763844905632251 -0.039045981386013229 -0.06124530546860936 0.34411516981847601 0.0085654549155471261 0.047744686722688917 0.0072385146848763836 0.033746271805123393 -0.032893931699923662 -0.039261526202108134 -0.038967679034182294 -0.057047638099617028 0.039671587919216308 -0.033715671055676938 -0.034830815157443261 -0.033538168615898804 -0.033625724239762164 0.035749706539733132 0.033941831121992387 -0.033607799560490828 0.033869473440905427 0.033834561107859297 -0.033576336907687604 -0.033561184469907947 0.033738476416381905 -0.033627794985249669 -0.033611344688049744 -0.0335448623053465 -0.033538173889644952 0.033781938660366349 -0.033538128004981432
leaf_weight=0.42274025455117381 0.57598705589771571 0.52181042917072673 0.10607254412025113 5.3125639259815198 0.99531364440917958 0.54778590798378024 3.9018561923876405 0.62744806241244078 0.37639966793358359 0.49810040090233076 0.39713407494127739 0.87113321572542179 0.31044967006891999 0.83479556627571616 0.51766193658113457 0.31999580468982447 0.35155443474650383 0.55636359285563219 0.38477938249707255 0.39351378940045822 0.3830466568469999 0.3026673682034019 0.55272956099361159 0.29628325439989567 0.23947057966142882 0.2642828905954957 0.26491496572270989 2.7692523524165154 0.36352573428303003 0.45232860837131739
leaf_count=28 3 12 2 20 5 22 267 4 6 7 2 7 20 18 54 24 13 27 26 21 22 23 53 21 18 21 27 248 23 47
internal_value=0.000765045 -0.0133566 -0.00367195 0.00586087 0.00183649 -0.00393268 0.0293706 0.00442454 -0.0293951 -0.0371428 -0.0391372 0.034539 -0.0341941 -0.0351071 -0.0348594 -0.0340566 0.0346655 0.0337805 -0.033563 0.0338475 0.033811 -0.0335493 -0.0335689 0.0337889 -0.0335713 -0.0335583 -0.0335781 -0.0335419 0.0337624 -0.0335508
internal_weight=24.712 16.5445 11.7574 9.0216 8.91553 7.92021 8.16747 1.40174 2.60765 4.78706 2.05986 6.76572 4.26525 2.73584 1.66273 2.15985 0.774295 5.89459 3.76715 1.99273 1.43637 3.4567 1.32505 1.04286 1.28633 1.04686 0.529198 3.07192 0.659809 1.00506
internal_count=1091 658 322 177 175 170 433 45 150 336 128 388 324 145 126 142 41 381 317 114 87 297 124 66 120 102 48 271 44 100
is_linear=0
shrinkage=0.05


Tree=190
num_leaves=31
num_cat=0
split_feature=3 1 14 2 3 1 1 3 1 1 1 3 2 0 8 3 1 4 0 0 2 1 2 3 7 1 7 0 3 1
split_gain=1.89887 2.49369 1.1819 0.79038 1.76734 1.09587 1.98798 0.398532 0.0611384 0.00706137 0.00061175 2.31809e-05 2.77964e-06 1.84143e-06 3.15435e-06 9.27717e-07 8.25749e-07 5.91818e-07 3.99801e-07 1.21173e-06 3.68538e-07 2.01056e-07 1.84723e-07 6.65795e-08 4.1041e-08 3.81539e-08 3.22939e-08 2.86704e-08 1.54686e-08 4.35045e-09
threshold=0.11277836960585665 350.50000000000006 1796.0000000000002 2973.0000000000005 0.021360524015249797 375.50000000000006 409.50000000000006 0.09969184575573993 425.00000000000006 573.50000000000011 753.50000000000011 0.086986916393657035 8214.5000000000018 53.004760000000012 0.31749999999999906 0.022802445004745712 1005.5000000000001 1.0000000180025095e-35 58.102235 48.52150000000001 4646.0000000000009 317.00000000000006 3965.0000000000005 0.04311170817113253 12.873500000000002 662.00000000000011 17.144170000000006 56.290500000000009 0.14587549410427778 222.50000000000003
decision_type=2 2 2 2 2 2 2 2 2 2 2 2 2 2 2 2 2 2 2 2 2 2 2 2 2 2 2 2 2 2
left_child=1 15 3 9 -5 -6 -7 8 -8 -3 -11 12 13 23 -15 29 -12 -2 19 -18 -17 24 -19 -10 -22 -25 -26 -24 -29 -1
right_child=17 2 -4 4 5 6 7 -9 11 10 16 -13 -14 14 -16 20 18 22 -20 -21 21 -23 27 25 26 -27 -28 28 -30 -31
leaf_value=-0.033538566856837509 -0.033608868326985002 0.039725983927155761 -0.036052014956529453 -0.040070212602185483 0.047408662522188352 -0.015095925349796766 0.04912467354206862 0.0015810251633684145 0.033727527025364537 0.035206133373032793 0.033838156602720403 0.034168355142653775 0.033910306896672904 0.033923908188822398 0.033760517536507523 -0.033639434527141535 0.033745341507283068 -0.033581746181281256 0.033745476288081278 0.033851724774992445 -0.033579260569975032 -0.033624758008632495 -0.033554879649253182 0.033741921646573934 -0.033535609525916985 0.03376331590539685 -0.033565234263841295 -0.033524397056179746 -0.033538026644296719 -0.033547575060752129
leaf_weight=2.0226940922439169 0.37344187777489368 0.68829677440226689 1.1387487500905979 1.5297957621514786 2.3763254806399337 4.454699292778967 0.80672770366072644 0.99236384034156788 0.36501872912049405 1.0743232592940333 0.57581889443099532 0.54229558445513237 0.58924425765871991 0.53081601858139016 0.66601375676691532 0.32835161453112938 0.6311147231608627 0.26904932502657208 0.89914534427225579 0.46480473875999451 0.26833125110715628 0.17334619257599115 0.23998598381876979 0.39796936325728893 0.14951853966340423 0.4374727588146925 0.23910135263577104 0.22875313274562392 2.3140362957492471 0.14353984734043468
leaf_count=275 25 5 7 30 9 17 5 3 20 17 25 16 23 20 34 31 33 20 47 20 31 17 20 21 21 22 29 22 207 19
internal_value=0.00113079 0.00641362 0.0133497 0.0164712 0.0105798 0.0169524 0.00955413 0.0301642 0.0367065 0.0350812 0.0342041 0.0338676 0.033813 0.0337891 0.033833 -0.0335585 0.0337854 -0.0335495 0.0337702 0.0337905 -0.0335946 -0.0335769 -0.0335422 0.0337453 -0.0335642 0.0337531 -0.0335538 -0.0335384 -0.0335368 -0.0335392
internal_weight=25.9111 22.4859 19.161 18.0222 13.6887 12.1589 9.78262 5.32792 4.33556 4.3335 3.64521 3.52883 2.98653 2.39729 1.19683 3.32488 2.57088 3.42527 1.99506 1.09592 1.15865 0.830297 3.05182 1.20046 0.656951 0.835442 0.38862 2.78278 2.54279 2.16623
internal_count=1091 797 374 367 220 190 181 164 161 147 142 156 140 117 54 423 125 294 100 53 129 98 269 63 81 43 50 249 229 294
is_linear=0
shrinkage=0.05


Tree=191
num_leaves=31
num_cat=0
split_feature=3 3 14 0 2 1 1 4 2 3 4 0 7 0 2 2 1 1 3 0 0 0 3 3 4 1 0 1 7 8
split_gain=6.39112 0.394235 5.81773e-05 3.84464e-05 1.72533e-05 2.49579e-05 5.99959e-05 4.83443e-06 1.38822e-06 1.02979e-06 8.27487e-07 2.72534e-07 1.02847e-06 2.58375e-07 2.51032e-07 2.39451e-07 1.78535e-07 2.46229e-07 1.20212e-07 5.15472e-08 4.76575e-08 1.34988e-07 4.53077e-08 6.90558e-08 3.67292e-08 3.51684e-08 2.64738e-08 8.05795e-09 2.20976e-09 2.14429e-09
threshold=0.11277836960585665 0.09969184575573993 1498.0000000000002 49.885500000000008 2519.0000000000005 417.50000000000006 350.50000000000006 1.0000000180025095e-35 3965.0000000000005 0.089017473838194208 12.500000000000002 54.414500000000004 17.695500000000006 56.290500000000009 4576.0000000000009 7682.5000000000009 147.50000000000003 1005.5000000000001 0.14587549410427778 50.785125000000008 58.102235 48.52150000000001 0.022802445004745712 0.040523269866985685 11.500000000000002 654.50000000000011 51.930500000000002 561.50000000000011 12.032695000000002 7.6729999999999992
decision_type=2 2 2 2 2 2 2 2 2 2 2 2 2 2 2 2 2 2 2 2 2 2 2 2 2 2 2 2 2 2
left_child=1 2 4 -4 10 6 14 -2 -9 11 16 15 -13 -10 19 26 -1 -18 -15 -6 21 -19 -16 -24 -25 -14 27 -7 -29 -20
right_child=7 -3 3 -5 5 9 -8 8 13 -11 -12 12 25 18 22 -17 17 20 29 -21 -22 -23 23 24 -26 -27 -28 28 -30 -31
leaf_value=-0.033538221112636733 0.033888873893005475 -0.00050121066144062881 -0.034580629471339712 -0.033814056870485096 -0.033590909086547237 -0.033526322174341414 -0.034097484946375455 0.033830787669909705 0.03378124935197456 -0.033680238016593068 -0.033656997530844106 -0.033665599168050106 -0.033529107433223515 0.033718327393149873 -0.03353757148534206 -0.033599123274501534 -0.033601272508670371 -0.033538079179971397 0.033741932537089722 -0.033625946238763471 -0.033538150238916771 -0.033588858734458604 -0.033593373292494441 -0.033568177626893084 -0.03353776067888168 -0.033557105467438758 -0.033555164366092877 -0.033542311172789281 -0.033535167252919697 0.033745599800935396
leaf_weight=1.7845938960090286 0.74063920043408771 1.004368036985398 0.27504537906497706 0.40354684973135591 0.19411391578614734 0.18123221956193469 1.0530349435284732 0.53090503066778172 0.4788470473140477 0.23530016560107458 0.18624692084267724 0.29234726075083006 0.18166931113228202 0.455763280391693 0.15373189700767398 0.22022912837564945 0.31251152232289292 0.29827235825359821 0.44085555896162976 0.2286010691896081 0.44275341089814901 0.23319554142653942 0.18568870518356562 0.26556702749803662 0.15847134916111827 0.29314066469669342 0.22674458753317595 0.22514756210148335 0.20847691409289837 4.1587846744805574
leaf_count=243 25 3 10 35 22 20 38 20 20 15 16 20 20 22 21 18 27 31 20 23 46 20 20 32 22 28 22 23 22 187
internal_value=-0.00300351 -0.0300762 -0.0336813 -0.0341248 -0.0336415 -0.0337072 -0.0338228 0.0337683 0.0337536 -0.0335818 -0.0335547 -0.0335691 -0.0335918 0.0337461 -0.0335789 -0.0335527 -0.0335485 -0.0335627 0.0337428 -0.0336099 -0.0335503 -0.0335604 -0.0335618 -0.0335679 -0.0335568 -0.0335464 -0.0335406 -0.0335352 -0.0335389 0.0337452
internal_weight=16.0498 9.24403 8.23966 0.678592 7.56107 4.3035 2.23921 6.80579 6.06516 2.06429 3.25757 1.82899 0.767157 5.53425 1.18617 1.06183 3.07133 1.28673 5.0554 0.422715 0.974221 0.531468 0.763459 0.609727 0.424038 0.47481 0.841601 0.614857 0.433624 4.59964
internal_count=1091 797 794 45 749 366 178 294 269 188 383 173 68 249 140 105 367 124 229 45 97 51 95 74 54 48 87 65 45 207
is_linear=0
shrinkage=0.05


Tree=192
num_leaves=31
num_cat=0
split_feature=1 3 2 2 1 1 1 7 0 1 1 1 0 1 1 2 3 2 3 3 4 1 7 0 0 7 7 0 0 2
split_gain=3.69199 1.45655 1.31601 3.28434 0.91417 1.34115 0.479739 0.409619 0.56849 0.113104 0.00941859 0.00366208 0.00155182 0.000266553 0.000250286 1.80979e-05 4.42241e-06 2.24591e-06 2.09322e-06 6.06152e-07 4.83533e-07 4.45732e-07 4.12448e-07 1.29313e-07 1.27387e-07 3.43152e-07 1.00809e-07 4.33267e-08 1.40583e-07 2.33602e-08
threshold=364.00000000000006 0.079562543123280441 2973.0000000000005 3070.5000000000005 372.50000000000006 401.50000000000006 417.50000000000006 8.8192800000000009 47.651710000000001 395.50000000000006 354.00000000000006 425.00000000000006 52.004475000000006 753.50000000000011 198.00000000000003 8760.5000000000018 0.022802445004745712 4679.0000000000009 0.1159986677013612 0.040523269866985685 1.0000000180025095e-35 1005.5000000000001 12.873500000000002 55.19700000000001 53.004760000000012 18.264500000000005 16.918600000000005 58.102235 48.804000000000009 6549.0000000000009
decision_type=2 2 2 2 2 2 2 2 2 2 2 2 2 2 2 2 2 2 2 2 2 2 2 2 2 2 2 2 2 2
left_child=7 2 11 -4 -5 -6 -7 8 14 -3 16 -2 -11 -13 -1 24 -9 -18 -14 -19 -20 -15 -21 -22 29 -26 -24 28 -23 -8
right_child=1 9 3 4 5 6 15 10 -10 12 -12 13 18 21 -16 -17 17 19 20 22 23 27 26 -25 25 -27 -28 -29 -30 -31
leaf_value=0.03373582714275742 -0.038627144938017471 -0.057349533981008033 0.24227080665923004 -0.04061606189768175 0.030367901858915448 0.0017040267528720121 -0.033526930205330624 0.033719397300204346 -0.030060283071026102 -0.036640551204575739 0.039438886395715855 -0.034731734802827451 -0.033675526446478754 -0.033606769856343546 0.03559942731122144 -0.034039792142421463 0.033902111916071336 0.033834490652382566 -0.033590913779313288 0.033801880381544837 -0.033560614029014647 -0.03352479801530802 0.03371210557775943 -0.033525002968399435 -0.033610607982540869 -0.033537565671132828 0.033752710327437256 -0.033524879330481476 -0.03357782311021399 -0.033547650993401866
leaf_weight=0.39587834291160351 0.54504482448100988 0.59228582680225272 0.14425510726869006 1.1122758835554103 3.5540276616811752 2.548719547688961 0.43455014005303361 3.6537335133180022 0.6394234225153923 0.45915815513581071 0.8384849540889262 0.7833907995373014 0.29111950565129552 0.29958096891641595 0.33064079098403454 0.21955184079706658 0.5212325258180498 0.36859396658837773 0.3495589587837461 0.35875359270721674 0.28334669116884503 0.30616241786628962 0.27742435317486525 2.5413715802133083 0.25455558393150568 0.43656517099589109 0.34042728971689939 0.42339920811355114 0.21124914009124041 0.19799620471894741
leaf_count=28 3 2 2 4 15 10 48 267 4 22 7 18 21 24 13 12 27 21 25 22 23 34 21 243 20 46 23 47 19 20
internal_value=0.000781077 -0.0129324 -0.00346253 0.00563459 0.00173701 0.00789821 -0.0116177 0.0291649 0.00432277 -0.0369828 0.0345014 -0.0349894 -0.0339091 -0.0340097 0.034584 -0.0336194 0.0337514 0.033814 -0.0335472 0.0337799 -0.0335354 -0.0335537 0.0337592 -0.0335286 -0.0335496 -0.0335645 0.0337345 -0.0335367 -0.0335464 -0.0335334
internal_weight=23.7128 15.9882 11.4713 8.9025 8.75824 7.64597 4.09194 7.72459 1.36594 4.51684 6.35865 2.56883 3.92455 2.02378 0.726519 1.54322 5.52017 1.86643 3.4654 1.3452 3.17428 1.24039 0.976605 2.82472 1.32367 0.691121 0.617852 0.940811 0.517412 0.632546
internal_count=1091 658 322 177 175 171 156 433 45 336 388 145 334 142 41 146 381 114 312 87 291 124 66 266 134 66 44 100 53 68
is_linear=0
shrinkage=0.05


Tree=193
num_leaves=31
num_cat=0
split_feature=3 1 2 1 0 3 4 2 14 1 1 3 1 3 0 4 0 0 2 1 2 2 7 7 0 3 4 0 8 4
split_gain=1.76881 2.30228 1.07189 0.87439 0.673737 0.693925 0.499831 1.16496 0.0818344 0.0240366 0.00142326 3.33418e-06 8.39355e-07 7.66505e-07 5.80385e-07 4.84414e-07 3.2706e-07 9.91294e-07 2.96355e-07 1.77156e-07 1.51209e-07 9.9528e-08 3.34259e-08 2.64265e-08 2.34738e-08 1.26581e-08 3.6234e-09 4.31311e-10 2.16085e-10 5.69942e-11
threshold=0.11277836960585665 350.50000000000006 4315.0000000000009 401.50000000000006 55.683030000000009 0.059294695908058588 8.5000000000000018 2973.0000000000005 772.00000000000011 469.50000000000006 775.50000000000011 0.08174730328420117 1005.5000000000001 0.022802445004745712 52.497115000000001 1.0000000180025095e-35 58.102235 48.52150000000001 4646.0000000000009 317.00000000000006 3965.0000000000005 6104.0000000000009 12.873500000000002 17.144170000000006 56.290500000000009 0.14587549410427778 9.5000000000000018 47.651710000000001 7.6729999999999992 12.500000000000002
decision_type=2 2 2 2 2 2 2 2 2 2 2 2 2 2 2 2 2 2 2 2 2 2 2 2 2 2 2 2 2 2
left_child=1 13 6 -4 8 -6 -3 10 9 -5 -8 14 -12 26 21 -2 17 -14 -15 22 -17 -11 -20 -24 -22 -26 -1 -28 -27 -29
right_child=15 2 3 4 5 -7 7 -9 -10 11 12 -13 16 18 -16 20 -18 -19 19 -21 24 -23 23 -25 25 28 27 29 -30 -31
leaf_value=-0.033533236389341886 -0.033591024382524412 0.05015267096565032 -0.0095929739812950273 0.043911655247669185 0.026167409365318028 -0.022929602771810338 0.035890819910938003 -0.023135622959298979 0.016333391268296017 0.033724328539059482 0.033815474306832918 0.033932809993184647 0.033718526222359449 -0.033619531307616163 0.033816260853816504 -0.033565666359009615 0.033718657444891741 0.033817953313225547 -0.033563284937161521 -0.033607871568690162 -0.033540545567473955 0.033760253013418 -0.033522525791341268 -0.033550224707549661 -0.03351204005076637 -0.033523249965452827 -0.033527717208365768 -0.033524967567677415 -0.033524946467744302 -0.033526003759750643
leaf_weight=0.1554932789877127 0.34962679538875763 1.9654994215816284 5.965740140527485 0.93388781882822591 1.356692339293659 1.5327763799577949 1.16953980922699 1.1689206101000307 0.55463039875030506 0.38029229268431641 0.48669786565005813 0.41516823135316361 0.59097811952233292 0.30736040044575907 0.40832114592194557 0.25187174696475301 0.84197467006742943 0.43536635302007198 0.25112428097054362 0.16308257170021534 0.22464819252491031 0.39105346240103245 0.13995291665196419 0.22382437950000167 0.21411479823291335 0.20759134925901923 0.16713672131299961 1.5604821178130803 1.9584463965147731 0.14504006644710887
leaf_count=22 25 32 28 14 26 21 16 26 13 21 22 16 33 31 19 20 47 20 31 17 20 20 21 29 22 20 24 227 187 21
internal_value=0.00113005 0.00624947 0.0129115 0.00394657 0.0174701 0.000122919 0.0289842 0.0201195 0.0337264 0.0375413 0.0344651 0.0338109 0.033757 -0.0335441 0.0337681 -0.0335355 0.0337418 0.0337607 -0.033578 -0.0335615 -0.0335287 0.0337425 -0.0335493 -0.0335396 -0.0335251 -0.0335236 -0.0335259 -0.0335253 -0.0335248 -0.0335251
internal_weight=24.9173 21.711 18.5975 11.9386 5.97282 2.88947 6.65898 4.69348 3.08335 2.52872 3.52456 1.59484 2.35502 3.1135 1.17967 3.2063 1.86832 1.02634 1.08534 0.777984 2.85667 0.771346 0.614902 0.363777 2.6048 2.38015 2.02815 1.87266 2.16604 1.70552
internal_count=1091 797 374 178 150 47 196 164 103 90 138 76 122 423 60 294 100 53 129 98 269 41 81 50 249 229 294 272 207 248
is_linear=0
shrinkage=0.05


Tree=194
num_leaves=31
num_cat=0
split_feature=3 3 14 0 2 1 1 4 2 3 4 0 7 2 0 2 1 1 3 0 0 0 3 3 4 1 0 1 7 8
split_gain=5.97033 0.392404 5.05598e-05 3.42121e-05 1.57259e-05 2.25706e-05 5.38364e-05 3.95173e-06 1.13513e-06 8.0085e-07 6.8482e-07 2.30119e-07 8.59931e-07 2.15008e-07 2.11232e-07 2.01541e-07 1.46847e-07 2.03218e-07 9.82773e-08 4.26266e-08 3.90304e-08 1.1056e-07 3.63161e-08 6.01825e-08 3.01969e-08 2.41257e-08 2.35512e-08 5.77123e-09 1.79509e-09 1.75381e-09
threshold=0.11277836960585665 0.09969184575573993 1498.0000000000002 49.885500000000008 2519.0000000000005 417.50000000000006 350.50000000000006 1.0000000180025095e-35 3965.0000000000005 0.089017473838194208 12.500000000000002 54.414500000000004 17.695500000000006 7682.5000000000009 56.290500000000009 4576.0000000000009 147.50000000000003 1005.5000000000001 0.14587549410427778 50.785125000000008 58.102235 48.52150000000001 0.022802445004745712 0.040523269866985685 11.500000000000002 654.50000000000011 51.930500000000002 561.50000000000011 11.861500000000001 7.6729999999999992
decision_type=2 2 2 2 2 2 2 2 2 2 2 2 2 2 2 2 2 2 2 2 2 2 2 2 2 2 2 2 2 2
left_child=1 2 4 -4 10 6 15 -2 -9 11 16 13 -13 26 -10 19 -1 -18 -16 -6 21 -19 -17 -24 -25 -14 27 -7 -29 -20
right_child=7 -3 3 -5 5 9 -8 8 14 -11 -12 12 25 -15 18 22 17 20 29 -21 -22 -23 23 24 -26 -27 -28 28 -30 -31
leaf_value=-0.033524965486326892 0.033852617521541971 -0.00045670296793121312 -0.034528490113513749 -0.033785574724321019 -0.033574083509903499 -0.033515950926523388 -0.034067567325913213 0.033798370260930806 0.033752082370413224 -0.033657530585205458 -0.03363656846295756 -0.033647319616673908 -0.033520507147104639 -0.033585891998432239 0.033693290311799552 -0.03352502508031055 -0.033584116980675337 -0.033524831782207859 0.033715346325459937 -0.033607017717906799 -0.033524900108248566 -0.033572329701990526 -0.033577570248280487 -0.033552985729489955 -0.033524476656252931 -0.033544299137155092 -0.033543046962088298 -0.033530217596903999 -0.033523588813281685 0.033718773678334743
leaf_weight=1.6704549365676928 0.69378171674907285 1.0047712326049802 0.26252125808969129 0.37825211742892861 0.18161286227405093 0.17136890161782481 1.0103065697476266 0.49725478701293457 0.4484356865286826 0.22012636251747597 0.17452177312225092 0.27535930275917042 0.17333353543654084 0.20892392378300428 0.42675480432808388 0.14436388621106744 0.29269880801439263 0.27919586934149265 0.41282085888087738 0.21403895225375891 0.41443640738725662 0.21831234265118837 0.17444695346057415 0.24860957032069564 0.14828326040878892 0.27655239589512348 0.21439977223053575 0.20302192214876413 0.20551775861531496 3.894361462444067
leaf_count=243 25 3 10 35 22 20 38 20 20 15 16 20 20 18 22 21 27 31 20 23 46 20 20 32 22 28 22 22 23 187
internal_value=-0.00308341 -0.029858 -0.0336645 -0.0340899 -0.0336262 -0.0336906 -0.0338034 0.03374 0.0337262 -0.0335677 -0.0335404 -0.0335563 -0.0335777 -0.0335408 0.0337193 -0.0335633 -0.0335346 -0.0335479 0.0337162 -0.0335919 -0.0335362 -0.0335457 -0.0335474 -0.0335531 -0.0335423 -0.0335351 -0.0335289 -0.0335237 -0.0335269 0.0337184
internal_weight=15.1388 8.76543 7.76066 0.640773 7.11989 4.07027 2.12166 6.37341 5.67963 1.9486 3.04962 1.72848 0.725245 1.00323 5.18237 1.11136 2.8751 1.20464 4.73394 0.395652 0.911945 0.497508 0.715704 0.57134 0.396893 0.449886 0.794308 0.579909 0.40854 4.30718
internal_count=1091 797 794 45 749 366 178 294 269 188 383 173 68 105 249 140 367 124 229 45 97 51 95 74 54 48 87 65 45 207
is_linear=0
shrinkage=0.05


Tree=195
num_leaves=31
num_cat=0
split_feature=1 3 2 2 1 1 1 7 0 3 1 0 1 1 1 14 3 3 2 3 4 1 7 0 7 0 7 0 0 2
split_gain=3.40776 1.41346 1.23271 2.44544 0.874892 1.20862 0.471798 0.400538 0.521693 0.103109 0.00821625 0.00385397 0.0029121 0.00021882 0.000217453 1.6543e-05 3.61628e-06 2.45834e-06 1.83688e-06 4.95508e-07 4.00298e-07 3.62745e-07 3.37227e-07 1.49426e-07 3.22453e-07 1.06038e-07 8.23968e-08 3.54875e-08 1.15132e-07 1.87653e-08
threshold=364.00000000000006 0.079562543123280441 2973.0000000000005 3070.5000000000005 372.50000000000006 401.50000000000006 417.50000000000006 8.8192800000000009 47.651710000000001 0.082773846981974 354.00000000000006 49.175500000000007 425.00000000000006 198.00000000000003 753.50000000000011 772.00000000000011 0.022802445004745712 0.09969184575573993 4679.0000000000009 0.040523269866985685 1.0000000180025095e-35 1005.5000000000001 12.873500000000002 53.004760000000012 17.695500000000006 55.19700000000001 16.918600000000005 58.102235 48.804000000000009 4484.0000000000009
decision_type=2 2 2 2 2 2 2 2 2 2 2 2 2 2 2 2 2 2 2 2 2 2 2 2 2 2 2 2 2 2
left_child=7 2 12 -4 -5 -6 -7 8 13 -3 16 -11 -2 -1 -14 23 -9 -13 -18 -20 -19 -16 -21 -8 -25 -22 -24 28 -23 -27
right_child=1 9 3 4 5 6 15 10 -10 11 -12 17 14 -15 21 -17 18 20 19 22 25 27 26 24 -26 29 -28 -29 -30 -31
leaf_value=0.033709646905302974 -0.038211761393536464 -0.058208263489648707 0.18951060178686344 -0.039725971727786413 0.029149938275704119 0.0020685846743849247 -0.033521317524400761 0.033694285979702386 -0.028183783674630911 -0.038437366955247521 0.039138760476576641 -0.033678008800478866 -0.0346389250810058 0.035505629936976806 -0.033588914709022623 -0.034034457760655994 0.03386501387735516 -0.033573647840795265 0.033801814278656472 0.033771351054490376 -0.033545911262198143 -0.033512413528550458 0.033687466318730645 -0.033601299506125441 -0.033529455008318734 -0.033526888231089805 0.033725403586012864 -0.033512489493975249 -0.033562010375747652 -0.033511261190139439
leaf_weight=0.3706985125318194 0.51306043565273229 0.5041642040014257 0.17693104036152263 1.109188899397848 3.5310300588607788 2.5282960534095769 0.59484904957935192 3.4211747413501143 0.64421024825423956 0.45627768523991141 0.8104727268218993 0.27674077358096871 0.73394653946161259 0.31263095326721668 0.28005740232765652 0.19480872154235829 0.48827414866536845 0.33765952661633525 0.34522387757897355 0.33597590960562229 0.2652473030611876 0.2865698141977191 0.25975053943693638 0.24610478989779949 0.4274138305336237 0.21032962668687138 0.31877529341727495 0.39630536921322346 0.19776059966534376 2.2172307604923844
leaf_count=28 3 12 2 4 15 10 68 267 4 7 7 20 18 13 24 11 27 26 21 22 23 34 21 20 47 20 23 47 19 228
internal_value=0.000798219 -0.0124835 -0.00316518 0.00550089 0.00172909 0.00784162 -0.0110087 0.0289423 0.0040978 -0.0369742 0.0344581 -0.0341297 -0.0348702 0.0345313 -0.0339653 -0.0336055 0.0337242 -0.0335354 0.0337827 0.0337508 -0.0335223 -0.0335393 0.0337315 -0.0335396 -0.0335557 -0.0335159 0.0337084 -0.0335236 -0.0335327 -0.0335126
internal_weight=22.7912 15.484 11.2163 8.80862 8.63169 7.5225 3.99147 7.30719 1.32754 4.26765 5.97965 3.76349 2.4077 0.683329 1.89464 1.46318 5.16917 3.30721 1.748 1.25973 3.03047 1.16069 0.914502 1.26837 0.673519 2.69281 0.578526 0.880636 0.48433 2.42756
internal_count=1091 658 322 177 175 171 156 433 45 336 388 324 145 41 142 146 381 317 114 87 297 124 66 135 67 271 44 100 53 248
is_linear=0
shrinkage=0.05


Tree=196
num_leaves=31
num_cat=0
split_feature=3 1 14 0 7 2 1 0 1 3 1 1 1 1 3 1 3 4 1 3 2 2 1 4 7 0 0 3 4 0
split_gain=1.64743 2.12495 1.0311 0.753082 1.20722 0.83769 0.811316 0.615696 0.255949 0.377571 0.176453 0.0330306 8.71733e-05 2.3291e-05 4.90344e-05 9.96708e-07 6.34122e-07 3.9652e-07 3.17968e-07 2.39219e-07 1.23775e-07 1.04138e-07 9.65603e-08 3.51707e-08 4.88315e-08 2.17951e-08 1.92197e-08 1.03589e-08 3.62679e-09 3.4909e-10
threshold=0.11277836960585665 350.50000000000006 1796.0000000000002 52.835000000000008 17.593500000000006 8324.5000000000018 409.50000000000006 54.985000000000007 532.00000000000011 0.095958736671106951 364.00000000000006 414.00000000000006 700.50000000000011 705.50000000000011 0.04311170817113253 1005.5000000000001 0.022802445004745712 1.0000000180025095e-35 1005.5000000000001 0.040039144721343907 3965.0000000000005 4484.0000000000009 834.00000000000011 13.500000000000002 13.779190000000002 44.082225000000008 56.290500000000009 0.14587549410427778 9.5000000000000018 47.651710000000001
decision_type=2 2 2 2 2 2 2 2 2 2 2 2 2 2 2 2 2 2 2 2 2 2 2 2 2 2 2 2 2 2
left_child=1 16 3 5 7 10 -6 -5 -8 12 -3 -12 -10 14 -13 -14 28 -2 22 -18 -19 -21 -15 24 -23 -20 -22 -28 -1 -30
right_child=17 2 -4 4 6 -7 8 -9 9 -11 11 13 15 18 -16 -17 19 20 25 21 26 23 -24 -25 -26 -27 27 -29 29 -31
leaf_value=-0.033521076896449918 -0.033574341250163141 0.013421036642739803 -0.034915716641566966 0.0079991282760726885 -0.0035266596662766499 -0.016644108328441234 0.05371292953058851 -0.033915089667059882 0.03438890688315336 -0.015284083291294199 0.041676918192350754 0.034375510055883428 0.033774566367265939 0.033730610889436519 0.033701547287088567 0.033693599468811009 -0.033599491713860466 -0.033550630569142051 0.033693612020016972 -0.033579389782699136 -0.033527141836416377 -0.033561743719340391 0.033764113842976992 -0.033515271454984098 -0.03352577675504103 0.033710439776312821 -0.03350048401002817 -0.033512400259427359 -0.033515128928571544 -0.033512653900643473
leaf_weight=0.14600186888129174 0.32731415983289425 0.8667345941066803 1.0795207396149624 1.4978486690670236 2.3254378959536552 0.92405620031058777 1.1408943654969337 2.1109582036733627 0.75793565809726793 0.46958869136869896 2.6705932319164276 0.51875032205134652 0.73394104838371255 0.45126882195472695 0.56253815535455942 0.78838937543332577 0.30491595994681098 0.23578036669641766 0.36904842779040337 0.18035843037068844 0.21028221771121058 0.18740098178386688 0.41088821832090616 0.15388213889673352 0.1900970209389925 0.40203680470585823 0.20040626730769906 2.0274297036230564 0.15642845816910256 1.5963836982846258
leaf_count=22 25 4 7 24 11 20 11 28 25 5 11 20 37 25 33 47 33 20 22 21 20 23 21 24 28 23 22 207 24 248
internal_value=0.00112837 0.00608144 0.0124689 0.0154777 0.00648422 0.0277912 0.0198384 -0.0165184 0.0338033 0.025543 0.034359 0.0377289 0.0339508 0.0338449 0.0340249 0.0337326 -0.0335306 -0.0335224 0.0337257 -0.0335624 -0.033516 -0.0335466 0.0337466 -0.0335354 -0.0335436 0.0337024 -0.0335127 -0.0335113 -0.0335135 -0.0335129
internal_weight=23.9971 20.9959 18.0804 17.0009 9.82499 7.17591 6.21619 3.60881 3.89075 2.74985 6.25186 5.38512 2.28027 2.71453 1.08129 1.52233 2.91547 3.00121 1.63324 1.01665 2.6739 0.711739 0.862157 0.53138 0.377498 0.771085 2.43812 2.22784 1.89881 1.75281
internal_count=1091 797 374 367 188 179 136 52 125 114 159 155 109 144 53 84 423 294 91 129 269 96 46 75 51 45 249 229 294 272
is_linear=0
shrinkage=0.05


Tree=197
num_leaves=31
num_cat=0
split_feature=3 3 14 0 2 1 1 4 2 3 4 0 7 2 0 2 1 1 3 0 0 0 3 3 0 4 1 4 8 2
split_gain=5.57897 0.390907 4.4088e-05 2.82362e-05 1.43714e-05 2.02285e-05 4.81974e-05 3.23064e-06 9.28167e-07 6.65151e-07 5.63978e-07 2.37399e-07 6.79967e-07 1.78262e-07 1.727e-07 1.6138e-07 1.20419e-07 1.6679e-07 8.03522e-08 3.52251e-08 3.19665e-08 9.05413e-08 2.89971e-08 5.27808e-08 2.57923e-08 2.48197e-08 1.4508e-08 7.04619e-09 1.43432e-09 4.88733e-11
threshold=0.11277836960585665 0.09969184575573993 1498.0000000000002 49.885500000000008 2519.0000000000005 417.50000000000006 350.50000000000006 1.0000000180025095e-35 3965.0000000000005 0.089017473838194208 12.500000000000002 54.541000000000004 17.974000000000004 7682.5000000000009 56.290500000000009 4576.0000000000009 147.50000000000003 1005.5000000000001 0.14587549410427778 50.785125000000008 58.102235 48.52150000000001 0.022802445004745712 0.040523269866985685 51.930500000000002 11.500000000000002 673.00000000000011 8.5000000000000018 7.6729999999999992 5613.5000000000009
decision_type=2 2 2 2 2 2 2 2 2 2 2 2 2 2 2 2 2 2 2 2 2 2 2 2 2 2 2 2 2 2
left_child=1 2 4 -4 10 6 15 -2 -9 11 16 13 -13 24 -10 19 -1 -18 -16 -6 21 -19 -17 -24 27 -25 -14 -7 -20 -30
right_child=7 -3 3 -5 5 9 -8 8 14 -11 -12 12 26 -15 18 22 17 20 28 -21 -22 -23 23 25 -26 -27 -28 -29 29 -31
leaf_value=-0.033512570118922329 0.033818754694014269 -0.00026452198774238391 -0.034465876021100128 -0.033772892046039851 -0.033558369981584305 -0.033506754391593334 -0.034038644270379115 0.033768082352534513 0.033724830888534736 -0.033639810396870341 -0.03361720898489045 -0.033630884521727217 -0.033516506273100981 -0.033571545560550552 0.033669894089055651 -0.03351334121227794 -0.03356794376179062 -0.033512445079201668 0.033690504386762458 -0.033589317088597213 -0.033512509050217562 -0.033556871730724032 -0.033562864048297995 -0.033538779521981178 -0.033532295451596777 -0.033512061934687816 -0.033535603375433057 -0.033518122375462207 0.033693178121483446 0.03369377078968247
leaf_weight=1.5635583391413082 0.64983309991657812 0.99623304605483998 0.24899220140650857 0.35883384477347136 0.16991529008373685 0.27685657283291198 0.9685860527679323 0.46569843403995026 0.41992586106061924 0.20752825308591116 0.16344691440463055 0.2601496260613203 0.17686722613871098 0.19693219661712646 0.39956925995647896 0.13556971121579409 0.27405019477009751 0.26132973376661539 0.3865450546145438 0.20039352867752314 0.38791610952466726 0.20436963718384504 0.16388958785682917 0.23272465588524938 0.23067459790036082 0.13874804880470037 0.22721420601010323 0.26851055864244699 0.38943784497678313 3.2570822294801474
leaf_count=243 25 3 10 35 22 34 38 20 20 15 16 20 21 18 22 21 27 31 20 23 46 20 20 32 25 22 24 31 20 167
internal_value=-0.00316985 -0.0296483 -0.033649 -0.0340568 -0.0336121 -0.033675 -0.0337848 0.0337135 0.0337007 -0.0335555 -0.033527 -0.0335448 -0.0335678 -0.0335291 0.0336942 -0.0335486 -0.0335216 -0.033534 0.0336913 -0.0335751 -0.0335231 -0.0335319 -0.033534 -0.0335392 -0.0335183 -0.0335288 -0.0335272 -0.0335124 0.0336934 0.0336937
internal_weight=14.2814 8.31329 7.31706 0.607826 6.70923 3.85456 2.00983 5.96809 5.31826 1.84473 2.85467 1.6372 0.664231 0.972974 4.85256 1.04124 2.69122 1.12767 4.43263 0.370309 0.853615 0.465699 0.670932 0.535362 0.776042 0.371473 0.404081 0.545367 4.03307 3.64652
internal_count=1091 797 794 45 749 366 178 294 269 188 383 173 65 108 249 140 367 124 229 45 97 51 95 74 90 54 45 65 207 187
is_linear=0
shrinkage=0.05


Tree=198
num_leaves=31
num_cat=0
split_feature=1 3 2 2 4 1 1 4 7 0 3 0 1 1 0 1 1 2 3 3 3 2 3 4 1 7 2 0 7 7
split_gain=3.13364 1.36863 1.17029 1.89029 0.837738 0.84881 1.00038 0.630167 0.398206 0.484449 0.0933647 0.0324002 0.00729054 0.00628795 0.00311304 0.00232702 0.000189426 0.000170422 4.00534e-05 2.95721e-06 2.40806e-06 1.50262e-06 4.04981e-07 3.27558e-07 2.86592e-07 2.75735e-07 1.17005e-07 8.65492e-08 6.7375e-08 4.89208e-08
threshold=364.00000000000006 0.079562543123280441 2973.0000000000005 3070.5000000000005 6.5000000000000009 372.50000000000006 401.50000000000006 12.500000000000002 8.8192800000000009 47.651710000000001 0.082773846981974 59.316585000000011 354.00000000000006 414.00000000000006 49.175500000000007 425.00000000000006 753.50000000000011 4038.0000000000005 0.025818378904892473 0.022802445004745712 0.09969184575573993 4679.0000000000009 0.040523269866985685 1.0000000180025095e-35 1005.5000000000001 12.873500000000002 7061.5000000000009 55.19700000000001 16.918600000000005 15.556500000000002
decision_type=2 2 2 2 2 2 2 2 2 2 2 2 2 2 2 2 2 2 2 2 2 2 2 2 2 2 2 2 2 2
left_child=8 2 15 -4 13 -6 -7 -8 9 17 -3 29 19 -5 -12 -2 -17 -1 -15 -10 -16 -21 -23 -22 -18 -24 -20 -25 -27 -9
right_child=1 10 3 4 5 6 7 11 12 -11 14 -13 -14 18 20 16 24 -19 26 21 23 22 25 27 -26 28 -28 -29 -30 -31
leaf_value=0.03370458561501883 -0.037847651020689058 -0.057233851401011164 0.15455947184606955 -0.041188586502831602 -0.038081847146673335 0.034232604053405481 0.0080177391877700229 -0.033529090604114381 0.033670821767795032 -0.02681647812862328 -0.038055929926644604 -0.053289290724656005 0.038896834711430232 -0.034291137747640713 -0.033667640394506447 -0.034582195076274282 -0.033573186243257842 0.03534010429041446 -0.033502238335926852 0.033830363981108419 -0.033558124758792114 0.033771280911355513 0.033742829017049399 -0.033532162492589369 -0.033513268298895192 0.033664440336089264 -0.033555174514396928 -0.033501071652153526 0.033699893583932043 -0.033561856458152038
leaf_weight=0.3456147145479942 0.48366588354110662 0.49641532590612669 0.20768591016530891 0.48441848158836165 0.86898736655712117 3.2165146246552467 2.3306648577563469 0.22222438268363465 3.2032301276922226 0.64929270651191473 0.43156429054215584 0.38180074840784073 0.78378234803676594 0.27405526535585523 0.26542125781998072 0.698176342062652 0.2628305898979304 0.29542552679777145 0.27551485598087311 0.45736314542591561 0.31614770460873876 0.32330416236072756 0.31462212465703487 0.24829350784421 0.82911447808146477 0.24318788200616837 0.16805691597983241 2.2728287978097796 0.2984840739518404 0.2337360018864274
leaf_count=27 3 12 2 2 3 14 39 25 267 4 7 2 7 15 20 18 24 14 35 27 26 21 22 23 100 21 17 248 23 23
internal_value=0.000836542 -0.0120234 -0.0028451 0.00553372 0.00187353 0.00827996 0.0145898 -0.00535118 0.0286757 0.00362498 -0.036929 -0.0425437 0.0344232 -0.0367871 -0.0340771 -0.0347704 -0.033939 0.0344583 -0.0338159 0.0336988 -0.0335236 0.0337534 0.0337236 -0.0335101 -0.0335277 0.0337056 -0.0335223 -0.0335041 0.033684 -0.0335459
internal_weight=21.8824 14.9681 10.9374 8.66366 8.45597 7.25393 6.38494 3.16843 6.91431 1.29033 4.03067 0.837761 5.62397 1.20205 3.53426 2.27379 1.79012 0.64104 0.717627 4.84019 3.10269 1.63696 1.1796 2.83727 1.09195 0.856294 0.443572 2.52112 0.541672 0.45596
internal_count=1091 658 322 177 175 106 103 89 433 45 336 50 388 69 324 145 142 41 67 381 317 114 87 297 124 66 52 271 44 48
is_linear=0
shrinkage=0.05


Tree=199
num_leaves=31
num_cat=0
split_feature=3 1 2 1 0 3 4 2 14 10 1 3 0 3 1 4 0 0 3 2 2 2 4 7 0 3 4 0 8 4
split_gain=1.53446 1.96238 0.965086 0.759194 0.650259 0.633046 0.466464 1.04822 0.0822819 0.0226422 0.000975539 2.56919e-06 5.76154e-07 5.25338e-07 5.19172e-07 3.24567e-07 3.11882e-07 1.24607e-06 2.05086e-07 1.01323e-07 9.90026e-08 8.49174e-08 2.89323e-08 3.9976e-08 1.57345e-08 8.47769e-09 3.65698e-09 2.82061e-10 1.44897e-10 3.82098e-11
threshold=0.11277836960585665 350.50000000000006 4315.0000000000009 401.50000000000006 55.683030000000009 0.059294695908058588 8.5000000000000018 2973.0000000000005 772.00000000000011 301.00000000000006 775.50000000000011 0.08174730328420117 52.758690000000009 0.022802445004745712 1005.5000000000001 1.0000000180025095e-35 58.102235 49.700500000000012 0.040039144721343907 3965.0000000000005 6437.0000000000009 4484.0000000000009 13.500000000000002 13.779190000000002 56.290500000000009 0.14587549410427778 9.5000000000000018 47.651710000000001 7.6729999999999992 12.500000000000002
decision_type=2 2 2 2 2 2 2 2 2 2 2 2 2 2 2 2 2 2 2 2 2 2 2 2 2 2 2 2 2 2
left_child=1 13 6 -4 8 -6 -3 10 9 -5 -8 12 20 26 -12 -2 17 -16 -15 -17 -11 -20 23 -23 -21 -26 -1 -28 -27 -29
right_child=15 2 3 4 5 -7 7 -9 -10 11 14 -13 -14 18 16 19 -18 -19 21 24 -22 22 -24 -25 25 28 27 29 -30 -31
leaf_value=-0.033509763551106291 -0.033558741170148586 0.049146903477629254 -0.009232254061334105 0.044053323615785012 0.02502472654832659 -0.022887783561928891 0.035579683586896949 -0.020572271486054255 0.015623397049139016 0.033675158169380895 0.033756139630079743 0.033868683324868767 0.033771747020127245 -0.033583341137703622 0.033669880877194379 -0.033536571489701544 0.033670182651145179 0.033791693316177859 -0.033563375254928987 -0.033514606732821882 0.033712474393948498 -0.03354696620087589 -0.033503438718379956 -0.033513330498758286 -0.033489677186543575 -0.03349947803691556 -0.033503357559243933 -0.033500980800748828 -0.033500962271646902 -0.033501887240896693
leaf_weight=0.13709922274575292 0.30641120765358154 1.8319460460916186 5.8053265474736673 0.84440261032432395 1.2875185040757062 1.4840583475306628 1.045973281376064 1.2047045035287736 0.5262453407049178 0.36533091869205214 0.42796168103814158 0.39378097001463164 0.34898499678820372 0.28616662556305517 0.58060160558670737 0.22070778720080886 0.73817087337374687 0.32885201275348663 0.16878882981836796 0.19682753551751409 0.34615553170442581 0.17543018935248256 0.14398007001727819 0.17793174274265766 0.18756934721022878 0.18186519108712662 0.14640167215839017 1.367109374143183 1.7157605243846772 0.12706797523424018
leaf_count=22 25 32 28 12 26 21 16 26 13 23 22 17 18 33 37 20 47 16 21 20 20 23 24 28 22 20 24 227 187 21
internal_value=0.00112396 0.00591904 0.0120501 0.00343562 0.0165762 -0.00063033 0.0279997 0.019045 0.033458 0.037541 0.0343345 0.0337596 0.0337191 -0.033518 0.0337071 -0.0335102 0.0336943 0.0337139 -0.0335479 -0.0335042 0.0336933 -0.0335327 -0.0335223 -0.03353 -0.0335011 -0.0334998 -0.0335019 -0.0335013 -0.0335008 -0.0335011
internal_weight=23.0991 20.29 17.56 11.4018 5.59648 2.77158 6.15821 4.32626 2.8249 2.29866 3.12156 1.45425 1.06047 2.72998 2.07559 2.80914 1.64762 0.909454 0.952297 2.50273 0.711486 0.666131 0.497342 0.353362 2.28202 2.0852 1.77768 1.64058 1.89763 1.49418
internal_count=1091 797 374 178 150 47 196 164 103 90 138 78 61 423 122 294 100 53 129 269 43 96 75 51 249 229 294 272 207 248
is_linear=0
shrinkage=0.05


Tree=200
num_leaves=31
num_cat=0
split_feature=3 13 3 14 0 2 1 1 4 3 4 0 7 2 2 1 1 7 0 0 0 0 3 3 4 1 4 1 8 10
split_gain=5.2249 0.623051 0.00815353 4.0619e-05 2.4819e-05 1.2846e-05 1.73579e-05 4.24004e-05 2.4701e-06 6.09592e-07 5.51997e-07 2.48397e-07 8.11047e-07 2.51281e-07 1.28802e-07 1.17689e-07 1.32854e-07 1.16999e-07 3.75875e-08 1.41378e-07 2.90984e-08 2.67061e-08 2.30491e-08 4.66128e-08 2.03981e-08 1.34833e-08 6.05727e-09 1.62074e-10 1.86276e-10 1.08129e-11
threshold=0.09969184575573993 734.50000000000011 0.14131452864802432 1498.0000000000002 49.885500000000008 2519.0000000000005 417.50000000000006 350.50000000000006 1.0000000180025095e-35 0.089017473838194208 12.500000000000002 54.541000000000004 17.695500000000006 8013.5000000000009 4576.0000000000009 147.50000000000003 1005.5000000000001 23.381000000000004 58.102235 49.700500000000012 50.785125000000008 51.930500000000002 0.022802445004745712 0.040523269866985685 11.500000000000002 673.00000000000011 8.5000000000000018 722.50000000000011 8.8055000000000003 616.50000000000011
decision_type=2 2 2 2 2 2 2 2 2 2 2 2 2 2 2 2 2 2 2 2 2 2 2 2 2 2 2 2 2 2
left_child=3 -2 -3 5 -5 10 7 14 -4 11 15 13 -13 21 20 -1 -17 -10 19 -18 -7 26 -16 -24 -25 -14 -8 -19 -29 -30
right_child=1 2 8 4 -6 6 9 -9 17 -11 -12 12 25 -15 22 16 18 27 -20 -21 -22 -23 23 24 -26 -27 -28 28 29 -31
leaf_value=-0.033500978421764777 -0.011601828888143272 0.038798514066753761 0.033784895450525751 -0.034425233677423353 -0.03376132193453845 -0.03354368887018766 -0.033495402074036132 -0.03400781689942891 0.033698948736949529 -0.033628925143964025 -0.033607376866438034 -0.033630612895380205 -0.033503924915906584 -0.033572904236725508 -0.03350246729981346 -0.033554097815565086 -0.03350077282203813 0.033671041864157418 -0.033500921470671713 -0.033559311535639562 -0.033572764101480218 -0.033521373310902575 -0.033549190404772042 -0.033525494773537161 -0.033500456939458016 -0.033522813096282675 -0.033506148955826036 0.033669115590710778 0.033670063356825194 0.033670354973724941
leaf_weight=1.4634517747908837 0.83957881666719902 0.93097632378339756 0.55779723823070515 0.24009345611557353 0.34027011319994926 0.15896734362468146 0.2741682701744137 0.92221171967685223 0.39354027435183514 0.19907025434076775 0.15501548396423448 0.24810033850371838 0.16454218281432986 0.17719157971441746 0.12731929449364543 0.25756755471229531 0.27601273637264967 0.65866233222186599 0.36308030877262354 0.16468123532831669 0.18760843714699149 0.2175460304133594 0.15398142347112298 0.21784572815522552 0.12982308445498347 0.22190589504316449 0.25128760002553463 0.36389284580946002 0.36492475681006942 2.4653451591730118
leaf_count=243 21 22 23 10 35 22 36 38 20 15 16 19 21 16 21 27 35 36 46 16 23 25 20 32 22 25 31 20 20 135
internal_value=-0.00328241 0.0286267 0.0345159 -0.0336356 -0.034036 -0.0335989 -0.0336599 -0.0337647 0.033686 -0.0335465 -0.0335158 -0.033536 -0.0335601 -0.0335194 -0.033535 -0.0335102 -0.0335228 0.033673 -0.0335128 -0.0335226 -0.0335594 -0.0335066 -0.0335215 -0.0335263 -0.0335161 -0.0335148 -0.0335005 0.0336703 0.0336702 0.0336703
internal_weight=13.4865 6.57472 5.73514 6.91174 0.580364 6.33138 3.65157 1.89776 4.80416 1.75381 2.67981 1.55474 0.634548 0.920193 0.975545 2.52479 1.06134 4.24637 0.803774 0.440694 0.346576 0.743002 0.62897 0.50165 0.347669 0.386448 0.525456 3.85283 3.19416 2.83027
internal_count=1091 297 276 794 45 749 366 178 254 188 383 173 65 108 140 367 124 231 97 51 45 92 95 74 54 46 67 211 175 155
is_linear=0
shrinkage=0.05


Tree=201
num_leaves=31
num_cat=0
split_feature=1 3 2 3 4 1 1 4 7 0 3 1 1 1 0 1 1 0 3 3 3 2 0 3 4 1 7 2 2 7
split_gain=2.89623 1.32698 1.09591 1.60722 0.771043 0.785248 0.905508 0.614628 0.387953 0.444588 0.0856662 0.0288753 0.00636471 0.00571716 0.00272397 0.00185257 0.000154645 0.000134589 3.32254e-05 2.41846e-06 2.29779e-06 1.22928e-06 8.32971e-07 3.31019e-07 2.6655e-07 2.33385e-07 2.25472e-07 1.19149e-07 1.18406e-07 5.50952e-08
threshold=364.00000000000006 0.079562543123280441 2973.0000000000005 0.0099647634353574616 6.5000000000000009 375.50000000000006 401.50000000000006 12.500000000000002 8.8192800000000009 47.651710000000001 0.082773846981974 434.50000000000006 354.00000000000006 414.00000000000006 49.175500000000007 425.00000000000006 753.50000000000011 45.572500000000005 0.025818378904892473 0.022802445004745712 0.09969184575573993 4679.0000000000009 55.505500000000005 0.040523269866985685 1.0000000180025095e-35 1005.5000000000001 12.873500000000002 7161.0000000000009 3965.0000000000005 16.918600000000005
decision_type=2 2 2 2 2 2 2 2 2 2 2 2 2 2 2 2 2 2 2 2 2 2 2 2 2 2 2 2 2 2
left_child=8 2 15 -4 13 -6 -7 -8 9 17 -3 -9 19 -5 -12 -2 -17 -1 -15 -10 -16 -21 -13 -23 -22 -18 -25 -20 -26 -28
right_child=1 10 3 4 5 6 7 11 12 -11 14 22 -14 18 20 16 25 -19 27 21 24 23 -24 26 28 -27 29 -29 -30 -31
leaf_value=0.035153152995741503 -0.037498648491861152 -0.056499735734214421 0.11787195305910934 -0.04094697368949396 -0.037110151409857343 0.032921314954535132 0.0081506226207176333 -0.052217461273169952 0.03364889314495402 -0.025154587626067645 -0.03784967864957494 -0.033525674272081474 0.038626939853945587 -0.03423376170316586 -0.033657055782268755 -0.034499727477052197 -0.033557550437770978 0.033658994124215101 -0.033491300581934343 0.033797994060397886 -0.033544194151749231 0.033742755402895071 -0.033658804847715239 0.033716179932743763 -0.033529476111485518 -0.033501635467187832 0.033642922472235631 -0.033546751126779122 -0.033490398426812132 0.033676056298178998
leaf_weight=0.3036067103967095 0.45446062833070699 0.48713631089776699 0.30632701516151328 0.47501564025878706 0.87002255022525776 3.0732349380850792 2.3116147713735704 0.36608374118804921 2.9990043826401234 0.65206549223512411 0.4134424822404984 0.27688130037859082 0.75732260197401036 0.25750603480264544 0.25345640024170313 0.65400935104116786 0.24570627138018586 0.29928202461451292 0.26469663716852665 0.42837374098598946 0.29660196695476804 0.3027543583884833 0.20410463865846395 0.29460570029914379 0.21300722658634219 0.77603277284651995 0.22766920365393162 0.15279977163299918 2.1548837176524103 0.27946761250495911
leaf_count=15 3 12 2 2 3 13 39 1 267 4 7 32 7 15 20 18 24 26 36 27 26 21 18 22 20 100 21 16 251 23
internal_value=0.000841244 -0.011615 -0.00257633 0.00541129 0.00123656 0.00738683 0.0135989 -0.00520071 0.0284541 0.00346134 -0.0369152 -0.0416359 0.034384 -0.0367445 -0.0340514 -0.0346672 -0.0338994 0.0344114 -0.0337871 0.033675 -0.0335132 0.0337261 -0.0335822 0.0336982 -0.0334995 -0.0335151 0.0336814 -0.0335116 -0.0334939 0.0336612
internal_weight=21.0512 14.507 10.6885 8.55829 8.25196 7.10194 6.23192 3.15868 6.54415 1.25495 3.81853 0.84707 5.2892 1.15002 3.33139 2.13021 1.67575 0.602889 0.675002 4.53187 2.91795 1.53287 0.480986 1.1045 2.66449 1.02174 0.801743 0.417496 2.36789 0.507137
internal_count=1091 658 322 177 175 106 103 90 433 45 336 51 388 69 324 145 142 41 67 381 317 114 50 87 297 124 66 52 271 44
is_linear=0
shrinkage=0.05


Tree=202
num_leaves=31
num_cat=0
split_feature=3 1 14 0 7 2 2 4 0 2 1 3 1 1 1 3 3 4 1 3 2 2 1 7 4 7 0 3 7 1
split_gain=1.43566 1.81534 0.926051 0.697826 1.08687 0.791003 0.750679 1.35713 0.51481 0.255708 0.193372 0.0750647 0.0269263 0.000101179 1.63248e-05 3.41614e-05 4.37334e-07 2.63446e-07 2.35619e-07 1.59071e-07 1.36224e-07 6.95249e-08 4.59417e-08 3.57915e-08 2.38093e-08 3.26797e-08 1.45424e-08 1.32475e-08 1.18722e-08 1.96096e-09
threshold=0.11277836960585665 350.50000000000006 1796.0000000000002 52.835000000000008 17.593500000000006 8324.5000000000018 7316.0000000000009 16.500000000000004 54.985000000000007 4484.0000000000009 364.00000000000006 0.040523269866985685 414.00000000000006 763.50000000000011 705.50000000000011 0.04311170817113253 0.021360524015249797 1.0000000180025095e-35 1005.5000000000001 0.040039144721343907 3965.0000000000005 4484.0000000000009 834.00000000000011 24.748500000000003 13.500000000000002 13.779190000000002 44.082225000000008 0.14244935990179933 23.381000000000004 218.50000000000003
decision_type=2 2 2 2 2 2 2 2 2 2 2 2 2 2 2 2 2 2 2 2 2 2 2 2 2 2 2 2 2 2
left_child=1 16 3 5 8 10 7 9 -5 11 -3 13 -12 -6 15 -14 29 -2 22 -18 -19 -21 -16 -15 25 -23 -20 -22 -29 -1
right_child=17 2 -4 4 6 -7 -8 -9 -10 -11 12 -13 14 23 18 -17 19 20 26 21 27 24 -24 -25 -26 -27 -28 28 -30 -31
leaf_value=-0.033490354519796282 -0.033544740105732086 0.01195834900539784 -0.034264267160484078 0.0069874519045839342 0.034610462937823987 -0.017050177147541073 0.05535576188940481 -0.032936963795387492 -0.032003393350534717 0.012734876337542762 0.041192311887475533 0.057411871271559306 0.034254243633915021 0.033673378647829766 0.033684882827206351 0.033654981760064998 -0.033564761300127983 -0.033531904787273074 0.033648307178230703 -0.033548468051030948 -0.033476552968924912 -0.033533125472791941 0.033709501710572957 0.033652314626815075 -0.033492359824846295 -0.033501691137545316 0.033662988312493348 -0.033503388177835006 -0.033490087945894205 -0.033497261139028969
leaf_weight=1.5350928907282715 0.28738362062722389 0.86571282148361817 1.0306685492396344 1.4255265053361639 0.41081474814564012 0.88365627638995636 1.1437051948159931 1.3148067174479363 2.0844375621527433 1.6471149874851105 2.5210876166820526 0.46416825708001841 0.45996616501361165 0.31370104383677244 0.40030989050865151 0.49240537919104099 0.28757851943373669 0.21558534726500544 0.3235088475048542 0.15798752615228295 0.16413144441321526 0.16420360980555415 0.35984593257308006 0.56468635145574808 0.13469556486234069 0.1665392592549324 0.35243983566761017 0.18518479075282801 1.7857851749286053 0.11014681123197068
leaf_count=272 25 4 7 24 9 20 20 16 28 28 11 5 20 20 25 33 36 20 22 21 21 23 21 38 24 28 23 20 208 19
internal_value=0.00113038 0.00578789 0.0116762 0.0146303 0.00583481 0.0270054 0.0190159 0.0102016 -0.0161678 0.0268813 0.0337463 0.0401704 0.0375882 0.0339628 0.0337839 0.0339444 -0.0335062 -0.0334996 0.0336774 -0.033534 -0.033494 -0.0335198 0.0336965 0.0336598 -0.0335101 -0.0335173 0.033656 -0.0334902 -0.0334913 -0.0334908
internal_weight=22.2529 19.6148 17.0586 16.0279 9.36896 6.65893 5.859 4.71529 3.50996 3.40049 5.77528 1.75337 4.90956 1.2892 2.38848 0.952372 2.55624 2.63807 1.4361 0.911004 2.35069 0.623426 0.760156 0.878387 0.465438 0.330743 0.675949 2.1351 1.97097 1.64524
internal_count=1091 797 374 367 188 179 136 116 52 100 159 72 155 67 144 53 423 294 91 132 269 96 46 58 75 51 45 249 228 291
is_linear=0
shrinkage=0.05


Tree=203
num_leaves=31
num_cat=0
split_feature=3 3 2 2 1 1 4 2 3 4 0 7 2 0 2 1 1 3 0 0 0 0 4 7 4 2 1 8 2 3
split_gain=4.90094 0.368601 3.53347e-05 1.28268e-05 1.66854e-05 4.17913e-05 2.14195e-06 1.03346e-06 4.73256e-07 4.5468e-07 2.41629e-07 4.90056e-07 3.28184e-07 1.13446e-07 1.10287e-07 9.6495e-08 1.09012e-07 5.80366e-08 4.86878e-08 3.07854e-08 1.15773e-07 2.3861e-08 2.17212e-08 2.85315e-08 9.75105e-09 4.38133e-09 1.54894e-09 9.61282e-10 3.27534e-11 9.60121e-13
threshold=0.11277836960585665 0.09969184575573993 9789.0000000000018 2519.0000000000005 417.50000000000006 350.50000000000006 1.0000000180025095e-35 3965.0000000000005 0.086986916393657035 12.500000000000002 54.985000000000007 18.395500000000002 8450.0000000000018 56.290500000000009 4576.0000000000009 147.50000000000003 1005.5000000000001 0.14587549410427778 52.955500000000008 58.102235 49.700500000000012 50.785125000000008 17.500000000000004 12.319000000000004 7.5000000000000009 7898.5000000000009 602.00000000000011 7.6729999999999992 5613.5000000000009 0.17243108127731724
decision_type=2 2 2 2 2 2 2 2 2 2 2 2 2 2 2 2 2 2 2 2 2 2 2 2 2 2 2 2 2 2
left_child=1 2 3 9 5 14 -2 -8 10 15 12 -12 18 -9 21 -1 -17 -15 24 20 -18 -5 23 -16 26 -25 -6 -19 -29 -30
right_child=6 -3 -4 4 8 -7 7 13 -10 -11 11 -13 -14 17 22 16 19 27 -20 -21 -22 -23 -24 25 -26 -27 -28 28 29 -31
leaf_value=-0.033490137611636821 0.033758731550289786 -0.00047871911367026077 -0.034058808068428571 -0.033530070135116212 -0.03348061470133952 -0.033995256097485042 0.03373039840246625 0.03367526067504277 -0.033607857674617353 -0.033589908179786229 -0.033609529688516437 -0.033514972152836303 -0.03356947818635727 0.033626757389234804 -0.033526841223198413 -0.033539861366319944 -0.033489946854919503 0.03364559327362511 -0.033521183499075652 -0.033490085418191415 -0.033544699752276794 -0.033557283730020752 -0.033489219219585357 -0.033497260792557923 -0.033497644512396028 -0.033509786542455455 -0.033487918234443491 0.033647931163828533 0.033648513958933 0.033648436349055212
leaf_weight=1.3697080262936658 0.57105962932109822 0.96283119916915882 0.43174838880076993 0.1487840283662083 0.13836853718385078 0.91830665897578001 0.42605509236454953 0.36774757876992215 0.21859790291637171 0.1451686811633407 0.23788249306380749 0.32317634904757142 0.2051733429543674 0.34914628881961141 0.21895786421373487 0.24113238183781494 0.25833293003961444 0.33884274214506183 0.17227609781548381 0.33982360083609819 0.15415811724960804 0.17563065141439438 0.11525060050189495 0.1577689372934401 0.26954210549592972 0.12522660894319415 0.15271968906745315 0.34138610400259528 0.4788139853626493 2.3764000553637743
leaf_count=243 25 3 35 22 20 39 20 20 18 16 20 39 19 22 32 27 35 20 20 46 16 23 21 27 35 20 21 20 28 139
internal_value=-0.00336711 -0.0293558 -0.0336217 -0.0335907 -0.0336515 -0.0337553 0.0336673 0.0336562 -0.0335391 -0.033504 -0.0335291 -0.0335551 -0.0335136 0.0336487 -0.0335212 -0.0334987 -0.0335106 0.0336462 -0.0334979 -0.0335012 -0.0335104 -0.0335448 -0.0335088 -0.0335133 -0.0334908 -0.0335028 -0.0334844 0.0336481 0.0336484 0.0336484
internal_weight=12.73 7.48057 6.51773 6.08599 3.57766 1.85993 5.24945 4.67839 1.71774 2.50832 1.49914 0.561059 0.93808 4.25234 0.941619 2.36316 0.993447 3.88459 0.732906 0.752315 0.412491 0.324415 0.617204 0.501953 0.56063 0.282996 0.291088 3.53544 3.1966 2.85521
internal_count=1091 797 794 759 376 184 294 269 192 383 174 59 115 249 145 367 124 229 96 97 51 45 100 79 76 47 41 207 187 167
is_linear=0
shrinkage=0.05


Tree=204
num_leaves=31
num_cat=0
split_feature=1 3 1 3 1 1 1 3 1 3 3 3 2 0 8 1 4 4 7 2 2 0 0 4 0 7 3 8 1 2
split_gain=2.6928 1.3682 0.774005 0.236578 0.397147 0.0235199 8.34143e-05 8.83389e-06 6.02489e-06 1.13202e-06 1.03293e-06 1.52343e-06 4.59165e-07 2.37644e-07 2.96824e-07 2.32543e-07 2.17924e-07 1.63388e-07 2.26349e-07 1.34911e-07 9.66887e-08 3.82537e-08 1.47982e-07 1.37623e-08 1.31083e-08 6.65597e-09 5.95109e-09 9.70924e-11 2.96554e-11 3.40972e-12
threshold=417.50000000000006 0.022802445004745712 350.50000000000006 0.0099647634353574616 1003.0000000000001 357.00000000000006 300.50000000000006 0.031508408936361483 763.50000000000011 0.040039144721343907 0.09969184575573993 0.091852391733789132 4484.0000000000009 54.414500000000004 0.45550000000000074 1005.5000000000001 1.0000000180025095e-35 13.500000000000002 13.779190000000002 7560.5000000000009 3965.0000000000005 58.102235 49.700500000000012 7.5000000000000009 56.290500000000009 8.8192800000000009 0.144306132441514 7.6729999999999992 180.00000000000003 5570.0000000000009
decision_type=2 2 2 2 2 2 2 2 2 2 2 2 2 2 2 2 2 2 2 2 2 2 2 2 2 2 2 2 2 2
left_child=1 5 9 4 -2 6 25 8 -5 -3 11 13 -11 19 -15 -6 -12 18 -14 23 -18 22 -17 -9 -22 -1 -26 -28 -27 -29
right_child=3 2 -4 7 15 -7 -8 10 -10 12 16 -13 17 14 -16 21 20 -19 -20 -21 24 -23 -24 -25 26 28 27 29 -30 -31
leaf_value=0.033636025067396082 0.014839812872779976 0.03376820587506018 -0.0039643425911639035 -0.033595695741193192 -0.033553037974572687 0.042026785066302169 0.034614780686686587 -0.033477806187506683 -0.033955303672684629 0.033731942640429551 -0.033530562662201661 -0.033678008757888921 0.033703753861294365 -0.033590765771333062 -0.033512283120411199 -0.033479799416410182 -0.033516790015216173 0.033624711541461058 0.03364271960968291 -0.033539516573402414 -0.033493074807420767 -0.033479930501453974 -0.033542325552361842 -0.033495294984389266 -0.033469428218487252 0.033627968535817253 -0.033478690827625002 -0.033479769975951819 0.033627399073150085 -0.03348001358980867
leaf_weight=0.27871468570083724 0.77831196039914974 0.49351227283477683 8.1704649552702886 0.30657338956370939 0.20447379723191261 1.1454984098672865 0.23077925387769926 0.21041101077571533 0.18783865310251713 0.29007655195891835 0.27765352372080121 0.18194964248687018 0.30181136727333069 0.22157079819589853 0.26403611898422241 0.25555697130039334 0.19937961921095881 0.24563490971922874 0.30583350546658039 0.16900632809847593 0.18238951172679696 0.32491455739364028 0.15027308091521263 0.24171209568157792 0.14860861701890815 2.5000963052734737 0.15930748218670476 0.16050678677856911 0.25163028109818686 1.3665675595402715
leaf_count=26 12 33 35 33 20 7 9 31 15 21 26 13 23 19 33 37 20 24 28 18 21 47 16 32 20 238 20 20 24 170
internal_value=0.000870779 0.0127212 0.00232275 -0.0272449 -0.0115465 0.0358633 0.0336984 -0.0335336 -0.0337323 0.0337049 -0.0335076 -0.0335439 0.0336776 -0.0335219 -0.0335481 -0.0335059 -0.0334888 0.0336591 0.033673 -0.0335014 -0.0334836 -0.0334927 -0.033503 -0.0334872 -0.0334803 0.0336287 -0.033479 -0.0334799 0.0336279 -0.03348
internal_weight=20.2051 14.2141 9.80733 5.99104 1.71353 4.40672 3.26122 4.27751 0.494412 1.63687 3.7831 1.28869 1.14336 1.10674 0.485607 0.935218 2.49441 0.85328 0.607645 0.621129 2.21676 0.730745 0.40583 0.452123 2.01738 3.03044 1.83499 1.68638 2.75173 1.52707
internal_count=1091 468 164 623 132 304 297 491 48 129 443 146 96 133 52 120 297 75 51 81 271 100 53 63 251 288 230 210 262 190
is_linear=0
shrinkage=0.05


Tree=205
num_leaves=31
num_cat=0
split_feature=3 1 2 3 3 4 0 4 2 1 1 0 1 3 0 0 3 4 3 2 2 4 7 3 7 0 1 1 7 7
split_gain=1.33692 1.67711 0.865806 0.6768 0.565488 0.677882 1.02905 0.435609 1.03508 0.238048 0.00941697 0.00112789 0.000685105 0.000150178 3.9279e-07 1.11483e-06 3.67054e-07 2.15655e-07 1.40021e-07 1.11513e-07 5.67306e-08 1.95098e-08 2.67179e-08 1.08466e-08 9.72059e-09 9.61833e-09 5.85575e-09 1.59777e-09 2.27464e-10 1.09858e-11
threshold=0.11277836960585665 350.50000000000006 4315.0000000000009 0.019258380102574194 0.038617839267519834 17.500000000000004 54.541000000000004 11.500000000000002 2973.0000000000005 381.50000000000006 405.50000000000006 51.550500000000007 775.50000000000011 0.066237369700319307 58.842445000000005 51.502335000000009 0.021360524015249797 1.0000000180025095e-35 0.040039144721343907 3965.0000000000005 4484.0000000000009 13.500000000000002 13.779190000000002 0.14244935990179933 23.381000000000004 43.625000000000007 1006.5000000000001 218.50000000000003 8.8192800000000009 26.746000000000002
decision_type=2 2 2 2 2 2 2 2 2 2 2 2 2 2 2 2 2 2 2 2 2 2 2 2 2 2 2 2 2 2
left_child=1 16 7 -4 9 6 10 -3 12 -5 -6 -12 -9 -8 15 25 27 -2 -18 -19 -20 22 -22 -21 -25 -14 -16 28 -1 -26
right_child=17 2 3 4 5 -7 13 8 -10 -11 11 -13 14 -15 26 -17 18 19 20 23 21 -23 -24 24 29 -27 -28 -29 -30 -31
leaf_value=-0.03348225533886897 -0.033531063216634849 0.047259748287159675 -0.030345979159720843 0.045787652974029633 0.042366476749554433 -0.031433773297117266 -0.0077364279239435733 0.03533605799354788 -0.022416437577158395 0.01553940035367778 0.033700199641236488 0.036991181506846785 0.033642455866148217 -0.0083997937893762718 0.033637303031135914 0.033754507978921086 -0.033551255296394404 -0.033519060542375932 -0.033534485607646408 -0.033467294353402059 -0.033520185819141686 -0.033482057842936154 -0.033490806752089028 -0.033492393999413457 -0.033479614633933522 0.033653519854742152 0.033627875895439995 -0.033486644266557675 -0.033480007115678487 -0.033480002632748126
leaf_weight=0.12304326146841704 0.26900847442448084 1.8167871208861495 1.3352536996826518 1.0169467777013763 0.77209672331809986 1.3825008664280174 1.5007319198921325 0.92018124088645059 1.1415152624249456 1.8047284353524444 0.60723171290010192 0.45575266890227795 0.38749740552157141 1.9772919733077285 0.41000268328934897 0.35806245915591717 0.27030532015487541 0.2017932673916224 0.14784798631444573 0.15360564365982998 0.15369068644940853 0.12604498770087957 0.15587121434509754 0.1733252890408038 0.20842799684032787 0.39838854689151049 0.27535592671483755 0.10307501163333643 1.3136456036008892 1.4629212217405436
leaf_count=23 25 38 19 5 3 22 21 15 21 37 38 13 27 20 29 19 36 20 21 21 23 24 28 20 26 27 20 19 249 182
internal_value=0.00111825 0.00562644 0.0112808 0.00298969 0.00766661 -0.000245339 0.00787007 0.0270452 0.0176067 0.026441 0.0381638 0.0351112 0.0342232 -0.00811356 0.0336634 0.0336814 -0.0334952 -0.0334888 -0.0335215 -0.0334836 -0.0335077 -0.0334986 -0.0335054 -0.0334801 -0.0334811 0.0336481 0.0336335 -0.0334806 -0.0334802 -0.03348
internal_weight=21.4229 18.9538 16.5603 10.8525 9.51728 6.69561 5.3131 5.70779 3.891 2.82168 1.83508 1.06298 2.74949 3.47802 1.82931 1.14395 2.39352 2.46908 0.85376 2.20007 0.583455 0.435607 0.309562 1.99828 1.84467 0.785886 0.685359 1.53976 1.43669 1.67135
internal_count=1091 797 374 178 159 117 95 196 158 42 54 51 137 41 122 73 423 294 132 269 96 75 51 249 228 54 49 291 272 208
is_linear=0
shrinkage=0.05


Tree=206
num_leaves=31
num_cat=0
split_feature=3 13 3 2 2 1 1 4 4 3 0 7 2 1 2 1 7 0 0 0 1 0 4 7 4 2 1 3 2 1
split_gain=4.59125 0.579046 0.00749658 3.2152e-05 1.14076e-05 1.42706e-05 3.65883e-05 1.66317e-06 4.45831e-07 3.80587e-07 2.87615e-07 5.09132e-07 3.65557e-07 9.46912e-08 8.75678e-08 8.6018e-08 8.03095e-08 5.32931e-08 3.54594e-08 1.29937e-07 2.85932e-08 1.96708e-08 1.87675e-08 2.62088e-08 8.76598e-09 3.58712e-09 1.23233e-09 7.48148e-10 3.15361e-11 4.06173e-11
threshold=0.09969184575573993 965.00000000000011 0.13824253337460482 9789.0000000000018 2519.0000000000005 417.50000000000006 350.50000000000006 1.0000000180025095e-35 12.500000000000002 0.089017473838194208 54.985000000000007 18.395500000000002 8450.0000000000018 147.50000000000003 4576.0000000000009 1005.5000000000001 23.381000000000004 52.955500000000008 58.102235 49.700500000000012 715.50000000000011 50.785125000000008 17.500000000000004 12.319000000000004 7.5000000000000009 7898.5000000000009 602.00000000000011 0.15212389730596518 7061.5000000000009 777.50000000000011
decision_type=2 2 2 2 2 2 2 2 2 2 2 2 2 2 2 2 2 2 2 2 2 2 2 2 2 2 2 2 2 2
left_child=3 -2 -3 4 8 6 14 -4 13 10 12 -12 17 -1 21 -15 -9 24 19 -17 -13 -6 23 -16 26 -25 -7 -18 29 -29
right_child=1 2 7 -5 5 9 -8 16 -10 -11 11 20 -14 15 22 18 27 -19 -20 -21 -22 -23 -24 25 -26 -27 -28 28 -30 -31
leaf_value=-0.033479997509603746 -0.010921526532672754 0.038872133948902203 0.033728014010228492 -0.034037333584151071 -0.033517265553437869 -0.033471173744408 -0.033965806603614819 0.033652978378271352 -0.033581539385196389 -0.033600323770174238 -0.033606955976829334 -0.033495508360209474 -0.033565064922429819 -0.033527734095036184 -0.033515631306899649 -0.033479821579763459 0.033625349578761808 -0.033513506092536748 -0.033479951038550018 -0.033539222207455692 -0.033525428757898969 -0.033542807184331135 -0.033479125595816041 -0.033486664190624266 -0.033487448522623003 -0.033498379251881136 -0.033477906446761296 0.033627272300093339 0.033627992714863691 0.033627992508462094
leaf_weight=1.2819018047302968 0.81528316065669049 0.81693763285875309 0.48917448706924904 0.40955479908734549 0.13920757547020934 0.12959755165502407 0.87390614300966263 0.34499589912593398 0.1377117778174578 0.17836038768291462 0.2360980212688446 0.16333684884011745 0.20094594592228532 0.22663259599357832 0.20587468566372991 0.24177669920027256 0.31718242354691062 0.1647169841453433 0.31804408878087997 0.14867882430553436 0.15621643746271729 0.16441023582592607 0.10784847009927034 0.1476625157520175 0.26729058008641005 0.11720915790647268 0.14291406283155084 0.39918875228613648 2.3049558307975531 0.38415920548141003
leaf_count=243 22 19 23 35 22 20 39 20 16 15 20 22 19 27 32 35 20 20 46 16 18 23 21 27 37 20 21 25 144 24
internal_value=-0.00345338 0.0281817 0.0344864 -0.0336093 -0.0335788 -0.0336375 -0.0337365 0.0336413 -0.0334942 -0.0335314 -0.033523 -0.0335513 -0.0335056 -0.0334888 -0.0335094 -0.0335009 0.03363 -0.0334886 -0.0334923 -0.0335024 -0.0335101 -0.0335311 -0.0334979 -0.0335022 -0.033481 -0.0334918 -0.0334747 0.0336277 0.0336279 0.0336276
internal_weight=12.0318 5.87188 5.05659 6.1599 5.75034 3.3956 1.75612 4.23966 2.35475 1.63948 1.46112 0.555651 0.905465 2.21703 0.882213 0.935132 3.75048 0.704519 0.7085 0.390456 0.319553 0.303618 0.578595 0.470746 0.539802 0.264872 0.272512 3.40549 3.0883 0.783348
internal_count=1091 297 275 794 759 376 184 256 383 192 177 60 117 367 145 124 233 98 97 51 40 45 100 79 78 47 41 213 193 49
is_linear=0
shrinkage=0.05


Tree=207
num_leaves=31
num_cat=0
split_feature=1 3 2 0 3 7 0 3 1 1 1 3 1 3 3 0 7 1 4 2 2 0 0 4 0 7 3 8 1 2
split_gain=2.49388 1.29545 0.760808 0.734085 1.3933 0.858202 0.48346 0.243569 0.387302 0.0195704 7.55817e-05 8.0793e-06 5.0825e-06 1.01798e-06 1.19012e-06 2.29894e-07 2.65545e-07 1.90285e-07 1.769e-07 1.24426e-07 1.18354e-07 3.13315e-08 1.21204e-07 1.13608e-08 1.0557e-08 5.44778e-09 5.13492e-09 7.97743e-11 2.56444e-11 2.76912e-12
threshold=417.50000000000006 0.022802445004745712 5765.0000000000009 47.435000000000009 0.052881170992664657 13.239045000000003 49.325205000000004 0.0099647634353574616 1003.0000000000001 357.00000000000006 300.50000000000006 0.031508408936361483 763.50000000000011 0.09969184575573993 0.089017473838194208 53.475900000000003 18.264500000000005 1005.5000000000001 1.0000000180025095e-35 3965.0000000000005 7362.0000000000009 58.102235 49.700500000000012 7.5000000000000009 56.290500000000009 8.8192800000000009 0.144306132441514 7.6729999999999992 180.00000000000003 5570.0000000000009
decision_type=2 2 2 2 2 2 2 2 2 2 2 2 2 2 2 2 2 2 2 2 2 2 2 2 2 2 2 2 2 2
left_child=1 9 6 -4 -5 -6 -3 8 -2 10 25 12 -9 14 15 20 -17 -10 -15 -20 23 22 -19 -13 -21 -1 -26 -28 -27 -29
right_child=7 2 3 4 5 -7 -8 11 17 -11 -12 13 -14 18 -16 16 -18 21 19 24 -22 -23 -24 -25 26 28 27 29 -30 -31
leaf_value=0.033616375786542495 0.015084098459698068 -0.035954140639863422 0.05155873398589135 -0.032107112452602553 -0.0128122358421816 0.043207235975796988 3.8450215837153664e-05 -0.033591088769981639 -0.033538815347649957 0.041467619873838589 0.034570906371671768 -0.033466702152747468 -0.0339282851955005 -0.033518395769640601 -0.033647169325945178 -0.033575686204341162 -0.03350345416525962 -0.033470329249319968 -0.033512714104191189 -0.033482626650198723 -0.033528270898683425 -0.033470453777322766 -0.033528818795521075 -0.033484167628359214 -0.033460360296055265 0.033608844028588429 -0.033469293080867428 -0.033470305403344593 0.033608296700589312 -0.033470532337484871
leaf_weight=0.26092506758869038 0.7723020389676083 1.5973429763689622 1.0516652148216961 1.6275538541376589 1.0134917544201019 2.1008869362995028 2.2432104423642159 0.29640471190214146 0.19139787554740906 1.0954501330852506 0.22029964998364437 0.18216466298326872 0.17938171001151204 0.26047483645379577 0.20044241286814202 0.24328001774847507 0.26675378950312734 0.2391687841154635 0.19499679468572173 0.17053219396620978 0.14965768484398723 0.30408151866868138 0.14066648902371526 0.1904511135071516 0.13872942188754667 2.3404795676469807 0.14909271849319328 0.15021681319922198 0.2355517093092202 1.2789589827880261
leaf_count=26 12 23 19 34 15 37 36 33 20 7 9 29 15 26 16 22 35 37 20 21 17 47 16 27 20 238 20 20 24 170
internal_value=0.000888073 0.0123886 0.00232611 0.013766 0.00538438 0.0249772 -0.0149314 -0.026933 -0.010724 0.0357334 0.0336788 -0.0335247 -0.0337182 -0.0334989 -0.0335357 -0.033514 -0.0335379 -0.0334947 -0.0334795 -0.0334747 -0.0334907 -0.0334824 -0.033492 -0.0334756 -0.0334708 0.0336095 -0.0334696 -0.0334704 0.0336088 -0.0334705
internal_weight=19.486 13.7869 9.63415 5.7936 4.74193 3.11438 3.84055 5.69915 1.64762 4.15271 3.05726 4.05154 0.475786 3.57575 1.23275 1.03231 0.510034 0.875315 2.343 2.08253 0.522273 0.683917 0.379835 0.372616 1.88753 2.83696 1.717 1.57827 2.57603 1.42918
internal_count=1091 468 164 105 86 52 59 623 132 304 297 491 48 443 146 130 57 120 297 271 73 100 53 56 251 288 230 210 262 190
is_linear=0
shrinkage=0.05


Tree=208
num_leaves=31
num_cat=0
split_feature=3 1 14 2 3 3 1 1 3 3 1 1 3 2 0 7 0 3 4 2 3 2 4 7 3 7 0 1 1 7
split_gain=1.25046 1.54936 0.836259 0.649764 1.5249 0.760716 0.938047 0.33614 0.864176 0.290795 0.00198962 0.00023732 8.21358e-06 7.6178e-07 3.83253e-07 3.10636e-07 9.44185e-07 3.00575e-07 1.74607e-07 1.407e-07 1.14646e-07 4.64436e-08 1.59688e-08 2.18658e-08 9.49991e-09 7.95792e-09 4.45684e-09 4.13008e-09 1.28668e-09 1.85779e-10
threshold=0.11277836960585665 350.50000000000006 1796.0000000000002 2973.0000000000005 0.017579709884236853 0.042433336331947409 409.50000000000006 585.50000000000011 0.09969184575573993 0.02998165364799488 573.50000000000011 753.50000000000011 0.085523332883546924 7610.0000000000009 53.004760000000012 19.842445000000005 51.502335000000009 0.021360524015249797 1.0000000180025095e-35 3965.0000000000005 0.040039144721343907 4484.0000000000009 13.500000000000002 13.779190000000002 0.14244935990179933 23.381000000000004 43.625000000000007 1006.5000000000001 218.50000000000003 8.8192800000000009
decision_type=2 2 2 2 2 2 2 2 2 2 2 2 2 2 2 2 2 2 2 2 2 2 2 2 2 2 2 2 2 2
left_child=1 17 3 10 -5 9 -7 -8 12 -6 -3 -12 13 14 -9 16 26 28 -2 -20 -19 -22 23 -23 -21 -26 -13 -17 29 -1
right_child=18 2 -4 4 5 6 7 8 -10 -11 11 15 -14 -15 -16 27 -18 20 19 24 21 22 -24 -25 25 -27 -28 -29 -30 -31
leaf_value=-0.033472627331562019 -0.033518842756741891 0.03743337938523475 -0.033922950497265771 -0.042956918494124738 0.012645816724979816 -0.0092203100895661173 0.046059206295464034 0.033626513295124533 -0.040617942098862582 0.044826640129936368 0.0346907861848458 0.033622382509067086 0.033969660106473974 0.033751204890532502 0.033702000488145895 0.033616888595756164 0.033727121509702043 -0.033537163370897863 -0.033514933274447933 -0.033458168039393277 -0.033521477011666412 -0.033508100402811915 -0.033472445848234125 -0.03348062825919549 -0.033482111253989595 -0.033470476813949927 0.033630050007648196 0.033608757128230395 -0.033476685768741597 -0.033470527088145914
leaf_weight=0.11515492480248868 0.25229840911924784 0.49408953636884811 0.97801545262336809 1.2819260535761703 1.0183191550895556 4.3344875872135162 1.295965798199177 0.35473092924803473 0.53953599929809559 2.2598536647856236 0.77769279479980502 0.36276709940284468 0.36416307743638743 0.37480733450502157 0.31966480892151594 0.396119781769812 0.33530491683632135 0.25302107539027918 0.19735724106431041 0.14319480443373311 0.13838997343555093 0.14385332446545362 0.11796438926830888 0.145882248878479 0.16221924824640144 1.564201248809695 0.39685090910643339 0.25777614675462246 0.096441952046006807 1.2294295635074375
leaf_count=23 25 5 7 21 28 18 36 26 2 35 17 27 15 20 19 30 19 36 20 21 21 23 24 28 20 208 29 20 19 249
internal_value=0.0011166 0.00548158 0.0108892 0.0137794 0.00861739 0.0147044 0.00600439 0.0263165 0.013215 0.0348301 0.0345316 0.0339641 0.0337651 0.0336941 0.0336623 0.033641 0.0336572 -0.0334847 -0.0334796 -0.0334748 -0.0335093 -0.0334964 -0.033488 -0.0334943 -0.0334705 -0.0334716 0.0336264 0.0336137 -0.0334711 -0.0334707
internal_weight=20.7015 18.3822 16.1421 15.1641 12.1435 10.8615 7.58336 3.24887 1.9529 3.27817 3.0206 2.52651 1.41337 1.0492 0.674396 1.74882 1.09492 2.24014 2.31927 2.06697 0.799111 0.54609 0.4077 0.289736 1.86962 1.72642 0.759618 0.653896 1.44103 1.34458
internal_count=1091 797 374 367 220 199 136 118 82 63 147 142 80 65 45 125 75 423 294 269 132 96 75 51 249 228 56 50 291 272
is_linear=0
shrinkage=0.05


Tree=209
num_leaves=31
num_cat=0
split_feature=3 13 3 2 2 1 1 4 4 3 0 7 2 1 2 1 7 0 0 0 0 0 4 7 4 2 2 7 2 3
split_gain=4.30781 0.546286 0.00638821 2.92885e-05 1.02892e-05 1.22426e-05 3.19901e-05 1.35198e-06 3.63289e-07 3.17107e-07 2.84787e-07 5.43099e-07 3.34212e-07 7.72711e-08 7.17268e-08 6.9832e-08 6.45087e-08 5.46863e-08 2.90465e-08 1.06433e-07 2.28299e-08 1.61114e-08 1.5375e-08 2.14737e-08 1.33778e-08 2.94052e-09 8.11249e-10 7.48106e-11 5.48961e-12 2.0175e-12
threshold=0.09969184575573993 1038.0000000000002 0.14131452864802432 9789.0000000000018 2519.0000000000005 417.50000000000006 350.50000000000006 1.0000000180025095e-35 12.500000000000002 0.089017473838194208 54.985000000000007 17.974000000000004 8450.0000000000018 147.50000000000003 4576.0000000000009 1005.5000000000001 23.381000000000004 52.955500000000008 58.102235 49.700500000000012 57.380525000000006 50.785125000000008 17.500000000000004 12.319000000000004 7.5000000000000009 7898.5000000000009 5051.5000000000009 26.746000000000002 5736.5000000000009 0.17243108127731724
decision_type=2 2 2 2 2 2 2 2 2 2 2 2 2 2 2 2 2 2 2 2 2 2 2 2 2 2 2 2 2 2
left_child=3 -2 -3 4 8 6 14 -4 13 10 12 -12 17 -1 21 -15 -9 24 19 -17 -13 -6 23 -16 26 -25 -7 -18 -29 -30
right_child=1 2 7 -5 5 9 -8 16 -10 -11 11 20 -14 15 22 18 27 -19 -20 -21 -22 -23 -24 25 -26 -27 -28 28 29 -31
leaf_value=-0.033470516614435113 -0.0098256709361272468 0.038493429093678116 0.033702340590138984 -0.034015850766400561 -0.033505375184973422 -0.033462665499433691 -0.033936951435587462 0.033632222820272742 -0.033565288298128479 -0.033588358043169682 -0.03360893758077866 -0.033517490075593778 -0.03355622539466848 -0.033515031388561468 -0.033503847965600096 -0.033470350341214386 0.033608108859431489 -0.033507216337798677 -0.033470472736829314 -0.033525918407259235 -0.033491271689718646 -0.033529267877847289 -0.033469692874763451 -0.033476743837513111 -0.033481651588114156 -0.03348770788348255 -0.033468308115809857 0.033608647832537128 0.033608961532837343 0.033608850975550685
leaf_weight=1.1997203025966889 0.81647484656423319 0.81203138921409834 0.45805228315293822 0.38970968686044205 0.13029321888461731 0.12774314545094945 0.83440959360450506 0.32299033179879222 0.1288290275260805 0.1700065666809677 0.20375571958720684 0.17940504662692547 0.19296957738697529 0.21205011941492546 0.1926985471509397 0.22627213504165411 0.38852331973612342 0.15840454027056694 0.29765152093023062 0.13917355658486485 0.15456092078238726 0.15389756904914975 0.1009268001653254 0.13818901730701327 0.25669917138293386 0.10970011446624994 0.12705498281866312 0.29945805575698647 0.52464183233678374 1.9329194976016877
leaf_count=243 23 21 23 35 22 21 39 20 16 15 17 22 19 27 32 35 26 20 46 16 21 23 21 27 37 20 20 20 35 129
internal_value=-0.00355212 0.027948 0.0344565 -0.0335971 -0.0335671 -0.0336239 -0.0337186 0.0336216 -0.0334838 -0.0335239 -0.033516 -0.0335446 -0.0334982 -0.0334788 -0.033498 -0.0334901 0.0336109 -0.0334815 -0.0334821 -0.0334915 -0.0335054 -0.0335183 -0.0334873 -0.0334913 -0.0334736 -0.0334816 -0.0334655 0.0336088 0.0336088 0.0336089
internal_weight=11.3792 5.55509 4.73862 5.82412 5.43441 3.23071 1.66011 3.92659 2.2037 1.5706 1.40059 0.537722 0.862871 2.07487 0.825705 0.875147 3.46853 0.669902 0.663097 0.365446 0.333966 0.284191 0.541514 0.440588 0.511497 0.247889 0.254798 3.14554 2.75702 2.45756
internal_count=1091 297 274 794 759 376 184 253 383 192 177 60 117 367 145 124 230 98 97 51 43 45 100 79 78 47 41 210 184 164
is_linear=0
shrinkage=0.05


Tree=210
num_leaves=31
num_cat=0
split_feature=1 3 2 3 3 0 0 2 3 1 1 3 1 7 1 1 1 3 3 3 2 2 4 7 1 0 0 0 3 1
split_gain=2.31489 1.37621 1.01853 1.21398 0.933766 1.72018 0.52672 0.399458 0.279034 0.123375 0.175365 0.0781379 0.00659891 0.0078465 0.00217349 0.0010255 0.000121153 2.39071e-06 1.44466e-06 9.13545e-07 4.63483e-07 1.52646e-07 1.43853e-07 1.37232e-07 1.2222e-07 2.56649e-08 9.9272e-08 8.39133e-09 4.29635e-09 1.31672e-09
threshold=350.50000000000006 0.079562543123280441 2973.0000000000005 0.018542074366155962 0.058158882829218002 46.632930000000009 55.683030000000009 4126.0000000000009 0.029178725664960107 389.00000000000006 401.50000000000006 0.082773846981974 409.50000000000006 18.762000000000004 417.50000000000006 425.00000000000006 753.50000000000011 0.021360524015249797 0.09969184575573993 0.040039144721343907 4484.0000000000009 3734.5000000000005 1.0000000180025095e-35 13.779190000000002 1005.5000000000001 58.102235 49.700500000000012 56.290500000000009 0.144306132441514 210.50000000000003
decision_type=2 2 2 2 2 2 2 2 2 2 2 2 2 2 2 2 2 2 2 2 2 2 2 2 2 2 2 2 2 2
left_child=17 2 15 -4 5 -5 -6 -7 -9 -10 -11 -3 -12 -14 -13 -2 -17 29 -16 -19 -21 -20 -23 -22 -18 26 -26 -24 -29 -1
right_child=1 11 3 4 6 7 -8 8 9 10 12 14 13 -15 18 16 24 19 21 20 23 22 27 -25 25 -27 -28 28 -30 -31
leaf_value=0.03359110876956261 -0.036763529440452504 -0.056030465343545138 0.047544300619800597 0.047939233648057605 -0.0053448293686689597 0.0045869808454829467 0.039513366659393735 -0.0072486284751173587 -0.055180831367948227 -0.0077047673332166951 -0.04933798328613595 -0.037832051882404627 -0.036418607439299998 -0.045927202390110854 -0.033595654127160944 -0.034415894792622463 -0.033517406473616222 0.033726525140715884 -0.033512295524466933 0.033699982143908985 0.033644072489115863 -0.033504466535600352 -0.033472906907975136 0.033601584026485436 -0.033461472950256532 -0.033461589986982891 -0.03351618752395296 -0.03345216118132821 -0.033461647542564747 0.03359546579387284
leaf_weight=2.4960139496251972 0.38895773142576118 0.47004975657910053 1.5017014276236276 0.92577206855639804 1.069847875274718 0.80354619631543744 1.6851175427436826 0.73985878610983524 1.0631108656525614 0.47564482688903797 0.34753492474555947 0.32543684542179141 0.43286453885957599 0.43498818902298808 0.25952092884108457 0.594320881180465 0.20179957989603281 0.48559261672198761 0.20245939539745483 0.26700802985578753 0.39086015382781625 0.22425866592675436 0.15949238510802377 0.3698909180238843 0.22382612945511937 0.2845770213752985 0.13166898256167769 0.12978494260460127 1.4851918234489856 0.18634753208607424
leaf_count=271 3 12 25 14 33 25 19 19 4 2 1 2 30 15 25 18 24 36 21 21 36 24 21 39 37 47 16 20 211 20
internal_value=0.000896923 -0.00853186 -0.000282318 0.00630282 -0.00145979 -0.0138826 0.0220934 -0.0272002 -0.0345105 -0.041834 -0.0334432 -0.0371733 -0.043516 -0.0411845 -0.0339919 -0.0344861 -0.0338693 0.0336198 -0.0334841 0.03367 0.0336433 -0.0334709 -0.0334667 0.0336234 -0.0334835 -0.0334728 -0.0334817 -0.033462 -0.0334609 0.0335914
internal_weight=18.757 14.5613 11.3051 9.47999 7.97829 5.22332 2.75497 4.29755 3.494 2.75414 1.69103 3.25619 1.21539 0.867853 2.78614 1.82515 1.43619 4.19571 2.46071 1.51335 1.02776 2.20119 1.99873 0.760751 0.841872 0.640072 0.355495 1.77447 1.61498 2.68236
internal_count=1091 668 332 187 162 110 52 96 71 52 48 336 46 45 324 145 142 423 322 132 96 297 276 75 124 100 53 252 231 291
is_linear=0
shrinkage=0.05


Tree=211
num_leaves=31
num_cat=0
split_feature=3 1 2 3 1 1 7 1 3 1 1 14 0 7 3 7 0 2 4 3 4 2 7 3 0 0 1 1 7 2
split_gain=1.173 1.4566 0.791405 1.44783 0.6891 1.4121 0.599976 0.125518 0.271654 0.00166262 0.000216009 7.44734e-05 1.22327e-06 1.09435e-06 3.4692e-07 2.54142e-07 7.72509e-07 1.68695e-07 1.44591e-07 1.24648e-07 1.2278e-07 5.81951e-08 1.69876e-08 8.17497e-09 6.91792e-09 3.64265e-09 3.37569e-09 1.03687e-09 1.5199e-10 2.7961e-12
threshold=0.11277836960585665 350.50000000000006 2973.0000000000005 0.018542074366155962 375.50000000000006 409.50000000000006 22.585500000000003 532.00000000000011 0.095958736671106951 434.50000000000006 753.50000000000011 739.50000000000011 53.475900000000003 18.395500000000002 0.021360524015249797 19.842445000000005 51.502335000000009 3734.5000000000005 1.0000000180025095e-35 0.040039144721343907 11.500000000000002 4484.0000000000009 13.779190000000002 0.14244935990179933 57.498500000000007 43.625000000000007 1006.5000000000001 218.50000000000003 8.8192800000000009 5500.5000000000009
decision_type=2 2 2 2 2 2 2 2 2 2 2 2 2 2 2 2 2 2 2 2 2 2 2 2 2 2 2 2 2 2
left_child=1 14 9 -4 -5 -6 7 -7 11 -3 -11 12 20 -14 27 16 25 -2 -19 -16 -9 -21 -23 -20 -25 -12 -17 28 -1 -26
right_child=17 2 3 4 5 6 -8 8 -10 10 15 -13 13 -15 19 26 -18 18 23 21 -22 22 -24 24 29 -27 -28 -29 -30 -31
leaf_value=-0.033463623539315167 -0.033515090932376056 0.037243886061342872 -0.0399942637737635 0.035574960255665006 -0.014945832089314624 0.044504236493627308 -0.015171491897331356 0.03359879996234557 -0.012768630193251912 0.034638284528574981 0.03360362207019351 0.034495809020052885 0.03376279047118131 0.033636138897962367 -0.03353343600581133 0.033598486467289516 0.033701529455212077 -0.033504401730961662 -0.033449878719947042 -0.033518550512215327 0.033638626213162263 -0.033490694457637159 -0.033469764914171266 -0.033472384995704818 -0.033461423643598241 0.033610786464471867 0.033590888356562897 -0.033467376672795861 -0.033461659856712393 -0.033461658250684666
leaf_weight=0.10776946647093355 0.19706533942371551 0.45418909098952953 1.5464978823438276 2.3669861443340769 4.3850359320640546 1.5041610952466729 0.76861070282757271 0.45584776252508186 0.37867450527846802 0.76592875178903375 0.33959929551929213 0.32311770226806391 0.38529703766107559 0.30602716375142336 0.24795876396819938 0.3708166368305682 0.31397346965968609 0.22416455298662175 0.13373338663950551 0.13604678213596344 0.33628537785261869 0.1999810712877661 0.18818194000050426 0.16680967807769764 0.14055164298042644 0.37150651961565018 0.24130788538604975 0.090233840979635604 1.1505820089951155 1.3165527675300834
leaf_count=23 20 4 25 11 18 35 16 37 7 18 27 12 20 22 36 30 19 24 21 21 24 36 39 22 20 29 20 19 249 187
internal_value=0.00115009 0.00540364 0.0106847 0.00535713 0.0116136 0.00520001 0.025016 0.0333883 0.0257369 0.0344696 0.0339452 0.0338079 0.0336581 0.0337067 -0.0334775 0.033621 0.0336362 -0.033471 -0.0334666 -0.0335042 0.0336157 -0.0334904 -0.0334805 -0.0334618 -0.0334627 0.0336074 0.0335955 -0.0334622 -0.0334618 -0.0334616
internal_weight=19.9135 17.7346 15.6139 12.7565 11.21 8.84306 4.45802 3.68941 2.18525 2.85732 2.40313 1.80658 1.48346 0.691324 2.12075 1.6372 1.02508 2.17888 1.98181 0.772169 0.792133 0.52421 0.388163 1.75765 1.62391 0.711106 0.612125 1.34859 1.25835 1.4571
internal_count=1091 797 374 227 202 191 173 157 122 147 143 115 103 42 423 125 75 294 274 132 61 96 75 250 229 56 50 291 272 207
is_linear=0
shrinkage=0.05


Tree=212
num_leaves=31
num_cat=0
split_feature=3 3 2 2 1 1 2 4 4 0 7 2 0 3 2 1 3 1 0 3 3 4 0 0 4 12 3 0 2 0
split_gain=4.05068 0.334602 2.55179e-05 9.28364e-06 1.09777e-05 2.79409e-05 1.29484e-06 1.17053e-06 2.96462e-07 2.61471e-07 4.33715e-07 3.33447e-07 9.41204e-08 7.71405e-08 1.13624e-07 6.41628e-08 6.11632e-08 5.90051e-08 5.85706e-08 4.33422e-08 3.49424e-08 2.41661e-08 2.37893e-08 8.71839e-08 1.04185e-08 4.47824e-09 3.15427e-10 1.98872e-10 8.94618e-12 2.69562e-13
threshold=0.11277836960585665 0.09969184575573993 9789.0000000000018 2519.0000000000005 417.50000000000006 350.50000000000006 3734.5000000000005 1.0000000180025095e-35 12.500000000000002 54.985000000000007 18.264500000000005 8187.5000000000009 53.251000000000012 0.022802445004745712 4646.0000000000009 147.50000000000003 0.060223978860616763 1005.5000000000001 56.290500000000009 0.040523269866985685 0.14587549410427778 12.500000000000002 58.102235 49.700500000000012 13.500000000000002 71.500000000000014 0.1600873536118422 61.04308000000001 5765.0000000000009 47.757500000000007
decision_type=2 2 2 2 2 2 2 2 2 2 2 2 2 2 2 2 2 2 2 2 2 2 2 2 2 2 2 2 2 2
left_child=1 2 3 8 5 13 -2 -8 15 11 -11 12 21 -5 -15 29 -12 -17 -9 -16 -20 25 23 -19 -21 -6 -22 -28 -29 -1
right_child=6 -3 -4 4 9 -7 7 18 -10 10 16 -13 -14 14 19 17 -18 22 20 24 26 -23 -24 -25 -26 -27 27 28 -30 -31
leaf_value=-0.033461570264609934 0.033696561736473611 -0.00080288221402236015 -0.033984565223452265 -0.033462993622026774 -0.03345669439540877 -0.033911408719331314 0.033677299526403498 0.033612390071608732 -0.033550218879509666 -0.033595745975823765 -0.033486020097412979 -0.033551203257405335 -0.033513859128062783 -0.03353078071356904 -0.0335097303892481 -0.033503749024964995 -0.033528598644720208 -0.033461490111446855 0.033572629910923586 -0.033480948524553369 0.033592548327244724 -0.033483383371908815 -0.033461607834838668 -0.033513474886072071 -0.033460367443708616 -0.033468440108992296 0.03358952600077586 0.033590672689214465 0.033590973674922482 -0.033461657466582653
leaf_weight=0.096969608217478132 0.38960738293826569 0.90659956634044636 0.37285259179770935 0.17678506253287218 0.18553522741422035 0.79758530715480447 0.44612145610153708 0.30110517609864507 0.12055490957573045 0.21596914995461702 0.18743940070271492 0.21644741902127862 0.16089112404733896 0.20573691371828318 0.12523409072309732 0.19891324127092946 0.15334337390959263 0.21175676397979259 0.28548870049417052 0.19380249409005046 0.28183243703097138 0.21479517454281449 0.27855940442532301 0.13027103012427688 0.090067671146243811 0.144236721098423 0.27894121501594815 0.28020578529685769 2.0759286051616073 1.0258080326020715
leaf_count=21 20 3 35 38 32 39 24 20 16 19 27 22 20 30 20 27 18 35 22 37 20 31 46 16 20 23 20 20 148 222
internal_value=-0.00369565 -0.0289487 -0.0335852 -0.0335562 -0.0336113 -0.0337025 0.0336096 0.033601 -0.0334741 -0.0335133 -0.0335403 -0.0334969 -0.0334803 -0.0334921 -0.0335005 -0.0334694 -0.0335052 -0.0334801 0.0335913 -0.0334852 0.0335893 -0.0334703 -0.0334725 -0.0334813 -0.0334744 -0.0334618 0.033591 0.0335908 0.0335909 -0.0334616
internal_weight=10.7494 6.41015 5.50355 5.1307 3.06787 1.58921 4.33923 3.94962 2.06283 1.47866 0.556752 0.921906 0.705458 0.791626 0.614841 1.94228 0.340783 0.8195 3.5035 0.409104 3.2024 0.544567 0.620587 0.342028 0.28387 0.329772 2.91691 2.63508 2.35613 1.12278
internal_count=1091 797 794 759 376 184 294 274 383 192 64 128 106 145 107 367 45 124 250 77 230 86 97 51 57 55 208 188 168 243
is_linear=0
shrinkage=0.05


Tree=213
num_leaves=31
num_cat=0
split_feature=1 3 2 3 4 3 3 3 7 3 1 1 1 1 1 3 3 3 2 3 7 2 4 1 2 0 0 7 0 3
split_gain=2.15524 1.1634 0.88969 1.25826 0.639824 0.650518 0.747746 0.815648 0.348663 0.064956 0.00396607 0.00333972 0.001949 0.000832873 9.90735e-05 2.31782e-05 1.56677e-06 1.38525e-06 6.65806e-07 2.62615e-07 1.31483e-07 1.25011e-07 1.17498e-07 1.00019e-07 7.02052e-08 2.10228e-08 8.13017e-08 1.37161e-08 7.14717e-09 3.28146e-09
threshold=364.00000000000006 0.079562543123280441 2973.0000000000005 0.0099647634353574616 6.5000000000000009 0.058158882829218002 0.029178725664960107 0.042433336331947409 8.8192800000000009 0.082773846981974 354.00000000000006 414.00000000000006 417.50000000000006 425.00000000000006 753.50000000000011 0.025818378904892473 0.022802445004745712 0.09969184575573993 4679.0000000000009 0.040523269866985685 12.873500000000002 3734.5000000000005 1.0000000180025095e-35 1005.5000000000001 7161.0000000000009 58.102235 49.700500000000012 16.918600000000005 56.290500000000009 0.144306132441514
decision_type=2 2 2 2 2 2 2 2 2 2 2 2 2 2 2 2 2 2 2 2 2 2 2 2 2 2 2 2 2 2
left_child=8 2 13 -4 11 6 -6 -8 -1 -3 16 -5 -11 -2 -15 -13 -10 -14 -18 -20 -21 -19 -23 -16 -17 26 -25 -22 -24 -30
right_child=1 9 3 4 5 -7 7 -9 10 12 -12 15 17 14 23 24 18 21 19 20 27 22 28 25 -26 -27 -28 -29 29 -31
leaf_value=0.0029613444409922699 -0.03652370424235709 -0.054366955210863946 0.10335498515785763 -0.039637455795782164 0.024013035080904778 0.029855157689979331 -0.053031274410021083 0.0015091004151146685 0.033574596293116064 -0.037671903306565786 0.037791509143165702 -0.034120921062068606 -0.033587273434247021 -0.034344885010458646 -0.033505499227405956 -0.033461030050840578 0.033703711792059304 -0.033500764448116838 0.03366526272189696 0.033634136323838909 0.033576526454342885 -0.033493400903801644 -0.033464125983861774 -0.033453191708916148 -0.033508227777612531 -0.03345330094870716 -0.033504373557027727 0.033595263925757783 -0.033444794126313591 -0.033453355944465919
leaf_weight=1.1286364123225237 0.36638053506612589 0.45903598144650404 0.31445797532796849 0.41202667355537403 1.5733069335110483 2.1047145240008831 1.0889371749944987 1.8502577445469794 2.3030769303441052 0.3143800646066669 0.67170068994164456 0.24056178145110607 0.24745908053591881 0.55725002242252208 0.18887669453397393 0.21201719902455807 0.34351180773228385 0.18955071270465884 0.24646679125726223 0.23270332301035523 0.17933486588299274 0.20989607647061337 0.14952516229823221 0.20946274558082223 0.12538410536944866 0.26631714031100273 0.12324249092489481 0.21446960791945457 0.12171149579808105 1.3899071435444055
leaf_count=45 3 12 2 2 27 28 22 29 267 2 7 15 25 18 24 36 27 21 21 22 21 24 21 37 16 47 16 23 20 211
internal_value=0.000906552 -0.010274 -0.00171989 0.00534309 0.00129159 0.00690033 -0.00380623 -0.0186975 0.0276284 -0.0370158 0.0342708 -0.0361979 -0.0339786 -0.0344103 -0.0338346 -0.0337459 0.0335988 -0.0334755 0.0336447 0.0336215 0.0336043 -0.0334621 -0.0334582 -0.0334738 -0.0334786 -0.0334638 -0.0334722 0.0335867 -0.0334537 -0.0334527
internal_weight=18.0346 12.7147 9.63319 7.92166 7.60721 6.61722 4.5125 2.93919 5.3199 3.08147 4.19126 0.98999 2.62243 1.71153 1.34515 0.577963 3.51956 2.30805 1.21649 0.872975 0.626508 2.06059 1.87104 0.787899 0.337401 0.599022 0.332705 0.393804 1.66114 1.51162
internal_count=1091 658 322 177 175 106 78 51 433 336 388 69 324 145 142 67 381 322 114 87 66 297 276 124 52 100 53 44 252 231
is_linear=0
shrinkage=0.05


Tree=214
num_leaves=31
num_cat=0
split_feature=3 1 2 3 1 1 7 1 3 1 1 14 0 7 3 7 0 2 4 3 4 2 7 3 0 0 1 1 7 2
split_gain=1.0922 1.34561 0.755031 1.2978 0.60094 1.30326 0.56967 0.118283 0.267821 0.00135051 0.000176608 6.40237e-05 1.05909e-06 9.34646e-07 2.84055e-07 2.07945e-07 6.32054e-07 1.38107e-07 1.18362e-07 1.02062e-07 8.89334e-08 4.76417e-08 1.39063e-08 6.69281e-09 5.66355e-09 2.9796e-09 2.76106e-09 8.48947e-10 1.24521e-10 2.29106e-12
threshold=0.11277836960585665 350.50000000000006 2973.0000000000005 0.018542074366155962 375.50000000000006 409.50000000000006 22.585500000000003 532.00000000000011 0.095958736671106951 434.50000000000006 753.50000000000011 739.50000000000011 53.475900000000003 18.395500000000002 0.021360524015249797 19.842445000000005 51.502335000000009 3734.5000000000005 1.0000000180025095e-35 0.040039144721343907 11.500000000000002 4484.0000000000009 13.779190000000002 0.14244935990179933 57.498500000000007 43.625000000000007 1006.5000000000001 218.50000000000003 8.8192800000000009 5500.5000000000009
decision_type=2 2 2 2 2 2 2 2 2 2 2 2 2 2 2 2 2 2 2 2 2 2 2 2 2 2 2 2 2 2
left_child=1 14 9 -4 -5 -6 7 -7 11 -3 -11 12 20 -14 27 16 25 -2 -19 -16 -9 -21 -23 -20 -25 -12 -17 28 -1 -26
right_child=17 2 3 4 5 6 -8 8 -10 10 15 -13 13 -15 19 26 -18 18 23 21 -22 22 -24 24 29 -27 -28 -29 -30 -31
leaf_value=-0.033455204907738657 -0.03350333914629517 0.036968651335670649 -0.038342633241288337 0.033529394814749272 -0.014309516248488519 0.044018515656949947 -0.014716708910234627 0.033585309173248416 -0.012929875141368584 0.034552337795944847 0.033586087221339898 0.034439341206528667 0.033740334206671156 0.033620039138969056 -0.033520500804390195 0.033581286675188164 0.033677612798002583 -0.033493340495632747 -0.033442348216926841 -0.033506575466875868 0.033620182404533891 -0.033480523338391972 -0.033460948999773053 -0.033463398729206763 -0.033453146559976298 0.033592784341831418 0.033574184264433676 -0.033458714862520104 -0.033453367597539981 -0.033453366081425538
leaf_weight=0.10085586784408107 0.18444943334907238 0.42830988299101536 1.5083944844081987 2.3508885018527499 4.3379283994436246 1.4440605640411379 0.75950025394558895 0.43286621384322665 0.37396226078271855 0.71855380106717381 0.31789760291576363 0.30549492686986912 0.36483446229249239 0.28967559989541769 0.23209563875570882 0.34711712412536144 0.2939816964790225 0.20980797987431277 0.1251478949561714 0.1273380946367979 0.31648403499275446 0.18716512760147452 0.17611217428930104 0.15611339779570688 0.13153433799743641 0.34776997473090887 0.22588223032653332 0.084445760585367569 1.0767642902210353 1.2320876466110346
leaf_count=23 20 4 25 11 18 35 16 37 7 18 27 12 20 22 36 30 19 24 21 21 24 36 39 22 20 29 20 19 249 187
internal_value=0.0011318 0.00524542 0.0103127 0.00514374 0.0111201 0.00501193 0.0245635 0.0330211 0.0253982 0.0343952 0.0339056 0.0337834 0.0336406 0.0336871 -0.0334682 0.0336023 0.0336166 -0.0334621 -0.033458 -0.0334932 0.0336 -0.0334803 -0.033471 -0.0334535 -0.0334544 0.0335896 0.0335785 -0.0334539 -0.0334535 -0.0334533
internal_weight=19.1875 17.1484 15.1636 12.4841 10.9757 8.62481 4.28688 3.52738 2.08332 2.67951 2.2512 1.70936 1.40386 0.65451 1.98478 1.53265 0.959649 2.03914 1.85469 0.722711 0.74935 0.490615 0.363277 1.64488 1.51974 0.665668 0.572999 1.26207 1.17762 1.36362
internal_count=1091 797 374 227 202 191 173 157 122 147 143 115 103 42 423 125 75 294 274 132 61 96 75 250 229 56 50 291 272 207
is_linear=0
shrinkage=0.05


Tree=215
num_leaves=31
num_cat=0
split_feature=3 3 2 2 1 1 2 4 4 0 7 2 0 3 2 7 1 1 0 3 3 4 0 0 4 12 3 0 2 0
split_gain=3.77834 0.336355 2.08534e-05 8.4562e-06 9.80815e-06 2.49682e-05 1.05908e-06 9.57417e-07 2.44861e-07 2.42533e-07 3.5995e-07 3.02492e-07 8.20824e-08 6.31674e-08 9.30502e-08 5.77028e-08 5.26725e-08 4.85838e-08 4.79183e-08 3.54774e-08 2.85805e-08 2.33082e-08 1.94889e-08 7.14034e-08 8.53279e-09 4.13414e-09 2.58088e-10 1.62671e-10 7.30893e-12 2.23765e-13
threshold=0.11277836960585665 0.09969184575573993 9789.0000000000018 2519.0000000000005 417.50000000000006 350.50000000000006 3734.5000000000005 1.0000000180025095e-35 12.500000000000002 54.985000000000007 18.264500000000005 8187.5000000000009 53.251000000000012 0.022802445004745712 4646.0000000000009 21.547940000000004 147.50000000000003 1005.5000000000001 56.290500000000009 0.040523269866985685 0.14587549410427778 12.500000000000002 58.102235 49.700500000000012 13.500000000000002 71.500000000000014 0.1600873536118422 61.04308000000001 5765.0000000000009 47.757500000000007
decision_type=2 2 2 2 2 2 2 2 2 2 2 2 2 2 2 2 2 2 2 2 2 2 2 2 2 2 2 2 2 2
left_child=1 2 3 8 5 13 -2 -8 16 11 -11 12 21 -5 -15 -12 29 -18 -9 -16 -20 25 23 -19 -21 -6 -22 -28 -29 -1
right_child=6 -3 -4 4 9 -7 7 18 -10 10 15 -13 -14 14 19 -17 17 22 20 24 26 -23 -24 -25 -26 -27 27 28 -30 -31
leaf_value=-0.033453283685286515 0.03367295537740523 -0.00044037285590989566 -0.033945587780053819 -0.033454614488429728 -0.033448811106382939 -0.033889172828578062 0.033654952579806566 0.033594286374927028 -0.033536512469962206 -0.03358355145529264 -0.033478902348360623 -0.033541562469211653 -0.033504357508766729 -0.033518020360212744 -0.033498325293274019 -0.033521034190271047 -0.033492815339414138 -0.033453208455992665 0.033557117482966296 -0.033471410459966398 0.033575737132418716 -0.033475734625543159 -0.033453317377601315 -0.033501837429553136 -0.033452156987617554 -0.033460469284270704 0.033572911654799968 0.033573983713290831 0.033574264900409496 -0.033453365825314503
leaf_weight=0.090748590882867353 0.36479332670569409 0.89872500300407399 0.35047643049620081 0.16544262971729062 0.17351022828370311 0.76431138999760151 0.41768900863826308 0.28187243361026082 0.11291625630110491 0.20405802223831415 0.17145956866443157 0.20561995357275009 0.15253002662211657 0.19258007919415832 0.11721315141767263 0.15449313586577773 0.18622800987213839 0.19816785771399736 0.26722760032862458 0.18138167867437005 0.26381783001124892 0.20288654742762446 0.26068559242412448 0.12193355290219188 0.084286790573969483 0.1353736724704504 0.26110911555588279 0.26229398883879218 1.9432290410622952 0.95999543694779277
leaf_count=21 20 3 35 38 32 39 24 20 16 19 26 22 20 30 20 19 27 35 22 37 20 31 46 16 20 23 20 20 148 222
internal_value=-0.00375141 -0.0286796 -0.0335732 -0.0335462 -0.0336001 -0.0336887 0.0335917 0.0335837 -0.0334651 -0.0335048 -0.0335315 -0.0334886 -0.0334722 -0.0334818 -0.0334897 -0.0334989 -0.0334606 -0.0334706 0.0335746 -0.0334754 0.0335727 -0.0334626 -0.0334635 -0.0334717 -0.0334653 -0.0334539 0.0335743 0.0335741 0.0335742 -0.0334534
internal_weight=10.1471 6.08502 5.1863 4.83582 2.90515 1.50522 4.06203 3.69724 1.93068 1.39993 0.530011 0.86992 0.6643 0.740904 0.575462 0.325953 1.81776 0.767015 3.27955 0.382882 2.99768 0.51177 0.580787 0.320101 0.265668 0.308884 2.73045 2.46663 2.20552 1.05074
internal_count=1091 797 794 759 376 184 294 274 383 192 64 128 106 145 107 45 367 124 250 77 230 86 97 51 57 55 208 188 168 243
is_linear=0
shrinkage=0.05


Tree=216
num_leaves=31
num_cat=0
split_feature=3 1 2 3 2 3 3 1 0 7 7 3 0 1 1 1 3 3 3 2 2 7 4 1 0 0 7 0 7 3
split_gain=2.00086 1.24302 0.886977 1.01872 0.584284 0.792561 1.00067 0.666991 1.31123 0.25687 0.0682801 0.0541103 0.00283302 0.00175417 0.000676808 8.10244e-05 1.64235e-06 1.33181e-06 6.33286e-07 3.24811e-07 1.02364e-07 9.88276e-08 9.59478e-08 8.18552e-08 1.72186e-08 6.65877e-08 1.12261e-08 6.10493e-09 4.62614e-09 2.48402e-09
threshold=0.079562543123280441 350.50000000000006 2973.0000000000005 0.0099647634353574616 9451.0000000000018 0.042433336331947409 0.029178725664960107 377.50000000000006 52.835000000000008 17.091500000000003 17.593500000000006 0.082773846981974 52.178000000000004 417.50000000000006 425.00000000000006 753.50000000000011 0.021360524015249797 0.09969184575573993 0.040039144721343907 4484.0000000000009 3734.5000000000005 12.873500000000002 1.0000000180025095e-35 1005.5000000000001 58.102235 49.700500000000012 16.918600000000005 56.290500000000009 8.8192800000000009 0.144306132441514
decision_type=2 2 2 2 2 2 2 2 2 2 2 2 2 2 2 2 2 2 2 2 2 2 2 2 2 2 2 2 2 2
left_child=1 16 14 -4 5 6 10 -7 12 -10 -5 -2 -9 -13 -3 -16 28 -15 -18 -20 -19 -21 -22 -17 25 -25 -23 -24 -1 -29
right_child=11 2 3 4 -6 7 -8 8 9 -11 -12 13 -14 17 15 23 18 20 19 21 22 26 27 24 -26 -27 -28 29 -30 -31
leaf_value=0.033566631036933546 -0.05286291421708339 -0.03630185699324124 0.069010773851012439 -0.0021104770963866369 0.036228724866930621 0.053726418662585346 -0.04737492101280405 -0.037780793724699405 0.042006332526848995 0.0089050274724266996 0.020368891840126496 -0.037524391620630364 -0.04256243243945898 -0.033579599736846738 -0.034278607454336883 -0.033494364685468861 0.033679242716131 -0.033489978183237422 0.033655942798626971 0.03360894528615644 -0.033483051347815644 0.033560745719596045 -0.033455919261472886 -0.033445445666877308 -0.033445548847858185 -0.033493324789324326 0.03357826713339903 -0.033437908062906661 0.033558969079035501 -0.033445600920467077
leaf_weight=0.21698349621147262 0.44753140723332707 0.34495110064744849 0.59873787686228652 0.64154720492660844 1.0635008011013267 0.73750561475753773 1.7688174140639601 0.67159879021346591 1.0366241796873512 1.3485124120488761 0.71349224261939526 0.30385291576385531 0.57496362319216132 0.23611326282843981 0.52241525286808588 0.17677581682801247 0.42799268104135968 0.17745736613869656 0.23522540042176843 0.29981291247531772 0.19644726626574982 0.16785263875499368 0.1401837458834051 0.19601674703881145 0.24922326253727078 0.11535133374854922 0.20075403759256005 0.11414360255002964 2.1397456349804997 1.3007053998298941
leaf_count=26 12 3 5 18 10 3 36 39 14 33 23 2 6 25 18 24 36 21 21 31 24 21 21 37 47 16 23 20 265 211
internal_value=0.000910468 0.0085358 -5.05761e-05 0.00595956 0.00154761 -0.00337473 -0.0226062 0.0103752 0.0015717 0.0232915 0.00972597 -0.0368664 -0.0399863 -0.0339668 -0.0343395 -0.0338022 0.0335848 -0.0334675 0.0336291 0.0336054 -0.0334538 0.0335876 -0.0334501 -0.0334647 -0.0334553 -0.0334632 0.0335703 -0.033446 0.0335597 -0.033445
internal_weight=17.3648 14.4484 10.76 9.1553 8.55656 7.49306 3.12386 4.3692 3.6317 2.38514 1.35504 2.91643 1.24656 2.4689 1.60473 1.25978 3.68837 2.16505 1.33164 0.903645 1.92894 0.66842 1.75148 0.737367 0.560591 0.311368 0.368607 1.55503 2.35673 1.41485
internal_count=1091 755 332 187 182 172 77 95 92 47 41 336 45 324 145 142 423 322 132 96 297 75 276 124 100 53 44 252 291 231
is_linear=0
shrinkage=0.05


Tree=217
num_leaves=31
num_cat=0
split_feature=2 1 3 0 7 2 1 0 1 7 3 1 1 7 1 1 7 1 1 0 3 1 2 2 3 4 3 4 0 0
split_gain=1.02066 1.12962 0.890513 0.585165 0.901104 0.732083 0.604145 0.383527 0.19565 0.185618 0.277976 0.0371452 0.0172754 0.00998443 9.13864e-05 1.12136e-05 9.6533e-06 2.62886e-06 5.99558e-06 2.29616e-06 2.35995e-07 1.32887e-07 1.03393e-07 7.23508e-08 3.85913e-08 3.61018e-08 1.31475e-08 1.02474e-08 6.69596e-09 5.30192e-09
threshold=9854.5000000000018 350.50000000000006 0.11277836960585665 52.835000000000008 17.593500000000006 8324.5000000000018 409.50000000000006 54.985000000000007 364.00000000000006 23.014360000000003 0.074676751080094375 532.00000000000011 414.00000000000006 22.725000000000005 718.50000000000011 700.50000000000011 15.840000000000002 731.50000000000011 670.00000000000011 75.172500000000028 0.021360524015249797 1005.5000000000001 3734.5000000000005 5796.5000000000009 0.058158882829218002 1.5000000000000002 0.043910763383208935 2.5000000000000004 52.090000000000011 44.082225000000008
decision_type=2 2 2 2 2 2 2 2 2 2 2 2 2 2 2 2 2 2 2 2 2 2 2 2 2 2 2 2 2 2
left_child=1 20 3 5 7 8 -6 -5 -3 11 19 -8 -10 -2 -15 -13 17 18 -14 -11 -1 -19 -4 24 -22 -24 -25 -16 -28 -23
right_child=13 2 22 4 6 -7 9 -9 12 10 -12 15 16 14 27 -17 -18 21 -20 -21 23 29 25 26 -26 -27 28 -29 -30 -31
leaf_value=-0.03344637882444769 -0.041746246265983791 0.010493905038760663 -0.033492347570544131 0.004328694858028565 -0.0031365004164813411 -0.014669676060314519 0.04776875218059709 -0.031191058340799251 0.040301427510364585 0.033627542663608047 -0.020482415911735288 0.033979661525353082 0.033576774275390367 -0.03460273743937485 -0.033458927312871888 0.033630065785179429 0.033987467675877701 0.033601625476331165 0.033891256078409281 0.033812098797940129 -0.033519260398412236 0.033558537256736118 -0.0334712539618525 -0.033482524671461414 -0.033480838976788566 -0.033445857736129896 -0.033468965441580602 -0.033445293782316123 -0.033450209659246458 0.033568992631110593
leaf_weight=1.1596039202995658 0.6726569824386377 0.81714808195829292 0.17263554176315554 1.2687918944284304 2.1474599651992321 0.97841212432831515 0.98408606462180637 1.8950415365397928 2.2100317999720578 0.35661224275827386 0.36392571032047272 0.43455954268574715 0.34449817985296227 0.22807763144373894 0.18971033208072186 0.48581084609031677 0.22167988028377283 0.45335380453616381 0.27061119489371777 0.31955203413963318 0.16603521769866336 0.2325448589399457 0.16985867917537689 0.1097581391222775 0.10778054757975042 0.79436750523746014 0.11025254265405238 0.50396672822535038 0.083721662638708949 0.25336095690727234
leaf_count=285 26 4 20 24 11 22 11 28 11 28 4 22 31 18 28 37 15 37 16 23 26 22 23 21 21 129 23 82 20 23
internal_value=0.0011279 0.00473338 0.00910568 0.0125527 0.00400972 0.0247516 0.0170306 -0.0169466 0.0327816 0.0317384 0.0147513 0.0410157 0.0373506 -0.0371145 -0.0337345 0.0337951 0.0336788 0.0336348 0.0337151 0.0337148 -0.0334594 0.0335822 -0.0334567 -0.0334855 -0.0335041 -0.0334503 -0.0334687 -0.033449 -0.0334609 0.033564
internal_weight=18.5059 16.9115 15.1743 14.0375 8.25584 5.78164 5.09201 3.16383 4.80323 2.94455 1.04009 1.90446 3.98608 1.59441 0.921755 0.92037 1.77605 1.55437 0.615109 0.676164 1.73715 0.93926 1.13686 0.577548 0.273816 0.964226 0.303732 0.693677 0.193974 0.485906
internal_count=1091 937 541 369 188 181 136 52 159 125 55 70 155 154 128 59 144 129 47 51 396 82 172 111 47 152 64 110 43 45
is_linear=0
shrinkage=0.05


Tree=218
num_leaves=31
num_cat=0
split_feature=3 13 3 2 2 1 1 4 0 7 2 4 0 7 3 2 1 1 7 3 4 0 0 7 12 0 7 2 3 0
split_gain=3.53658 0.51962 0.0049828 1.80145e-05 7.61413e-06 8.6233e-06 2.20074e-05 7.39796e-07 2.20258e-07 2.91333e-07 2.76746e-07 2.01667e-07 7.25963e-08 6.84239e-08 5.25862e-08 7.3296e-08 4.16434e-08 3.9987e-08 3.53246e-08 2.99141e-08 2.26475e-08 1.5963e-08 5.84833e-08 7.52172e-09 3.78334e-09 3.68834e-10 4.10969e-11 3.02425e-12 1.13487e-12 1.69781e-13
threshold=0.09969184575573993 1038.0000000000002 0.14131452864802432 9789.0000000000018 2519.0000000000005 417.50000000000006 350.50000000000006 1.0000000180025095e-35 54.985000000000007 18.264500000000005 8187.5000000000009 12.500000000000002 53.251000000000012 21.547940000000004 0.021360524015249797 4646.0000000000009 147.50000000000003 1005.5000000000001 23.381000000000004 0.040523269866985685 12.500000000000002 58.102235 49.700500000000012 13.017975000000002 71.500000000000014 47.757500000000007 26.746000000000002 5736.5000000000009 0.17243108127731724 69.543040000000005
decision_type=2 2 2 2 2 2 2 2 2 2 2 2 2 2 2 2 2 2 2 2 2 2 2 2 2 2 2 2 2 2
left_child=3 -2 -3 4 11 6 14 -4 10 -10 12 16 20 -11 -6 -16 25 -18 -9 -17 24 22 -19 -21 -7 -1 -20 -28 -29 -23
right_child=1 2 7 -5 5 8 -8 18 9 13 -12 -13 -14 -15 15 19 17 21 26 23 -22 29 -24 -25 -26 -27 27 28 -30 -31
leaf_value=-0.033449010126442552 -0.011119359856581596 0.038151563702754958 0.033634987417780336 -0.033918149243605464 -0.033445745974583989 -0.033441542430645239 -0.033865695897333251 0.033577742271434598 -0.033571313813163903 -0.033470465830824324 -0.033532921602679837 -0.033523699758824327 -0.033495820609950676 -0.033517327476611583 -0.03350555232228053 -0.033487508994475106 -0.033482578998469577 -0.033445461307569556 0.033558039993497137 -0.033466375190364758 -0.033468758077446044 -0.033445516536857539 -0.033490953333821419 -0.033448977850402739 -0.033453061803009013 -0.033445610124227046 0.033558480848574747 0.033558738680255384 0.033558647125828941 -0.033445600684579024
leaf_weight=0.0875372285954652 0.74479627888649691 0.72712570708245072 0.37594146467745337 0.33150355657562602 0.14178112708032153 0.16232267674058654 0.7309468169696629 0.26497120689600739 0.19261888274922967 0.16121523501351476 0.1954858205281198 0.10587769839912642 0.14471082342788577 0.15071997465565801 0.18507330538704991 0.12008044542744756 0.17434285162016749 0.18544687749817967 0.3186766775324944 0.11697989818640053 0.19172805175185204 0.10602180985733867 0.11412581522017717 0.13249997049570084 0.12708191713318229 0.89838416315615177 0.24562478624284301 0.43033154495060477 1.5854396661743519 0.13793133664876223
leaf_count=21 23 21 23 35 35 32 39 20 19 26 22 16 20 19 31 22 27 35 26 25 31 20 16 32 23 222 20 35 129 26
internal_value=-0.00382619 0.0271867 0.034413 -0.0335623 -0.0335364 -0.0335888 -0.0336741 0.0335691 -0.033497 -0.033523 -0.033481 -0.0334567 -0.0334648 -0.0334931 -0.0334729 -0.0334799 -0.0334526 -0.0334617 0.0335604 -0.033467 -0.0334554 -0.0334551 -0.0334628 -0.0334571 -0.0334466 -0.0334459 0.0335586 0.0335586 0.0335587 -0.0334456
internal_weight=9.58732 4.69291 3.94811 4.89442 4.56291 2.75324 1.42736 3.22099 1.32588 0.504554 0.821329 1.80967 0.625843 0.311935 0.696415 0.554634 1.70379 0.717869 2.84504 0.36956 0.481133 0.543526 0.299573 0.24948 0.289405 0.985921 2.58007 2.2614 2.01577 0.243953
internal_count=1091 297 274 794 759 376 184 253 192 64 128 383 106 45 145 110 367 124 230 79 86 97 51 57 55 243 210 184 164 46
is_linear=0
shrinkage=0.05


Tree=219
num_leaves=31
num_cat=0
split_feature=3 1 2 3 3 0 3 0 1 1 3 1 1 1 1 1 2 3 3 3 0 2 2 7 4 1 0 0 7 0
split_gain=1.88816 1.1603 0.839135 0.95009 0.562854 1.15627 0.774905 0.440176 0.360266 0.382681 0.048738 0.0134224 0.00141711 0.000841172 0.000539311 7.13361e-05 8.76652e-06 1.33776e-06 1.26502e-06 5.17445e-07 4.68798e-07 2.67309e-07 1.20018e-07 8.05769e-08 7.8319e-08 6.38596e-08 1.94269e-08 7.30688e-08 9.39169e-09 4.90698e-09
threshold=0.079562543123280441 350.50000000000006 2973.0000000000005 0.0099647634353574616 0.058158882829218002 46.632930000000009 0.019258380102574194 55.683030000000009 381.50000000000006 409.50000000000006 0.082773846981974 414.00000000000006 417.50000000000006 417.50000000000006 425.00000000000006 753.50000000000011 8450.0000000000018 0.021360524015249797 0.09969184575573993 0.040039144721343907 55.130000000000003 4484.0000000000009 3734.5000000000005 12.873500000000002 1.0000000180025095e-35 1005.5000000000001 58.102235 49.700500000000012 16.918600000000005 56.290500000000009
decision_type=2 2 2 2 2 2 2 2 2 2 2 2 2 2 2 2 2 2 2 2 2 2 2 2 2 2 2 2 2 2
left_child=1 17 14 -4 5 -5 -7 -6 -8 -10 -2 -11 -12 -13 -3 -16 20 -1 -14 -19 -15 -21 -20 -23 -24 -17 27 -27 -25 -26
right_child=10 2 3 4 7 6 8 -9 9 11 12 13 18 16 15 25 -18 19 22 21 -22 23 24 28 29 26 -28 -29 -30 -31
leaf_value=0.033544991243816498 -0.052070434309997429 -0.036086765462623557 0.067387818199047322 0.04510787933282253 -0.0046102833322886764 0.025970334733792302 -0.048197249283756544 0.037520889203395136 -7.4625364711446981e-05 -0.046684716787873504 -0.03721826153124605 -0.037205158919274728 -0.03357235560798557 -0.03345304377967271 -0.034242164411170339 -0.033484626026343799 -0.033947533020829888 0.033656619436394419 -0.033486350558592691 0.033634995995633375 -0.033557993933022522 0.033590840384125992 -0.033473354007242148 0.033545718238176661 -0.033447945178663799 -0.033438201484467869 -0.033438283384142772 -0.033489545629412157 0.033562290438609081 -0.033437804235723838
leaf_weight=2.2057720543816717 0.44004029082134311 0.32366003096103568 0.58815845474600692 0.89597258390858581 1.0216839206404986 0.87249691318720568 1.2573029026389124 1.5766738303937016 1.5958491563796999 0.32381120324134804 0.28614309430122409 0.2286267876625061 0.2255257437936965 0.20723123964853585 0.49734321469441034 0.16594398766756058 0.1536108092404902 0.40048841852694728 0.17334613064303983 0.22022111807018518 0.21869445405900478 0.28042216878384352 0.18382297130301584 0.15690699638798833 0.13109705550596107 0.18343183444812894 0.23318922379985452 0.11136074876412749 0.18783400859683752 1.3242955124005673
leaf_count=291 12 3 5 15 33 23 5 19 6 1 2 2 25 38 18 24 12 36 21 21 28 31 24 21 21 37 47 16 23 231
internal_value=0.000930401 0.00843258 0.00013421 0.00596527 0.00163979 -0.00708296 -0.0167094 0.0209548 -0.0260536 -0.0158472 -0.0368121 -0.0380833 -0.0339233 -0.0346369 -0.0342769 -0.0337851 -0.0336237 0.0335684 -0.0334607 0.0336098 -0.0335069 0.0335876 -0.0334468 0.0335709 -0.0334426 -0.0334576 -0.0334491 -0.0334576 0.0335547 -0.0334387
internal_weight=16.671 13.9067 10.455 8.94011 8.35195 5.7536 4.85762 2.59836 3.98513 2.72782 2.76427 1.13197 2.32423 0.808163 1.51493 1.19127 0.579537 3.45164 2.03809 1.24587 0.425926 0.845384 1.81256 0.625163 1.63922 0.693926 0.527982 0.294793 0.344741 1.45539
internal_count=1091 755 332 187 182 130 115 52 92 87 336 81 324 80 145 142 78 423 322 132 66 96 297 75 276 124 100 53 44 252
is_linear=0
shrinkage=0.05


Tree=220
num_leaves=31
num_cat=0
split_feature=3 1 2 3 2 1 1 2 0 2 2 1 1 1 0 1 2 0 3 7 0 2 4 3 2 7 3 0 1 0
split_gain=0.953405 1.1569 0.686719 1.10848 0.59536 0.530879 0.94301 0.431721 0.428427 0.649777 0.36669 0.0154209 0.0150229 0.000841792 0.000518852 0.000130612 1.44561e-06 3.65821e-07 1.9456e-07 1.78304e-07 6.4394e-07 1.31998e-07 7.90849e-08 7.06648e-08 3.40338e-08 9.88883e-09 4.60662e-09 4.08007e-09 3.44478e-09 2.63352e-09
threshold=0.11277836960585665 350.50000000000006 2973.0000000000005 0.010817760010201018 3707.0000000000005 375.50000000000006 401.50000000000006 6395.5000000000009 55.683030000000009 3949.0000000000005 9771.0000000000018 414.00000000000006 417.50000000000006 573.50000000000011 56.578500000000012 753.50000000000011 8187.5000000000009 51.28376500000001 0.021360524015249797 19.099735000000003 51.28376500000001 3734.5000000000005 1.0000000180025095e-35 0.040039144721343907 4484.0000000000009 13.779190000000002 0.14244935990179933 57.498500000000007 1006.5000000000001 43.625000000000007
decision_type=2 2 2 2 2 2 2 2 2 2 2 2 2 2 2 2 2 2 2 2 2 2 2 2 2 2 2 2 2 2
left_child=1 18 13 -4 -5 -6 -7 8 9 -8 11 -9 -11 -3 16 -15 -13 -14 -1 20 29 -2 -23 -20 -25 -26 -24 -28 -21 -17
right_child=21 2 3 4 5 6 7 10 -10 12 -12 14 17 15 -16 19 -18 -19 23 28 -22 22 26 24 25 -27 27 -29 -30 -31
leaf_value=-0.033439093208570185 -0.033488846094530615 0.036392233729932798 -0.060132822472425157 0.043011707680754657 0.025448331744773425 -0.024344640768484027 -0.037792104444082854 0.044320032940811931 -0.024192162949293633 0.046287842701144936 -0.010984372380131946 0.03361549071259011 0.033566490068635019 0.034442200312255991 0.035860350168378387 0.033554369930345877 0.033739901882874047 0.033649462927569936 -0.033498030935838925 0.033552204720645296 0.033656704561194087 -0.033473292126604076 -0.033428596776127951 -0.033486011113559019 -0.033462505569390837 -0.033444877759535023 -0.033447441373610047 -0.033438332014637667 0.033543940053484184 0.033561146607461921
leaf_weight=1.1081750395242185 0.16886896314099331 0.38922092225402538 0.62283832021057506 1.1183984866365779 2.3426779471337777 2.8919859379529953 0.38699223939329408 0.54395587742328677 1.2102033952251074 0.4079836905002594 0.50004454515874375 0.45454573351889827 0.31596534047275782 0.63194256648421276 0.38504740316420794 0.27853279095143058 0.48012186121195555 0.22920962702482939 0.20421479083597649 0.34750592801719904 0.23110727872699499 0.18373206676915277 0.10941011318936933 0.11213123449124396 0.16453666472807527 0.15404407470487058 0.13702855678275216 1.1941142273135481 0.19787356816232204 0.29542344249784946
leaf_count=291 20 5 8 26 11 14 7 2 23 2 6 38 30 17 16 27 27 17 36 34 16 24 21 21 36 39 22 207 20 28
internal_value=0.00112645 0.00500001 0.00969972 0.0047996 0.00838902 0.00457357 -0.00169116 0.0116407 -0.00262684 0.0168474 0.0270347 0.0372357 0.0390316 0.0342663 0.0343157 0.0338489 0.0336794 0.0336014 -0.0334517 0.0335713 0.0335862 -0.0334468 -0.0334424 -0.0334738 -0.0334623 -0.033454 -0.0334385 -0.0334393 0.0335492 0.0335579
internal_weight=17.7978 16.0047 14.2616 11.89 11.2671 10.1487 7.80606 4.91407 2.55035 1.34015 2.36372 1.86367 0.953159 2.37161 1.31971 1.98239 0.934668 0.545175 1.7431 1.35044 0.805064 1.79315 1.62428 0.634927 0.430712 0.318581 1.44055 1.33114 0.545379 0.573956
internal_count=1091 797 374 227 219 193 182 168 79 56 89 83 49 147 81 142 65 47 423 125 71 294 274 132 96 75 250 229 54 55
is_linear=0
shrinkage=0.05


Tree=221
num_leaves=31
num_cat=0
split_feature=3 3 2 2 1 1 2 4 7 4 7 0 2 7 3 2 1 3 0 7 0 3 2 4 0 7 0 0 2 5
split_gain=3.31724 0.318304 1.60999e-05 6.72082e-06 7.37459e-06 1.98305e-05 1.01635e-06 6.38825e-07 2.29657e-07 1.98975e-07 1.65756e-07 2.42841e-07 8.30415e-08 6.53675e-08 4.30581e-08 6.00243e-08 4.12926e-08 3.23033e-08 3.27246e-08 3.16639e-08 7.65776e-08 2.44869e-08 2.07492e-08 1.53227e-08 1.23822e-08 6.15888e-09 1.45623e-09 3.01823e-10 1.25788e-11 1.17861e-12
threshold=0.11277836960585665 0.09969184575573993 9789.0000000000018 2519.0000000000005 414.00000000000006 350.50000000000006 3734.5000000000005 1.0000000180025095e-35 13.381500000000001 12.500000000000002 18.264500000000005 54.985000000000007 6804.0000000000009 21.547940000000004 0.021360524015249797 4646.0000000000009 147.50000000000003 0.14244935990179933 57.498500000000007 9.8100650000000034 58.102235 0.040523269866985685 6940.0000000000009 12.500000000000002 55.438960000000002 13.017975000000002 75.172500000000028 47.757500000000007 5500.5000000000009 1.0000000180025095e-35
decision_type=2 2 2 2 2 2 2 2 2 2 2 2 2 2 2 2 2 2 2 2 2 2 2 2 2 2 2 2 2 2
left_child=1 2 3 9 5 14 -2 -8 22 16 11 12 -10 24 -5 -16 27 -9 -19 -18 -21 -17 23 -6 -12 -23 -22 -1 -20 -30
right_child=6 -3 -4 4 8 -7 7 17 10 -11 13 -13 -14 -15 15 21 19 18 28 20 26 25 -24 -25 -26 -27 -28 -29 29 -31
leaf_value=-0.03344153546565546 0.033643870333289437 -0.00048588908347307235 -0.033897595121531739 -0.033438483779433301 -0.033438013533248163 -0.033850986264934019 0.033614492278270285 0.033525929528053951 -0.033472761536544854 -0.03351804740774629 -0.033476565365367882 -0.033567161094952107 -0.033523350260475607 -0.033508009394133557 -0.033494425552339321 -0.033477543772009392 -0.033438426980537762 0.033562274884396878 0.03354364833470172 -0.033486754020669883 -0.033442528861910396 -0.033457779917542618 -0.033475741673092502 -0.033462969921086071 -0.033454242887917485 -0.033441506643905709 -0.033449763791140008 -0.033438356059789114 0.033543996205320711 0.033544070694191012
leaf_weight=0.081918369978666083 0.33412412367761168 0.86380834877490986 0.31481012189760793 0.13267932087183021 0.12286660308018305 0.67206165567040443 0.36601143237203393 0.21968525089323554 0.1676930203102529 0.10050145629793394 0.12525608623400331 0.20097029348835349 0.15713022416457534 0.14211022667586803 0.17322451365180314 0.11238256935030222 0.20366971055045724 0.27306447271257672 0.22964468039572272 0.18814494321122766 0.16244408441707492 0.10947674931958318 0.12177446763962507 0.12315393146127462 0.12325155339203775 0.12399497115984559 0.12162382015958428 0.84070878103375435 0.95458938274532568 1.1965343579649925
leaf_count=21 20 3 35 35 25 37 24 21 28 16 21 20 19 19 31 22 41 22 20 28 32 25 19 21 22 32 23 222 83 104
internal_value=-0.00392514 -0.0283455 -0.0335524 -0.0335272 -0.0335776 -0.0336604 0.0335608 0.0335523 -0.0334922 -0.0334498 -0.0335056 -0.033524 -0.0334972 -0.033481 -0.0334639 -0.0334704 -0.0334455 0.0335444 0.0335459 -0.0334549 -0.033462 -0.0334584 -0.0334589 -0.0334505 -0.0334655 -0.0334491 -0.0334456 -0.0334386 0.033544 0.033544
internal_weight=9.05931 5.48566 4.62185 4.30704 2.60803 1.32382 3.57365 3.23953 1.28421 1.69901 0.916411 0.525794 0.324823 0.390618 0.651758 0.519079 1.59851 2.87352 2.65383 0.675883 0.472213 0.345854 0.367795 0.246021 0.248508 0.233472 0.284068 0.922627 2.38077 2.15112
internal_count=1091 797 794 759 376 182 294 274 194 383 129 67 47 62 145 110 367 250 229 124 83 79 65 46 43 57 55 243 207 187
is_linear=0
shrinkage=0.05


Tree=222
num_leaves=31
num_cat=0
split_feature=3 1 2 3 3 0 0 3 0 3 2 1 1 1 3 3 3 2 2 7 4 1 0 0 7 0 7 3 1 2
split_gain=1.77188 1.08667 0.78494 0.86571 0.514772 1.0762 0.733831 0.71845 0.408842 0.0411886 0.0205685 0.00129714 0.00043877 5.83555e-05 1.16532e-06 1.09437e-06 4.2334e-07 2.18729e-07 9.82285e-08 6.59169e-08 6.39294e-08 5.22647e-08 1.591e-08 5.98384e-08 7.68816e-09 4.21957e-09 3.11314e-09 1.51027e-09 7.80088e-10 3.83389e-11
threshold=0.079562543123280441 350.50000000000006 2973.0000000000005 0.0099647634353574616 0.058158882829218002 46.632930000000009 52.835000000000008 0.029178725664960107 55.683030000000009 0.082773846981974 4223.5000000000009 417.50000000000006 425.00000000000006 753.50000000000011 0.09969184575573993 0.021360524015249797 0.040039144721343907 4484.0000000000009 3734.5000000000005 12.873500000000002 1.0000000180025095e-35 1005.5000000000001 58.102235 49.700500000000012 16.918600000000005 56.290500000000009 8.8192800000000009 0.144306132441514 203.50000000000003 5470.5000000000009
decision_type=2 2 2 2 2 2 2 2 2 2 2 2 2 2 2 2 2 2 2 2 2 2 2 2 2 2 2 2 2 2
left_child=1 15 12 -4 5 -5 10 -8 -6 -2 -7 -11 -3 -14 -13 26 -17 -18 -16 -19 -20 -15 23 -23 -21 -22 -1 -27 -28 -29
right_child=9 2 3 4 8 6 7 -9 -10 11 -12 14 13 21 18 16 17 19 20 24 25 22 -24 -25 -26 27 28 29 -30 -31
leaf_value=0.033537373637288724 -0.05086751083906374 -0.035897397734641061 0.065575020556803462 0.043986791130220533 -0.0042502633835840367 -0.049371634837220506 0.030742134287645967 -0.019627794823039824 0.036700053106758106 -0.037115298223077214 -0.038122442778718957 -0.03356327591357796 -0.034182770875753422 -0.033474845558343604 -0.033476489710268523 0.03363563042747543 0.033615417758761888 0.03357413332410155 -0.033464303704322039 0.033531946186433445 -0.033440792790335828 -0.033431426493613796 -0.033431503946541222 -0.033479455985933805 0.033547444861073243 -0.033425194179834451 0.03353036504552686 -0.033432490809546592 0.033534203368837827 -0.033431503733759228
leaf_weight=0.19010248361155735 0.42858646227978114 0.30448608845472236 0.56761067733168502 0.88292965013533642 1.0128963156603279 0.70400299830362179 1.0992359598167243 1.9887227870058266 1.5304715745151041 0.27686758339405093 0.96108585339970887 0.21414125431329001 0.46614863630384185 0.15530379116535187 0.16227624472230662 0.37493731826543786 0.2061639754101634 0.26248555537313223 0.17203511297702778 0.14685106230899692 0.12292108871042717 0.17164988443255424 0.21821326995268464 0.1042253808118403 0.1758092432282865 0.10016576340422023 1.7311005857773123 0.10875517688691605 0.14333375822752703 1.0305628380738197
leaf_count=26 12 3 5 15 33 14 26 37 19 2 38 25 18 24 21 36 21 31 24 21 21 37 47 16 23 20 245 20 20 191
internal_value=0.000942818 0.00829244 0.000265285 0.00586301 0.00171926 -0.00670706 -0.016124 -0.00169736 0.0203916 -0.0366936 -0.0428786 -0.0339168 -0.0342151 -0.0337559 -0.0334534 0.0335531 0.0335919 0.0335711 -0.0334395 0.0335555 -0.0334356 -0.0334495 -0.0334416 -0.0334496 0.0335404 -0.033432 0.0335313 -0.0334311 0.0335307 -0.0334316
internal_weight=16.0141 13.3978 10.167 8.74696 8.17935 5.63598 4.75305 3.08796 2.54337 2.61631 1.66509 2.18773 1.42003 1.11554 1.91086 3.23078 1.16625 0.79131 1.69672 0.585146 1.53444 0.649392 0.494089 0.275875 0.32266 1.3624 2.06454 1.23948 1.87443 1.13932
internal_count=1091 755 332 187 182 130 115 63 52 336 52 324 145 142 322 423 132 96 297 75 276 124 100 53 44 252 291 231 265 211
is_linear=0
shrinkage=0.05


Tree=223
num_leaves=31
num_cat=0
split_feature=2 1 0 2 2 3 2 1 3 0 4 1 3 1 3 7 1 1 1 3 0 3 1 2 2 3 4 3 4 0
split_gain=0.891852 0.972443 0.778012 0.668869 0.593341 0.873604 0.546497 0.553409 0.695054 0.285575 0.656016 0.174572 0.0255292 0.0200291 0.00879887 0.00713064 9.36067e-05 5.67955e-05 7.58473e-06 1.13036e-05 4.31651e-07 1.58226e-07 9.8731e-08 7.74689e-08 4.85447e-08 2.58901e-08 1.94874e-08 8.80049e-09 6.87525e-09 4.48864e-09
threshold=9854.5000000000018 350.50000000000006 52.835000000000008 8324.5000000000018 2253.0000000000005 0.0099647634353574616 8369.5000000000018 409.50000000000006 0.11277836960585665 55.973500000000008 8.5000000000000018 364.00000000000006 0.089017473838194208 414.00000000000006 0.079562543123280441 22.725000000000005 1004.5000000000001 718.50000000000011 705.50000000000011 0.042433336331947409 61.982360000000007 0.021360524015249797 1005.5000000000001 4038.0000000000005 5796.5000000000009 0.058158882829218002 1.5000000000000002 0.043910763383208935 2.5000000000000004 52.090000000000011
decision_type=2 2 2 2 2 2 2 2 2 2 2 2 2 2 2 2 2 2 2 2 2 2 2 2 2 2 2 2 2 2
left_child=1 21 3 11 16 -6 7 -7 9 12 -11 -3 -9 -13 18 -2 -4 -17 19 -15 -18 -1 -20 -10 25 -23 -25 -26 -19 -29
right_child=15 2 4 -5 5 6 -8 8 23 10 -12 13 -14 14 -16 17 20 28 22 -21 -22 24 -24 26 27 -27 -28 29 -30 -31
leaf_value=-0.033432244784662259 -0.040810958039214376 0.010373058596755341 0.034509373816084203 -0.014294250255754263 -0.088455366053785442 -0.021858050533331272 0.038489347015940249 0.033700980730815976 -0.03347531757088356 -0.022094838951146601 0.039304215797403862 0.039678690618809909 0.050072508225730665 0.033993089969039061 0.02266227192411131 -0.034410687285195557 0.033617213384377613 -0.03344322203263761 0.033569468827513875 0.033541077542017926 0.033533541353279107 -0.033496015767986283 0.033535054160326205 -0.033452855371761077 -0.033463853543711918 -0.033462391356263048 -0.033431537627844836 -0.033452004329828325 -0.033431288683735752 -0.033435594885835196
leaf_weight=1.0154758382122988 0.61924191494472214 0.78319665044546027 0.43942040205001631 0.95778006734326471 0.30431493185460556 3.1329921707510948 0.74853758607059706 0.52607778180390674 0.15331203071400512 0.91282374318689086 0.83116804528981447 2.0404332280159001 0.43503307644277811 0.30773886851966359 0.20973345031961788 0.1974578439258039 0.24935054592788219 0.16614181874319911 0.40829303022474051 0.25122011639177799 0.40367529820650816 0.14546611928381015 0.42568639572709799 0.1345683429390192 0.096125316573306918 0.094400026137009263 0.52720099315047264 0.096560893347486854 0.44128318456932902 0.073316405061632395
leaf_count=285 26 4 9 24 2 16 39 36 20 18 26 11 5 19 21 18 20 28 38 26 43 26 45 21 21 21 98 23 82 20
internal_value=0.00110988 0.00454572 0.00862078 0.0235912 -0.000540112 -0.00542892 -0.00201536 -0.00657248 0.0070318 0.0192275 0.0071673 0.031789 0.0411113 0.036393 0.0322099 -0.0367773 0.0339452 -0.033674 0.0336474 0.0337899 0.0335655 -0.0334436 0.0335519 -0.0334433 -0.0334665 -0.0334828 -0.0334359 -0.0334518 -0.0334346 -0.0334449
internal_weight=17.128 15.7039 14.1826 5.38408 8.79847 7.70603 7.40171 6.65318 3.52018 2.7051 1.74399 4.4263 0.961111 3.64311 1.60267 1.42412 1.09245 0.804883 1.39294 0.558959 0.653026 1.52134 0.833979 0.815081 0.505869 0.239866 0.661769 0.266003 0.607425 0.169877
internal_count=1091 937 541 188 353 281 279 240 224 85 44 164 41 160 149 154 72 128 128 45 63 396 83 139 111 47 119 64 110 43
is_linear=0
shrinkage=0.05


Tree=224
num_leaves=31
num_cat=0
split_feature=3 0 0 2 2 1 1 4 0 7 2 2 4 7 0 3 2 1 7 0 3 4 0 3 7 0 0 7 1 2
split_gain=3.09921 0.476249 0.00459736 1.40054e-05 6.03837e-06 6.59465e-06 1.7591e-05 4.60005e-07 2.10853e-07 2.84591e-07 2.286e-07 1.70556e-07 1.64171e-07 5.95214e-08 5.33366e-08 3.52559e-08 4.91511e-08 3.38775e-08 2.59716e-08 6.27632e-08 2.00447e-08 9.92619e-09 1.03044e-08 6.14165e-09 5.04258e-09 1.19592e-09 2.47237e-10 7.01353e-11 1.53988e-13 1.56541e-14
threshold=0.09969184575573993 55.19700000000001 57.154500000000006 9789.0000000000018 2519.0000000000005 414.00000000000006 350.50000000000006 1.0000000180025095e-35 54.985000000000007 18.264500000000005 8187.5000000000009 4757.5000000000009 12.500000000000002 21.547940000000004 53.251000000000012 0.021360524015249797 4646.0000000000009 147.50000000000003 9.8100650000000034 58.102235 0.040523269866985685 12.500000000000002 50.096500000000006 0.14778550419583955 13.017975000000002 75.172500000000028 47.757500000000007 26.212500000000002 715.50000000000011 6412.5000000000009
decision_type=2 2 2 2 2 2 2 2 2 2 2 2 2 2 2 2 2 2 2 2 2 2 2 2 2 2 2 2 2 2
left_child=3 -2 -3 4 12 6 15 -4 10 -10 14 -9 17 -11 21 -6 -17 26 -19 -20 -18 22 -7 -13 -22 -21 -1 -25 -29 -30
right_child=1 2 7 -5 5 8 -8 11 9 13 -12 23 -14 -15 -16 16 20 18 19 25 24 -23 -24 27 -26 -27 -28 28 29 -31
leaf_value=-0.033434546661371842 -0.010168748735308758 0.038353446234064538 0.033597849476202722 -0.033873404656472338 -0.033431691616347466 -0.033428717075621027 -0.033830403090704265 0.033572624331302335 -0.033557345734770316 -0.033455762790401737 -0.033516778204651945 0.033521417766509319 -0.033506358724435699 -0.033501859102076446 -0.033480021605346438 -0.033484017963721746 -0.033468224479257083 -0.033431639390502942 -0.033476871305167903 -0.033435482921579683 -0.033449741018022651 -0.033452955369931169 -0.033448642111545829 0.033529438272447726 -0.033434519594173227 -0.033442260377919225 -0.033431572013586368 0.033530353376522243 0.033530410899326402 0.033530396464031054
leaf_weight=0.076659056358039157 0.72558260243386019 0.59989978279918466 0.31438105367124114 0.29803641862235952 0.12415929744020127 0.14830394065938868 0.64224074129015207 0.25419686362147365 0.19142809277400374 0.14351214817725122 0.17920970311388373 0.21488180663436685 0.094117417465895303 0.13676803139969707 0.12999123358167708 0.16212905524298549 0.10517538874410093 0.19059211341664195 0.17610603431239724 0.15201896522194147 0.10245238780044019 0.16908108210191131 0.11536337807774544 0.21428629942238364 0.11603347584605217 0.11382463434711099 0.78671965422108769 0.21530018933117379 0.21536324732005585 1.4428277257829902
leaf_count=21 27 13 22 35 35 33 37 20 20 26 22 21 16 19 20 31 22 41 28 32 25 31 23 20 32 23 222 20 20 134
internal_value=-0.00398898 0.0266717 0.0343725 -0.0335426 -0.0335183 -0.0335673 -0.0336478 0.0335408 -0.0334842 -0.0335104 -0.0334676 0.0335338 -0.0334423 -0.0334783 -0.0334519 -0.0334555 -0.0334615 -0.0334383 -0.0334471 -0.0334537 -0.0334503 -0.0334435 -0.0334374 0.0335295 -0.0334417 -0.0334384 -0.0334318 0.0335303 0.0335304 0.0335304
internal_weight=8.55064 4.19672 3.47114 4.35392 4.05589 2.46585 1.25219 2.87124 1.21366 0.471708 0.741949 2.55686 1.59004 0.28028 0.56274 0.60995 0.48579 1.49592 0.632542 0.44195 0.323661 0.432748 0.263667 2.30266 0.218486 0.265844 0.863379 2.08778 1.87349 1.65819
internal_count=1091 297 270 794 759 376 182 257 194 65 129 235 383 45 107 145 110 367 124 83 79 87 56 215 57 55 243 194 174 154
is_linear=0
shrinkage=0.05


Tree=225
num_leaves=31
num_cat=0
split_feature=3 1 2 3 3 1 3 4 0 3 1 1 1 3 3 3 2 2 4 7 1 0 0 0 7 7 3 1 2 8
split_gain=1.67385 1.01889 0.732552 0.775927 0.689999 0.573706 0.450223 0.250749 0.423526 0.0387143 0.00104975 0.000353373 4.77249e-05 9.98117e-07 8.91959e-07 3.45982e-07 1.79893e-07 9.05791e-08 5.48051e-08 5.37679e-08 4.27658e-08 1.30362e-08 4.90098e-08 7.05333e-09 6.41392e-09 2.55651e-09 1.23738e-09 6.24492e-10 3.17849e-11 1.80396e-11
threshold=0.079562543123280441 350.50000000000006 2973.0000000000005 0.018542074366155962 0.042433336331947409 405.50000000000006 0.029178725664960107 8.5000000000000018 55.683030000000009 0.082773846981974 417.50000000000006 425.00000000000006 753.50000000000011 0.09969184575573993 0.021360524015249797 0.040039144721343907 4484.0000000000009 3734.5000000000005 1.0000000180025095e-35 12.873500000000002 1005.5000000000001 58.102235 49.700500000000012 56.290500000000009 16.918600000000005 8.8192800000000009 0.144306132441514 203.50000000000003 5470.5000000000009 8.188775000000005
decision_type=2 2 2 2 2 2 2 2 2 2 2 2 2 2 2 2 2 2 2 2 2 2 2 2 2 2 2 2 2 2
left_child=1 14 11 -4 6 -6 -5 8 -7 -2 -11 -3 -13 -12 25 -16 -17 -15 -19 -18 -14 22 -22 -20 -21 -1 -25 -27 -28 -30
right_child=9 2 3 4 5 7 -8 -9 -10 10 13 12 20 17 15 16 19 18 23 24 21 -23 -24 26 -26 27 28 -29 29 -31
leaf_value=0.033524156263533021 -0.0504929864996339 -0.035713600262903135 0.040889915834017215 0.0081900286811605015 0.025008703354571032 -0.035901393117837202 -0.033532081677559764 -0.039551450220344654 0.034011897469352209 -0.036842593364439728 -0.033551129320264404 -0.034127195541695257 -0.033465695798728018 -0.033469733759259851 0.033615893440913022 0.033597118075220568 0.033558350293119737 -0.033456819739346493 -0.03343754518154482 0.033518860442160674 -0.033425091046347534 -0.033425161213878736 -0.033470022806552945 -0.033419251803061677 0.033533498749568874 0.033517594851145686 -0.033426085438701535 0.033521145104016346 -0.033424521495671385 -0.033425230013051081
leaf_weight=0.17792814085259978 0.42249462660402182 0.28548221290111442 1.3259943830780665 0.97209971770644221 2.849904328584671 0.38846636167727389 1.9310561022721229 0.56783739570528269 0.48968390002846718 0.26053946465253863 0.20263007096946228 0.43686839425936319 0.14533965848386288 0.15426375996321429 0.35082907369360306 0.19299511006101966 0.24551220424473286 0.16199525073170651 0.11895574536174525 0.13728575315326452 0.16062301956117153 0.20419302070513368 0.097547200508415699 0.09369251737371076 0.16449085623025894 1.6201337897218762 0.1017682780511675 0.13411869900301088 0.10026392387226224 0.86403170181438327
leaf_count=26 12 3 25 26 13 37 39 37 10 2 25 18 24 21 36 21 31 24 21 21 37 47 16 20 23 245 20 20 20 171
internal_value=0.000902784 0.0081471 0.00035755 0.00574205 -0.000731846 0.0119934 -0.0195617 -0.0136586 0.00308443 -0.0367066 -0.0338765 -0.0341547 -0.0337286 -0.0334466 0.0335389 0.033575 0.0335556 -0.0334333 -0.0334294 0.033541 -0.033442 -0.0334346 -0.0334421 -0.033426 0.0335268 0.0335184 -0.0334248 0.0335179 -0.0334252 -0.0334252
internal_weight=15.359 12.8784 9.8551 8.52504 7.19905 4.29589 2.90316 1.44599 0.87815 2.48064 2.05814 1.33005 1.04457 1.7976 3.02329 1.09111 0.740284 1.59497 1.44071 0.547289 0.607703 0.462363 0.25817 1.27871 0.301777 1.93218 1.15976 1.75425 1.06606 0.964296
internal_count=1091 755 332 187 162 97 65 84 47 336 324 145 142 322 423 132 96 297 276 75 124 100 53 252 44 291 231 265 211 191
is_linear=0
shrinkage=0.05


Tree=226
num_leaves=31
num_cat=0
split_feature=3 1 2 3 1 0 3 3 1 1 2 0 2 0 3 3 4 7 0 2 4 3 2 12 0 7 1 0 3 7
split_gain=0.839741 0.994648 0.615457 1.00425 0.574121 0.310171 0.480858 0.0392738 0.00055142 8.7346e-05 5.37303e-05 2.36904e-06 6.57613e-07 6.40991e-07 3.66032e-07 1.29507e-07 1.2285e-07 1.19783e-07 4.30667e-07 1.0158e-07 5.31411e-08 4.72563e-08 2.30389e-08 2.10205e-08 6.66327e-09 6.52427e-09 2.30488e-09 1.83737e-09 1.64083e-09 4.30222e-10
threshold=0.11277836960585665 350.50000000000006 2973.0000000000005 0.0099647634353574616 417.50000000000006 55.973500000000008 0.097883536714568689 0.09969184575573993 573.50000000000011 753.50000000000011 8839.5000000000018 55.278000000000006 7898.5000000000009 53.251000000000012 0.060223978860616763 0.021360524015249797 12.500000000000002 19.099735000000003 51.28376500000001 3734.5000000000005 1.0000000180025095e-35 0.040039144721343907 4484.0000000000009 71.500000000000014 56.290500000000009 13.779190000000002 1006.5000000000001 43.625000000000007 0.14587549410427778 8.8192800000000009
decision_type=2 2 2 2 2 2 2 2 2 2 2 2 2 2 2 2 2 2 2 2 2 2 2 2 2 2 2 2 2 2
left_child=1 15 8 -4 -5 7 14 10 -3 -10 11 12 13 16 -7 29 23 18 27 -2 -21 -17 -23 -6 -22 -24 -19 -11 -26 -1
right_child=19 2 3 4 5 6 -8 -9 9 17 -12 -13 -14 -15 -16 21 -18 26 -20 20 24 22 25 -25 28 -27 -28 -29 -30 -31
leaf_value=-0.033429159210872063 -0.033473023942437223 0.035975364827160281 -0.062687533768832904 0.0002917367444848284 0.033522952079833128 0.033637302528027158 -0.032063285312586912 0.051806535107791873 0.034301422943601292 0.033526653924361959 0.034380318941321458 0.033763090364799631 0.033666274968732285 0.033641235047215508 0.033714440156583245 -0.033477311496854012 0.033573796234043753 0.033524757066200651 0.033616114264581588 -0.033456916108018757 -0.033438070990820766 -0.033466915884413376 -0.033446157662250592 0.033545132181710714 -0.033419381216668126 -0.033430846739671581 0.033517534105609231 0.033532700822976803 -0.033425977260002251 -0.033425525956378405
leaf_weight=0.089786400552841483 0.15123897511511941 0.34395087277516667 0.52909610420465369 7.5030117128044349 0.25429268274456329 0.34791152784600832 0.50233747810125351 0.36382129788398732 0.55565489549189795 0.24400818534195401 0.27495954278856505 0.23708800319582213 0.23157092183828354 0.25387614266946912 0.27562630642205477 0.17870901594869792 0.29990657418966293 0.30442315060645342 0.20256844256073236 0.16205638693645585 0.11372466338798393 0.098214524798095226 0.14385872287675738 0.18419642373919487 0.10350088542327274 0.13474930101074278 0.17333684209734201 0.25892817322164774 1.0587097932584582 0.8805115323048085
leaf_count=26 20 5 5 38 29 27 3 1 17 27 11 14 16 19 17 36 28 34 16 24 20 21 36 19 22 39 20 28 208 265
internal_value=0.00111173 0.00480471 0.00917859 0.00455917 0.00787553 0.0255161 0.00434222 0.0368697 0.0341461 0.0337843 0.0337391 0.0336184 0.0335904 0.0335727 0.0336714 -0.0334369 0.0335491 0.0335415 0.0335546 -0.033434 -0.0334299 -0.0334561 -0.0334461 0.0335323 -0.0334265 -0.0334388 0.0335221 0.0335298 -0.0334254 -0.0334259
internal_weight=16.4556 14.8664 13.3406 11.2577 10.7286 3.22559 1.12588 2.09971 2.08287 1.73892 1.73589 1.46093 1.22384 0.992272 0.623538 1.52583 0.738396 1.18326 0.705505 1.58923 1.43799 0.555532 0.376823 0.438489 1.27594 0.278608 0.47776 0.502936 1.16221 0.970298
internal_count=1091 797 374 227 222 184 47 137 147 142 136 125 111 95 44 423 76 125 71 294 274 132 96 48 250 75 54 55 230 291
is_linear=0
shrinkage=0.05


Tree=227
num_leaves=31
num_cat=0
split_feature=3 3 2 2 1 1 2 4 7 3 3 4 7 0 0 7 3 2 1 7 0 2 3 3 4 7 0 2 2 4
split_gain=2.91551 0.297886 1.21912e-05 5.43956e-06 5.8436e-06 1.5614e-05 7.74687e-07 4.38469e-07 1.86244e-07 1.56025e-07 1.50539e-07 1.35333e-07 6.77615e-08 9.44806e-08 5.20987e-08 3.40512e-08 2.88675e-08 4.02494e-08 2.77837e-08 2.13006e-08 5.14551e-08 1.86951e-08 1.64082e-08 1.2886e-08 1.23994e-08 4.12867e-09 9.81246e-10 4.96923e-10 2.85427e-09 3.82816e-10
threshold=0.11277836960585665 0.09969184575573993 9789.0000000000018 2519.0000000000005 414.00000000000006 350.50000000000006 3734.5000000000005 1.0000000180025095e-35 13.381500000000001 0.024644876167485067 0.085523332883546924 12.500000000000002 17.695500000000006 54.414500000000004 56.290500000000009 21.463500000000003 0.021360524015249797 4646.0000000000009 147.50000000000003 9.8100650000000034 58.102235 6940.0000000000009 0.040523269866985685 0.14587549410427778 12.500000000000002 13.017975000000002 75.172500000000028 9854.5000000000018 8408.0000000000018 15.500000000000002
decision_type=2 2 2 2 2 2 2 2 2 2 2 2 2 2 2 2 2 2 2 2 2 2 2 2 2 2 2 2 2 2
left_child=1 2 3 11 5 16 -2 -8 21 -10 12 18 13 -11 -9 -14 -5 -18 -1 -20 -21 24 -19 -16 -6 -24 -22 28 29 -25
right_child=6 -3 -4 4 8 -7 7 14 9 10 -12 -13 15 -15 23 -17 17 22 19 20 26 -23 25 27 -26 -27 -28 -29 -30 -31
leaf_value=-0.033425473886690024 0.033611092948240599 -0.00061540198592664502 -0.033850906548219616 -0.033425338818367276 -0.033424786700399792 -0.033811166617215969 0.033581318056188317 0.033542373448681641 -0.033530942108865557 -0.033453156491063764 -0.033527761671368353 -0.033495382411570115 -0.033431509205007294 -0.0335122715031392 0.033505269707480766 -0.033469158809437891 -0.033474284573650141 -0.033459508152306708 -0.033425288895749992 -0.033467626092234012 -0.033428888222857403 -0.03346220305869442 -0.033442222142639137 0.033517129964484228 -0.033448704020127305 -0.033427984325806404 -0.033435234392877274 0.033517613399271708 0.033524224155545505 0.033519519448988865
leaf_weight=0.8079198820050808 0.29847008641809258 0.82563886046409596 0.28153998102061439 0.11618395801633619 0.10743200452998258 0.61174880620092154 0.32285071630030904 0.22578964941203628 0.18140748934820294 0.13049517013132572 0.12454132921993732 0.088133976096287259 0.14130032504908741 0.14021694706752896 0.20584988500922952 0.10444769775494933 0.15173968393355608 0.098427946446463466 0.17835073545575142 0.16483581997454166 0.14225541148334742 0.10942235495895147 0.095876551466062665 0.59294057730585359 0.10934293875470757 0.10858104540966451 0.10652089212089777 1.0580425607040522 0.21910481993108988 0.23367664683610201
leaf_count=243 20 3 35 35 25 37 24 20 24 25 15 16 31 17 22 17 31 22 41 28 32 19 25 59 21 32 23 105 21 23
internal_value=-0.0039787 -0.0280165 -0.0335334 -0.03351 -0.0335576 -0.0336357 0.0335344 0.0335264 -0.0334773 -0.03349 -0.0334784 -0.0334353 -0.0334665 -0.0334838 0.0335195 -0.0334475 -0.0334476 -0.0334533 -0.0334315 -0.0334397 -0.033446 -0.0334454 -0.0334427 0.0335172 -0.0334369 -0.0334347 -0.0334316 0.0335184 0.0335192 0.0335178
internal_weight=8.08308 4.92636 4.10072 3.81918 2.33116 1.18256 3.15672 2.85825 1.14861 0.822409 0.641001 1.48802 0.51646 0.270712 2.5354 0.245748 0.570809 0.454625 1.39988 0.591963 0.413612 0.326197 0.302886 2.30961 0.216775 0.204458 0.248776 2.10376 1.04572 0.826617
internal_count=1091 797 794 759 376 182 294 274 194 129 105 383 90 42 250 48 145 110 367 124 83 65 79 230 46 57 55 208 103 82
is_linear=0
shrinkage=0.05


Tree=228
num_leaves=31
num_cat=0
split_feature=3 1 2 3 3 1 3 4 0 3 1 1 1 3 3 3 2 2 4 7 1 0 0 0 7 7 3 1 2 8
split_gain=1.57624 0.95624 0.684294 0.714421 0.652313 0.528323 0.427926 0.243243 0.403034 0.0345834 0.000944761 0.00028774 3.90452e-05 9.22384e-07 7.29748e-07 2.83093e-07 1.47216e-07 7.4e-08 4.47236e-08 4.39903e-08 3.50025e-08 1.06757e-08 4.01374e-08 5.99098e-09 5.25058e-09 2.09173e-09 9.02262e-10 5.09711e-10 2.60221e-11 1.4766e-11
threshold=0.079562543123280441 350.50000000000006 2973.0000000000005 0.018542074366155962 0.042433336331947409 405.50000000000006 0.029178725664960107 8.5000000000000018 55.683030000000009 0.082773846981974 417.50000000000006 425.00000000000006 753.50000000000011 0.09969184575573993 0.021360524015249797 0.040039144721343907 4484.0000000000009 3734.5000000000005 1.0000000180025095e-35 12.873500000000002 1005.5000000000001 58.102235 49.700500000000012 56.290500000000009 16.918600000000005 8.8192800000000009 0.144306132441514 203.50000000000003 5470.5000000000009 8.188775000000005
decision_type=2 2 2 2 2 2 2 2 2 2 2 2 2 2 2 2 2 2 2 2 2 2 2 2 2 2 2 2 2 2
left_child=1 14 11 -4 6 -6 -5 8 -7 -2 -11 -3 -13 -12 25 -16 -17 -15 -19 -18 -14 22 -22 -20 -21 -1 -25 -27 -28 -30
right_child=9 2 3 4 5 7 -8 -9 -10 10 13 12 20 17 15 16 19 18 23 24 21 -23 -24 26 -26 27 28 -29 29 -31
leaf_value=0.033511797751981008 -0.049799524015384011 -0.035551283182778261 0.039779528985785045 0.008138289060154659 0.024266802446346557 -0.035861557696819799 -0.032689023008393235 -0.039451042496753214 0.033530061955783792 -0.03671763198918828 -0.033543550418730882 -0.034075403280256218 -0.033457141100525674 -0.033460920145023894 0.033597564128285351 0.033580011817381399 0.033543761546233834 -0.033448841119902241 -0.033431050004340115 0.033506837427361817 -0.033419163201348093 -0.033419230188199305 -0.03346119617240683 -0.033414024740432556 0.033520527987492034 0.033505663194501746 -0.033420095266793737 0.033508978657052248 -0.033418632466340192 -0.033419295124510605
leaf_weight=0.16652814904227797 0.41332668671384576 0.2683693692088116 1.2934454842470566 0.96614214219152961 2.8354634642601013 0.37018706719391026 1.9118693890050051 0.54351283702999353 0.48132067313417792 0.25289370119571675 0.19115516520105291 0.40937037393450737 0.13601380540058017 0.14436916029080737 0.32841516891494371 0.18065986968576908 0.22979158628731966 0.15160012431442726 0.111539693083614 0.12847985094413161 0.15030082548037171 0.19107236666604877 0.091291828546673059 0.087891145609318988 0.1539503512904048 1.5163017474114893 0.095229886937886477 0.12552099628373969 0.09382155817002058 0.8085164544172585
leaf_count=26 12 3 25 26 13 37 39 37 10 2 25 18 24 21 36 21 31 24 21 21 37 47 16 20 23 245 20 20 20 171
internal_value=0.000891661 0.00796668 0.000470841 0.00559954 -0.000619778 0.011873 -0.0189834 -0.013318 0.00336254 -0.0366697 -0.033868 -0.034101 -0.0337031 -0.0334401 0.0335255 0.0335593 0.0335412 -0.0334269 -0.0334233 0.0335275 -0.033435 -0.0334281 -0.033435 -0.03342 0.0335143 0.0335065 -0.0334189 0.0335059 -0.0334193 -0.0334192
internal_weight=14.8284 12.478 9.64836 8.40194 7.1085 4.23048 2.87801 1.39502 0.851508 2.35034 1.93702 1.24642 0.978049 1.68412 2.82965 1.0213 0.692882 1.49297 1.3486 0.512222 0.568679 0.432665 0.241593 1.197 0.28243 1.80835 1.08546 1.64182 0.997568 0.902338
internal_count=1091 755 332 187 162 97 65 84 47 336 324 145 142 322 423 132 96 297 276 75 124 100 53 252 44 291 231 265 211 191
is_linear=0
shrinkage=0.05


Tree=229
num_leaves=31
num_cat=0
split_feature=2 1 0 2 2 3 2 1 3 7 11 1 1 3 7 1 1 7 1 0 3 1 2 2 3 4 3 4 0 0
split_gain=0.791888 0.839251 0.699225 0.644543 0.519386 0.681187 0.506187 0.515319 0.611956 0.262288 0.206802 0.164191 0.0171635 0.0100708 0.00553443 6.25568e-05 3.81987e-05 6.29531e-06 1.68416e-06 2.89151e-07 1.0608e-07 6.49372e-08 5.62742e-08 3.25678e-08 1.73676e-08 1.38192e-08 5.89074e-09 4.60768e-09 3.00888e-09 2.36747e-09
threshold=9854.5000000000018 350.50000000000006 52.835000000000008 8324.5000000000018 2253.0000000000005 0.0099647634353574616 8369.5000000000018 409.50000000000006 0.11277836960585665 17.248000000000005 320.00000000000006 364.00000000000006 414.00000000000006 0.079981103345050722 22.725000000000005 1004.5000000000001 718.50000000000011 15.4945 708.50000000000011 61.982360000000007 0.021360524015249797 1005.5000000000001 4038.0000000000005 5796.5000000000009 0.058158882829218002 1.5000000000000002 0.043910763383208935 2.5000000000000004 52.090000000000011 44.082225000000008
decision_type=2 2 2 2 2 2 2 2 2 2 2 2 2 2 2 2 2 2 2 2 2 2 2 2 2 2 2 2 2 2
left_child=1 20 3 11 15 -6 7 -7 9 -9 -11 -3 -13 17 -2 -4 -16 18 -14 -17 -1 -20 -10 24 -22 -24 -25 -18 -28 -23
right_child=14 2 4 -5 5 6 -8 8 22 10 -12 12 13 -15 16 19 27 -19 21 -21 23 29 25 26 -26 -27 28 -29 -30 -31
leaf_value=-0.033419880650025852 -0.04023947974376374 0.010398076105840771 0.034359747868070882 -0.014819411559566202 -0.077210682101079967 -0.021378296700462155 0.037797857177833134 -0.0053898265195699863 -0.033459428009763731 0.043032671817916146 0.0076369242907585472 0.03930332729258413 0.033655666151061081 0.02072488476213559 -0.034277593240763633 0.033581607351576906 -0.0334294835830432 0.033894383204535465 0.033540220792455291 0.033508447212489696 -0.03347568116044191 0.033505606773160827 -0.03343892047062072 -0.033447523369383718 -0.033446254593959987 -0.033419799434706493 -0.033437168016672035 -0.033419043890309731 -0.03342281097450487 0.033513582240200922
leaf_weight=0.88919362775049993 0.57583015877753563 0.75539721548557182 0.38656849414109995 0.92256332514807571 0.3148974273353814 3.0364905670285225 0.71595499385148276 0.7728605894371875 0.13587804976850737 1.0857043354772029 0.66567368060350407 1.9148536399006846 0.37166165001690366 0.17248294129967678 0.17279143445193768 0.21851706132292747 0.14548874739557505 0.17324385559186328 0.32986130518838763 0.35360608343034983 0.12742813094519079 0.17845041863620281 0.11866617761552334 0.084178391611203551 0.082672632997855544 0.46387388464063406 0.084561831783503294 0.38640431361272931 0.064199403859674931 0.1944308914244175
leaf_count=285 26 4 9 24 2 16 39 24 20 27 34 11 35 19 18 20 28 15 35 43 26 22 21 21 21 98 23 82 20 23
internal_value=0.00109938 0.004403 0.00819788 0.022932 -0.000734784 -0.00527292 -0.00203451 -0.00657624 0.00728472 0.0188726 0.0295793 0.0314466 0.0362143 0.0320491 -0.0366031 0.0338684 -0.0336317 0.0336147 0.0335696 0.0335364 -0.0334298 0.0335241 -0.0334305 -0.0334498 -0.0334641 -0.0334237 -0.033437 -0.0334219 -0.033431 0.0335098
internal_weight=15.8944 14.6139 13.2816 5.01295 8.26869 7.31 6.9951 6.27915 3.24266 2.52424 1.75138 4.09038 3.33498 1.42013 1.28051 0.958692 0.704684 1.24765 1.0744 0.572123 1.33223 0.702743 0.718418 0.44304 0.210101 0.58254 0.23294 0.531893 0.148761 0.372881
internal_count=1091 937 541 188 353 281 279 240 224 85 61 164 160 149 154 72 128 130 115 63 396 80 139 111 47 119 64 110 43 45
is_linear=0
shrinkage=0.05


Tree=230
num_leaves=31
num_cat=0
split_feature=3 3 2 2 1 1 2 4 3 3 4 2 0 7 0 3 2 1 7 0 3 0 3 7 4 0 2 2 4 0
split_gain=2.72066 0.292822 1.07275e-05 4.97424e-06 5.49842e-06 1.4212e-05 6.33818e-07 3.58729e-07 1.7268e-07 1.54929e-07 1.11545e-07 7.45612e-08 1.07822e-07 8.8381e-08 4.26284e-08 2.36364e-08 3.29591e-08 2.27872e-08 1.74648e-08 4.21656e-08 1.34326e-08 1.20136e-08 1.05431e-08 3.38066e-09 3.1352e-09 8.05643e-10 4.07008e-10 2.33562e-09 3.13436e-10 1.65588e-10
threshold=0.11277836960585665 0.09969184575573993 9789.0000000000018 2519.0000000000005 414.00000000000006 350.50000000000006 3734.5000000000005 1.0000000180025095e-35 0.019258380102574194 0.089017473838194208 12.500000000000002 8214.5000000000018 54.541000000000004 18.395500000000002 56.290500000000009 0.021360524015249797 4646.0000000000009 147.50000000000003 9.8100650000000034 58.102235 0.040523269866985685 51.550500000000007 0.14587549410427778 13.017975000000002 11.500000000000002 75.172500000000028 9854.5000000000018 8408.0000000000018 15.500000000000002 47.757500000000007
decision_type=2 2 2 2 2 2 2 2 2 2 2 2 2 2 2 2 2 2 2 2 2 2 2 2 2 2 2 2 2 2
left_child=1 2 3 10 5 15 -2 -8 -6 11 17 12 21 -14 -9 -5 -17 29 -19 -20 -18 24 -16 -22 -10 -21 27 28 -24 -1
right_child=6 -3 -4 4 8 -7 7 14 9 -11 -12 -13 13 -15 22 16 20 18 19 25 23 -23 26 -25 -26 -27 -28 -29 -30 -31
leaf_value=-0.033421894065431369 0.033593074846286479 -0.00045296714264338129 -0.033830843835386232 -0.033419396959626889 -0.033519224871260307 -0.033796442829575384 0.033565239064815108 0.033528831520733833 -0.033415854286529975 -0.033514587562818797 -0.033485101795788834 -0.033483501991438 -0.033498030738857119 -0.033442859342538343 0.03349413975967501 -0.033465180702259935 -0.033451356687301974 -0.033419351844209647 -0.033458973416776408 -0.033422722441715007 -0.033435189637001914 -0.033439540820689277 0.033505229206977703 -0.033421871205352692 -0.033427819044952484 -0.033428666738747836 0.033505680766724714 0.033511862780982775 0.033507464139824909 -0.033419292548974765
leaf_weight=0.067127153975889753 0.27940428815782103 0.80972467362880696 0.26756049226969469 0.10871897870674752 0.14637925638817229 0.5883221891708672 0.30220623780041966 0.21133219171315465 0.14383822469972074 0.1170304324477911 0.082525009056553134 0.16121517471037805 0.13361749006435275 0.15892841760069132 0.1926522254943851 0.14201204432174563 0.092111244099214673 0.16689254902303219 0.15427796542644501 0.13312029698863626 0.089720884803682566 0.12687732465565205 0.55494093801826216 0.10160540207289159 0.08840170968323946 0.099685265682637691 0.99023746233433485 0.20506727043539286 0.21870254818350077 0.6888828023802489
leaf_count=21 20 3 35 35 21 37 24 20 37 15 16 24 18 32 22 31 22 41 28 32 25 27 59 32 20 23 105 21 23 222
internal_value=-0.00402668 -0.0277893 -0.0335254 -0.0335027 -0.0335495 -0.0336269 0.0335214 0.0335139 -0.0334687 -0.0334608 -0.0334287 -0.0334531 -0.0334455 -0.0334681 0.0335074 -0.0334402 -0.0334455 -0.0334252 -0.0334329 -0.0334387 -0.0334357 -0.0334272 0.0335053 -0.0334281 -0.0334204 -0.0334253 0.0335064 0.0335071 0.0335059 -0.0334195
internal_weight=7.62312 4.66857 3.85885 3.59129 2.19878 1.12249 2.95454 2.67514 1.07629 0.929909 1.39251 0.812878 0.651663 0.292546 2.37293 0.534169 0.42545 1.30999 0.553976 0.387084 0.283438 0.359117 2.1616 0.191326 0.23224 0.232806 1.96895 0.978711 0.773643 0.75601
internal_count=1091 797 794 759 376 182 294 274 194 173 383 158 134 50 250 145 110 367 124 83 79 84 230 57 57 55 208 103 82 243
is_linear=0
shrinkage=0.05


Tree=231
num_leaves=31
num_cat=0
split_feature=3 1 2 3 3 0 0 3 0 3 9 3 1 7 1 1 3 3 3 2 2 4 7 1 0 0 0 7 7 3
split_gain=1.4864 0.897913 0.638407 0.654425 0.448105 0.977638 0.670744 0.584481 0.337295 0.0324214 0.0266933 0.00358536 0.00073927 0.000396621 0.000231932 3.19118e-05 7.82998e-07 5.9503e-07 2.31405e-07 1.21029e-07 6.05225e-08 3.65063e-08 3.58952e-08 2.87208e-08 8.74526e-09 3.28742e-08 5.08366e-09 4.37252e-09 1.71759e-09 6.60052e-10
threshold=0.079562543123280441 350.50000000000006 2973.0000000000005 0.0099647634353574616 0.058158882829218002 46.632930000000009 52.835000000000008 0.029178725664960107 55.683030000000009 0.082773846981974 2.8192799999999996 0.054616108970055928 434.50000000000006 16.047000000000001 425.00000000000006 753.50000000000011 0.09969184575573993 0.021360524015249797 0.040039144721343907 4484.0000000000009 3734.5000000000005 1.0000000180025095e-35 12.873500000000002 1005.5000000000001 58.102235 49.700500000000012 56.290500000000009 16.918600000000005 8.8192800000000009 0.144306132441514
decision_type=2 2 2 2 2 2 2 2 2 2 2 2 2 2 2 2 2 2 2 2 2 2 2 2 2 2 2 2 2 2
left_child=1 17 14 -4 5 -5 10 -8 -6 -2 -7 13 -11 -12 -3 -16 -14 28 -19 -20 -18 -22 -21 -17 25 -25 -23 -24 -1 -28
right_child=9 2 3 4 8 6 7 -9 -10 12 11 -13 16 -15 15 23 20 18 19 22 21 26 27 24 -26 -27 29 -29 -30 -31
leaf_value=0.033500243435692433 -0.049433510662571095 -0.035393450410167997 0.058711695032143185 0.042690182285826293 -0.0032200480117497579 -0.053334201306882684 0.029038439932652739 -0.017922755586154998 0.035369284247538151 -0.03638537922717329 -0.034740735865825177 -0.041441345227145779 -0.033533312400658467 -0.037210136401331168 -0.034026456826119815 -0.033449168168262537 -0.033452690778007582 0.033580334931071806 0.033564020421275001 0.033529991250179247 -0.03344137888334528 -0.03342495491581695 0.033495428724446406 -0.033413620227125553 -0.033413682530176292 -0.033452943277214951 -0.033409087617980816 0.033508347722494718 0.033494734712415597 -0.033413755508516753
leaf_weight=0.15585410455241744 0.40770978992805007 0.25142677128314861 0.53909532725810816 0.85483856219798315 0.94601806555874679 0.39502657065168012 1.0192637555301192 1.8933235576841978 1.4106108075939117 0.24516474083065976 0.360623550834134 0.51020360249094665 0.17417689017020155 0.29612774820998311 0.38409698102623224 0.12737506930716336 0.13512886967509974 0.3072828841395675 0.169106125831604 0.21492970874533057 0.14186840830370773 0.10456588701345015 0.12011508503928781 0.14064082386903465 0.17879012506455183 0.085437459871172905 0.082418308127671258 0.14403466647490859 1.5364734833128748 0.93343976279720664
leaf_count=26 12 3 5 15 33 5 26 37 19 3 34 4 24 9 18 24 21 36 21 31 24 21 21 37 47 16 20 23 265 211
internal_value=0.000858883 0.00779613 0.000546701 0.00545833 0.00172316 -0.00630497 -0.0156652 -0.00148862 0.0198784 -0.0366913 -0.0420999 -0.0382969 -0.0338317 -0.0358542 -0.0340482 -0.0336791 -0.0334333 0.0335131 0.0335446 0.0335277 -0.0334209 -0.0334175 0.0335148 -0.0334285 -0.0334219 -0.0334285 -0.0334145 0.0335025 0.0334952 -0.0334134
internal_weight=14.2652 12.0407 9.3929 8.22513 7.68604 5.32941 4.47457 2.91259 2.35663 2.22447 1.56198 1.16695 1.81676 0.656751 1.16777 0.91634 1.5716 2.6478 0.955468 0.648186 1.39742 1.26229 0.479079 0.532243 0.404868 0.226078 1.12042 0.26415 1.69233 1.01586
internal_count=1091 755 332 187 182 130 115 63 52 336 52 47 324 43 145 142 321 423 132 96 297 276 75 124 100 53 252 44 291 231
is_linear=0
shrinkage=0.05


Tree=232
num_leaves=31
num_cat=0
split_feature=2 1 0 2 2 3 1 1 3 7 8 1 1 7 3 7 1 1 7 1 0 3 1 2 2 3 4 3 2 4
split_gain=0.741519 0.778602 0.656629 0.626037 0.485713 0.607074 0.481409 0.852277 0.535946 0.482642 0.264135 0.164243 0.015981 0.0113757 0.0102643 0.00476681 5.11382e-05 3.08196e-05 6.01812e-06 1.40803e-06 2.36662e-07 8.68621e-08 5.71622e-08 4.35354e-08 2.66716e-08 1.42239e-08 9.99919e-09 4.82085e-09 4.50075e-09 3.77148e-09
threshold=9854.5000000000018 350.50000000000006 52.835000000000008 8324.5000000000018 2253.0000000000005 0.0099647634353574616 375.50000000000006 401.50000000000006 0.11277836960585665 17.248000000000005 4.8585000000000003 364.00000000000006 414.00000000000006 20.325585000000004 0.079981103345050722 22.725000000000005 1004.5000000000001 718.50000000000011 15.4945 708.50000000000011 61.982360000000007 0.021360524015249797 1005.5000000000001 4038.0000000000005 5796.5000000000009 0.058158882829218002 1.5000000000000002 0.043910763383208935 8528.0000000000018 2.5000000000000004
decision_type=2 2 2 2 2 2 2 2 2 2 2 2 2 2 2 2 2 2 2 2 2 2 2 2 2 2 2 2 2 2
left_child=1 21 3 11 16 -6 -7 -8 9 -9 13 -3 -13 -11 18 -2 -4 -17 19 -14 -18 -1 -21 -10 25 -23 -25 -26 -28 -19
right_child=15 2 4 -5 5 6 7 8 23 10 -12 12 14 -15 -16 17 20 29 -20 22 -22 24 -24 26 27 -27 28 -29 -30 -31
leaf_value=-0.033414291036435138 -0.039913366029104412 0.010078969908270336 0.034292306520815767 -0.014605923873663051 -0.072773005482720782 0.028235063931280113 -0.041117092987463411 -0.008122601058937846 -0.033451281322069024 0.034664593667395299 -0.0026989960162532235 0.039136809842531511 0.033636345595887546 0.044025261913577543 0.020267516751180301 -0.034210995646041006 0.033565523337814637 -0.033423272992785455 0.033881357916232112 0.033527858822447097 0.033497110227531948 -0.033466488519471323 0.03349834132520834 -0.033432682642444256 -0.0334401447429441 -0.033438960214781842 -0.033414437974008789 -0.033424666426273911 -0.033425848025390968 -0.033413509112462297
leaf_weight=0.83204838773235568 0.55058490019291706 0.74748128652572576 0.3624657951295357 0.92199378041550506 0.31745905987918366 1.1009887252002952 1.4413458406925199 1.6110655553638937 0.12715944787487377 0.5258778636343775 0.47834846843034018 1.8468932807445528 0.34982338733971097 0.84786581853404641 0.16459285467863072 0.16155342967249453 0.20454614702612162 0.13614215515553951 0.16460371110588301 0.30946487048640847 0.33093664748594165 0.11925995955243707 0.34897572407498956 0.11708892718888819 0.078772111097350717 0.07736469036899507 0.4529018416069448 0.13920490094460547 0.10680934228003025 0.36157083557918668
leaf_count=285 26 4 9 24 2 6 8 29 20 33 15 11 35 23 19 18 20 28 15 35 43 26 45 22 21 21 102 43 21 82
internal_value=0.00108908 0.00430684 0.00795913 0.0224759 -0.000821341 -0.00518767 -0.00203682 -0.00787534 0.00335305 0.0118908 0.0292997 0.0311714 0.0361225 0.0404419 0.0319602 -0.0364791 0.0338337 -0.0336109 0.033601 0.0335553 0.0335232 -0.0334236 0.0335122 -0.0334244 -0.0334423 -0.0334557 -0.0334194 -0.0334303 -0.0334166 -0.0334162
internal_weight=15.3352 14.1253 12.8787 4.85383 8.02486 7.12691 6.80945 5.70846 4.26712 3.46316 1.85209 3.93184 3.18435 1.37374 1.33746 1.20985 0.897949 0.659266 1.17287 1.00826 0.535483 1.24665 0.658441 0.80396 0.414602 0.196625 0.6768 0.217977 0.559711 0.497713
internal_count=1091 937 541 188 353 281 279 273 265 100 71 164 160 56 149 154 72 128 130 115 63 396 80 165 111 47 145 64 123 110
is_linear=0
shrinkage=0.05


Tree=233
num_leaves=31
num_cat=0
split_feature=3 1 3 2 2 1 1 2 4 3 3 4 0 2 7 0 3 2 1 1 0 3 3 0 0 7 1 2 2 4
split_gain=2.56108 0.853897 0.00466876 9.98609e-06 4.52099e-06 4.8706e-06 1.26696e-05 5.215e-07 2.85206e-07 1.6102e-07 1.43877e-07 9.18838e-08 7.6187e-08 7.739e-08 6.04491e-08 4.2214e-08 1.93538e-08 2.69893e-08 1.86908e-08 1.43363e-08 1.10306e-08 1.09955e-08 8.44019e-09 8.19768e-09 2.91922e-08 2.76807e-09 2.34353e-09 1.37023e-09 8.99194e-09 1.25063e-09
threshold=0.09969184575573993 532.00000000000011 0.11277836960585665 9789.0000000000018 2519.0000000000005 414.00000000000006 350.50000000000006 3734.5000000000005 1.0000000180025095e-35 0.024644876167485067 0.089017473838194208 12.500000000000002 55.130000000000003 8450.0000000000018 18.395500000000002 56.436740000000007 0.021360524015249797 4646.0000000000009 147.50000000000003 1005.5000000000001 52.758690000000009 0.040523269866985685 0.14587549410427778 58.102235 49.700500000000012 13.017975000000002 585.50000000000011 9854.5000000000018 8408.0000000000018 10.500000000000002
decision_type=2 2 2 2 2 2 2 2 2 2 2 2 2 2 2 2 2 2 2 2 2 2 2 2 2 2 2 2 2 2
left_child=3 -2 -3 4 11 6 16 -4 -9 -7 12 18 13 20 -14 -10 -6 -18 -1 -20 26 -19 -17 24 -21 -23 -11 28 -24 -28
right_child=1 2 7 -5 5 9 -8 8 15 10 -12 -13 14 -15 -16 22 17 21 19 23 -22 25 27 -25 -26 -27 29 -29 -30 -31
leaf_value=-0.033413956755725747 -0.04613500047194613 0.038983599742235475 0.033577176944396929 -0.033820012855600864 -0.033413838815488643 -0.033503314580094139 -0.033779426260208613 0.033550339197746908 0.033518873499390388 -0.033407902201856174 -0.03350634306989235 -0.033475457880404479 -0.033490876875810191 -0.033473176413690957 -0.033444655441313455 0.033484557482398106 -0.033456665653382199 -0.033443731769528133 -0.033441141089111726 -0.033413629290608454 -0.033436029085241341 -0.03342861201765112 0.03349468414682643 -0.03341369063594065 -0.033451204384851864 -0.033416153716104631 -0.033414180036937427 0.033494517415432405 0.033506922286938634 -0.033422710178332114
leaf_weight=0.70742353587411411 0.36788961244747076 0.45364055037498507 0.26236568205058608 0.25513350917026389 0.10173194063827418 0.20376814622431971 0.56121798930689692 0.28299256321042809 0.2011427492834631 0.073918476235121489 0.11191153386607766 0.077269508270546683 0.12759499391540885 0.089328255038708448 0.15873804898001254 0.1812303266488019 0.13290448882617056 0.086198032135143876 0.12582824262790382 0.13305481732822955 0.087384516838937998 0.083958766190335155 0.71517247706651665 0.175004304619506 0.084527943283319473 0.095076266909018159 0.083918014075607061 0.92671375535428524 0.18996094167232513 0.088057662360370159
leaf_count=243 3 2 20 35 35 32 37 24 20 21 15 16 18 14 32 22 31 22 27 35 19 25 81 46 16 32 22 105 20 21
internal_value=-0.00400736 0.0260215 0.0342829 -0.0335183 -0.0334956 -0.0335413 -0.0336164 0.0335101 0.0335031 -0.0334635 -0.0334537 -0.0334226 -0.0334453 -0.0334318 -0.0334653 0.033497 -0.0334333 -0.0334383 -0.0334192 -0.0334265 -0.0334208 -0.0334291 0.0334949 -0.0334217 -0.0334282 -0.033422 -0.0334153 0.0334959 0.0334973 -0.0334185
internal_weight=7.22506 3.58111 3.21322 3.64395 3.38882 2.08571 1.06109 2.75958 2.49721 1.02462 0.820852 1.30311 0.70894 0.422607 0.286333 2.21422 0.499869 0.398138 1.22584 0.518415 0.333279 0.265233 2.01308 0.392587 0.217583 0.179035 0.245894 1.83185 0.905133 0.171976
internal_count=1091 297 294 794 759 376 182 292 272 194 162 383 147 97 50 248 145 110 367 124 83 79 228 97 51 57 64 206 101 43
is_linear=0
shrinkage=0.05


Tree=234
num_leaves=31
num_cat=0
split_feature=3 1 2 3 3 1 3 4 0 3 1 1 1 3 3 3 2 2 4 7 1 0 0 0 7 7 3 1 3 1
split_gain=1.38895 0.843126 0.595474 0.59753 0.603099 0.486172 0.37274 0.213305 0.353132 0.0271242 0.000597752 0.000186995 2.60813e-05 7.25907e-07 4.85287e-07 1.8917e-07 9.94807e-08 4.96571e-08 2.97824e-08 2.92957e-08 2.35008e-08 7.1644e-09 2.69243e-08 4.26608e-09 3.63715e-09 1.41014e-09 5.47113e-10 3.28614e-10 3.12673e-11 7.12652e-12
threshold=0.079562543123280441 350.50000000000006 2973.0000000000005 0.018542074366155962 0.042433336331947409 405.50000000000006 0.029178725664960107 8.5000000000000018 55.683030000000009 0.082773846981974 434.50000000000006 425.00000000000006 753.50000000000011 0.09969184575573993 0.021360524015249797 0.040039144721343907 4484.0000000000009 3734.5000000000005 1.0000000180025095e-35 12.873500000000002 1005.5000000000001 58.102235 49.700500000000012 56.290500000000009 16.918600000000005 8.8192800000000009 0.144306132441514 203.50000000000003 0.1600873536118422 8.5000000000000018
decision_type=2 2 2 2 2 2 2 2 2 2 2 2 2 2 2 2 2 2 2 2 2 2 2 2 2 2 2 2 2 2
left_child=1 14 11 -4 6 -6 -5 8 -7 -2 -11 -3 -13 -12 25 -16 -17 -15 -19 -18 -14 22 -22 -20 -21 -1 -25 29 -28 -27
right_child=9 2 3 4 5 7 -8 -9 -10 10 13 12 20 17 15 16 19 18 23 24 21 -23 -24 26 -26 27 28 -29 -30 -31
leaf_value=0.033489440126975627 -0.048312837149829653 -0.03524733156668363 0.03721164001640543 0.0075808933987000591 0.023946901893410606 -0.035582303239913154 -0.031415321203367409 -0.038624215976704464 0.031782034561188707 -0.036164883446610764 -0.033526197253258637 -0.033980741724294376 -0.033441680595401722 -0.033445042278380251 0.033564239650203193 0.033549071326951792 0.033517132855982484 -0.033434398684357956 -0.033419187791915973 0.033484781628657936 -0.033408435390317577 -0.03340849256380847 -0.03344522294124988 -0.033404201516625119 0.033496965536584343 0.033484101236994482 -0.033409445454413787 0.033486908213301372 -0.033408489595262485 0.033483711171629654
leaf_weight=0.14586038468405549 0.3967523528262985 0.23547012731432804 1.2417969512753169 0.91682197875343296 2.7067956328392029 0.34045797912403919 1.8477597511373458 0.50600461545400321 0.4539242135360837 0.23067418299615372 0.16623443318530906 0.36039999243803322 0.11919027543626726 0.12654169369488943 0.28750534215942014 0.15828540734946728 0.2010296625085175 0.13275865884497751 0.098140952177345531 0.11229776125401258 0.13159955060109496 0.16729493951424956 0.079956627450883389 0.077122569316998124 0.134755898732692 1.1981796706095336 0.096130435355007648 0.10989061603322614 0.77764924382790923 0.1297799446620046
leaf_count=26 12 3 25 26 13 37 39 37 10 3 24 18 24 21 36 21 31 24 21 21 37 47 16 20 23 221 23 20 188 24
internal_value=0.000855363 0.00764 0.000604702 0.00532839 -0.00051832 0.0118756 -0.018483 -0.0132512 0.00291089 -0.0365377 -0.033798 -0.0339991 -0.0336568 -0.0334278 0.0335014 0.0335308 0.033515 -0.0334153 -0.0334121 0.033503 -0.0334223 -0.0334162 -0.0334223 -0.0334093 0.0334914 0.0334848 -0.0334082 0.0334843 -0.0334086 0.0334841
internal_weight=13.6871 11.5851 9.10747 8.01356 6.77176 4.00718 2.76458 1.30039 0.794382 2.102 1.70525 1.09391 0.858441 1.47458 2.47758 0.893874 0.606369 1.30834 1.1818 0.448083 0.498041 0.378851 0.211556 1.04904 0.247054 1.58371 0.950902 1.43785 0.87378 1.32796
internal_count=1091 755 332 187 162 97 65 84 47 336 324 145 142 321 423 132 96 297 276 75 124 100 53 252 44 291 231 265 211 245
is_linear=0
shrinkage=0.05


Tree=235
num_leaves=31
num_cat=0
split_feature=2 1 0 2 2 3 2 1 3 0 4 1 3 1 3 7 1 1 7 1 0 3 1 2 2 3 4 3 4 0
split_gain=0.689414 0.722515 0.605352 0.582953 0.451807 0.53421 0.455567 0.463479 0.528003 0.24443 0.54141 0.167449 0.014969 0.0139635 0.0104403 0.00389236 4.18081e-05 2.49939e-05 4.85287e-06 1.17088e-06 1.93705e-07 7.11179e-08 5.15906e-08 3.75214e-08 2.18437e-08 1.16481e-08 9.14365e-09 3.94497e-09 3.08787e-09 2.01754e-09
threshold=9854.5000000000018 350.50000000000006 52.835000000000008 8324.5000000000018 2253.0000000000005 0.0099647634353574616 8369.5000000000018 409.50000000000006 0.11277836960585665 55.973500000000008 8.5000000000000018 364.00000000000006 0.091852391733789132 414.00000000000006 0.079981103345050722 22.725000000000005 1004.5000000000001 718.50000000000011 15.4945 708.50000000000011 61.982360000000007 0.021360524015249797 1005.5000000000001 4038.0000000000005 5796.5000000000009 0.058158882829218002 1.5000000000000002 0.043910763383208935 2.5000000000000004 52.090000000000011
decision_type=2 2 2 2 2 2 2 2 2 2 2 2 2 2 2 2 2 2 2 2 2 2 2 2 2 2 2 2 2 2
left_child=1 21 3 11 16 -6 7 -7 9 12 -11 -3 -9 -13 18 -2 -4 -17 19 -15 -18 -1 -21 -10 25 -23 -25 -26 -19 -29
right_child=15 2 4 -5 5 6 -8 8 23 10 -12 13 -14 14 -16 17 20 28 -20 22 -22 24 -24 26 27 -27 -28 29 -30 -31
leaf_value=-0.033409063937152143 -0.039456523571835551 0.0093200236065356049 0.034229373203564055 -0.014089457694447156 -0.068270323835047317 -0.020657397566024697 0.036688836693427401 0.033650699419838011 -0.033443661748667947 -0.021174880234889375 0.038129650545484124 0.038763470647113552 0.047050634970220766 0.033617882205808226 0.019809496997135922 -0.034151310050489561 0.033550485930720436 -0.03341746503955504 0.033844195738050191 0.033516592703973551 0.033486510333660909 -0.03345788993289741 0.033487659329580782 -0.033425722765840916 -0.033433242645379745 -0.033432138384823597 -0.033409104185388346 -0.033424189819034077 -0.033408331905313775 -0.033411626203445031
leaf_weight=0.77856346708722302 0.52286091772839494 0.73852685838937615 0.33981527015566815 0.90271204244345415 0.31836350262165058 2.9095132406800985 0.68360282713547338 0.45684504043310958 0.11899748444557179 0.83173740003257968 0.71627258835360408 1.7569845765829089 0.38325970619916916 0.33057972090318777 0.15715423505753268 0.15087720425799489 0.19146098336204886 0.12739380402490497 0.15438890876248479 0.29165278514847159 0.30971292452886701 0.11161235813051462 0.3265944984741509 0.10391276888549328 0.073711684672161937 0.072396102594211698 0.40679402044042945 0.074048185022547841 0.33832809701561928 0.056212011957541108
leaf_count=285 26 4 9 24 2 16 39 37 20 18 26 11 4 35 19 18 20 28 15 35 43 26 45 21 21 21 98 23 82 20
internal_value=0.00107495 0.004206 0.00773727 0.0219884 -0.000806833 -0.00500712 -0.00196054 -0.006418 0.00731036 0.0180498 0.00626565 0.0306596 0.0397638 0.0358826 0.0318667 -0.036283 0.0338012 -0.033592 0.0335842 0.0335419 0.033511 -0.0334178 0.0335013 -0.0334184 -0.0334353 -0.0334478 -0.0334125 -0.033424 -0.0334108 -0.0334188
internal_weight=14.7349 13.5954 12.4289 4.65859 7.77029 6.9293 6.61094 5.92733 3.01782 2.38811 1.54801 3.75588 0.840105 3.01735 1.26037 1.13946 0.840989 0.616599 1.10322 0.948827 0.501174 1.16654 0.618247 0.629704 0.38798 0.184008 0.510707 0.203972 0.465722 0.13026
internal_count=1091 937 541 188 353 281 279 240 224 85 44 164 41 160 149 154 72 128 130 115 63 396 80 139 111 47 119 64 110 43
is_linear=0
shrinkage=0.05


Tree=236
num_leaves=31
num_cat=0
split_feature=3 1 3 2 2 1 1 2 4 3 3 4 2 0 7 0 3 2 1 1 3 3 0 0 0 7 4 2 2 4
split_gain=2.40913 0.794715 0.00412418 8.79847e-06 4.06977e-06 4.24857e-06 1.11802e-05 4.38748e-07 2.3376e-07 1.50396e-07 1.16778e-07 7.56556e-08 7.26607e-08 9.8677e-08 9.23873e-08 3.78343e-08 1.58474e-08 2.21001e-08 1.53282e-08 1.17762e-08 9.00155e-09 6.90221e-09 6.71542e-09 2.39079e-08 4.7169e-09 2.26648e-09 2.22209e-09 1.12629e-09 7.35607e-09 2.1102e-10
threshold=0.09969184575573993 532.00000000000011 0.11277836960585665 9789.0000000000018 2519.0000000000005 414.00000000000006 350.50000000000006 3734.5000000000005 1.0000000180025095e-35 0.019485794471121923 0.089017473838194208 12.500000000000002 8214.5000000000018 53.475900000000003 17.695500000000006 56.436740000000007 0.021360524015249797 4646.0000000000009 147.50000000000003 1005.5000000000001 0.040523269866985685 0.14587549410427778 58.102235 49.700500000000012 51.502335000000009 13.017975000000002 10.500000000000002 9854.5000000000018 8408.0000000000018 15.500000000000002
decision_type=2 2 2 2 2 2 2 2 2 2 2 2 2 2 2 2 2 2 2 2 2 2 2 2 2 2 2 2 2 2
left_child=3 -2 -3 4 11 6 16 -4 -9 -7 12 18 13 24 -15 -10 -6 -18 -1 -20 -19 -17 23 -21 26 -22 -11 28 29 -23
right_child=1 2 7 -5 5 9 -8 8 15 10 -12 -13 -14 14 -16 21 17 20 19 22 25 27 -24 -25 -26 -27 -28 -29 -30 -31
leaf_value=-0.033408750336382943 -0.0446191171964304 0.038739082590416869 0.033562336305807322 -0.033801394387997181 -0.03340864029152095 -0.033506978208498801 -0.033761680977452933 0.033536406986373182 0.033507849152775812 -0.033405346395462519 -0.03349945620586308 -0.033466417522371283 -0.033474525949364155 -0.033486535888752077 -0.033430904588046026 0.033474772462459106 -0.033448701477572979 -0.033436601409679537 -0.033434208624963185 -0.033408444636121866 -0.033422459904537336 0.033483696544776419 -0.033408501084195651 -0.03344359639446793 -0.033424531629755387 -0.033410806110308187 -0.033415995026479531 0.033484079727292282 0.033495683639318465 0.033485687571424463
leaf_weight=0.66194915468804605 0.35702137136831913 0.43929444253444705 0.24639035575091872 0.24192938464693714 0.095192577224224584 0.13835804513655592 0.53381458879448473 0.26499534305185113 0.18920255498960648 0.11538669536821544 0.10710881697013974 0.072344593703746685 0.1502995181363076 0.13245975878089666 0.17094133887439966 0.16960213473066676 0.12437793612480164 0.080662786029279232 0.11776814959011972 0.12450121925212443 0.07856525294482708 0.48605006653815486 0.16375248902477324 0.079105284530669451 0.075481130508705974 0.088965270901098847 0.085139036877080798 0.86724474746733904 0.17778284382075071 0.18325337767601013
leaf_count=243 3 2 20 35 35 22 37 24 20 34 15 16 24 19 39 22 31 22 27 35 25 59 46 16 19 32 22 105 20 22
internal_value=-0.00403973 0.0259304 0.0342602 -0.0335107 -0.0334887 -0.033533 -0.0336053 0.0334989 0.0334922 -0.0334587 -0.0334507 -0.0334168 -0.0334435 -0.0334355 -0.0334552 0.0334865 -0.0334268 -0.0334315 -0.0334137 -0.0334204 -0.0334229 0.0334844 -0.033416 -0.0334221 -0.0334139 -0.0334163 -0.0334099 0.0334853 0.0334866 0.0334842
internal_weight=6.81894 3.38084 3.02382 3.4381 3.19617 1.97675 1.00158 2.58452 2.33813 0.975174 0.836816 1.21942 0.729707 0.579408 0.303401 2.07314 0.467764 0.372571 1.14708 0.485127 0.248193 1.88393 0.367359 0.203607 0.276007 0.167531 0.200526 1.71433 0.847086 0.669303
internal_count=1091 297 294 794 759 376 182 292 272 194 172 383 157 133 58 248 145 110 367 124 79 228 97 51 75 57 56 206 101 81
is_linear=0
shrinkage=0.05


Tree=237
num_leaves=31
num_cat=0
split_feature=3 1 2 3 3 0 0 3 3 3 2 1 1 1 3 3 3 2 2 4 7 1 0 0 0 7 7 3 1 3
split_gain=1.31107 0.791246 0.555612 0.543104 0.393032 0.886812 0.622333 0.503213 0.286835 0.0254201 0.012339 0.000483714 0.000150884 2.13377e-05 6.30144e-07 3.95891e-07 1.54663e-07 8.17399e-08 4.0678e-08 2.42746e-08 2.39158e-08 1.92332e-08 5.86829e-09 2.2051e-08 3.60774e-09 3.02178e-09 1.15723e-09 4.50579e-10 2.64165e-10 4.83459e-11
threshold=0.079562543123280441 350.50000000000006 2973.0000000000005 0.0099647634353574616 0.058158882829218002 46.632930000000009 52.835000000000008 0.029178725664960107 0.064308026750671335 0.082773846981974 4223.5000000000009 434.50000000000006 425.00000000000006 753.50000000000011 0.09969184575573993 0.021360524015249797 0.040039144721343907 4484.0000000000009 3734.5000000000005 1.0000000180025095e-35 12.873500000000002 1005.5000000000001 58.102235 49.700500000000012 56.290500000000009 16.918600000000005 8.8192800000000009 0.144306132441514 203.50000000000003 0.1600873536118422
decision_type=2 2 2 2 2 2 2 2 2 2 2 2 2 2 2 2 2 2 2 2 2 2 2 2 2 2 2 2 2 2
left_child=1 15 12 -4 5 -5 10 -8 -6 -2 -7 -11 -3 -14 -13 26 -17 -18 -16 -20 -19 -15 23 -23 -21 -22 -1 -26 -28 -29
right_child=9 2 3 4 8 6 7 -9 -10 11 -12 14 13 21 18 16 17 20 19 24 25 22 -24 -25 27 -27 28 29 -30 -31
leaf_value=0.033479338502461507 -0.04798844390036134 -0.035112375187933871 0.054501624875666732 0.041492356587263905 0.037258913306418152 -0.046605992635924319 0.027874199216216727 -0.01668840189147262 0.0012730130340472103 -0.035961468472109834 -0.037381700993406243 -0.033516288534716436 -0.033938549348455714 -0.033434679460616346 -0.033437872225325613 0.033549204608940141 0.033535094738439845 0.033505127543754398 -0.033427870405603487 -0.033413831175947054 0.033474846788744766 -0.033403585190357903 -0.033403638626617209 -0.033438000815075808 -0.033399650484668378 0.033486330328352992 0.033474305398952797 -0.033404862911934896 0.033476942531533598 -0.033403636224136043
leaf_weight=0.13650398608297054 0.39101600996218699 0.2204965390264968 0.52155876904726017 0.82561391172930587 1.1082005519419911 0.6425382529851047 0.96885095536708865 1.8302737213671205 1.1067709249909965 0.21697208005934943 0.83194027491845191 0.15745258610695589 0.3376276867929846 0.11153251398354769 0.11847940273582924 0.26899910997599352 0.14815190946683288 0.18803142430260777 0.1242314572446046 0.092131433775648475 0.10499419551342726 0.12313775136135519 0.15653668250888586 0.07482562493532896 0.072177264606580138 0.12607463914901018 1.2427102173678575 0.090287967585027218 0.10281927371397603 0.72763793054036796
leaf_count=26 12 3 5 15 15 14 26 37 37 3 38 24 18 24 21 36 21 31 24 21 21 37 47 16 20 23 245 23 20 188
internal_value=0.000827333 0.00748461 0.000679907 0.00520663 0.00169152 -0.00594742 -0.0151123 -0.00126411 0.0192776 -0.0365605 -0.0414014 -0.0337666 -0.0339537 -0.0336359 -0.0334221 0.0334905 0.033518 0.0335032 -0.03341 -0.033407 0.0334919 -0.0334166 -0.0334109 -0.0334166 -0.0334044 0.0334811 0.033475 -0.0334034 0.0334745 -0.0334038
internal_weight=13.1686 11.1782 8.8599 7.83575 7.31419 5.09922 4.2736 2.79912 2.21497 1.99039 1.47448 1.59937 1.02416 0.80366 1.3824 2.31828 0.836251 0.567252 1.22495 1.10647 0.4191 0.466033 0.3545 0.197963 0.982235 0.231069 1.48203 0.890103 1.34553 0.817926
internal_count=1091 755 332 187 182 130 115 63 52 336 52 324 145 142 321 423 132 96 297 276 75 124 100 53 252 44 291 231 265 211
is_linear=0
shrinkage=0.05


Tree=238
num_leaves=31
num_cat=0
split_feature=3 1 3 2 0 3 1 4 0 7 2 3 4 3 1 1 14 1 1 0 2 4 1 1 0 1 2 9 4 0
split_gain=0.646861 0.755514 0.698547 0.519027 0.501934 0.935885 0.415068 0.291002 0.20741 0.843026 0.23706 0.512146 0.0404257 0.0177392 0.00332184 0.000216599 6.43401e-05 2.44479e-05 2.09708e-05 3.23469e-06 1.49639e-06 9.62235e-07 5.29734e-07 1.90048e-06 2.76034e-07 5.97435e-08 4.95234e-08 3.04776e-08 2.11136e-08 5.94031e-09
threshold=0.11277836960585665 417.50000000000006 0.022802445004745712 5765.0000000000009 47.435000000000009 0.058158882829218002 381.50000000000006 16.500000000000004 54.985000000000007 16.115000000000006 4484.0000000000009 0.09969184575573993 7.5000000000000009 0.09969184575573993 364.00000000000006 357.00000000000006 1008.0000000000001 354.00000000000006 700.50000000000011 53.168830000000007 8450.0000000000018 7.5000000000000009 746.50000000000011 683.50000000000011 59.549655000000008 1005.5000000000001 3965.0000000000005 6.0985000000000023 1.0000000180025095e-35 56.436740000000007
decision_type=2 2 2 2 2 2 2 2 2 2 2 2 2 2 2 2 2 2 2 2 2 2 2 2 2 2 2 2 2 2
left_child=1 2 14 6 -5 7 12 -6 16 -10 13 21 -4 18 15 17 19 -1 -11 20 22 -12 23 27 -20 -24 -2 -3 -28 -30
right_child=26 8 3 4 5 -7 -8 -9 9 10 11 -13 -14 -15 -16 -17 -18 -19 24 -21 -22 -23 25 -25 -26 -27 28 -29 29 -31
leaf_value=-0.033404336151948572 -0.033442344380429589 0.033507850285763828 0.027944770519425483 -0.045834527304182769 0.0035086151841501566 -0.026221394614777044 -0.00040521097811413377 0.045874879242013514 -0.066555611208125018 0.034001040109045227 0.033742902577892801 -0.03830466670808691 0.044821150757152962 0.047320790538693099 -0.03879875342040498 -0.035594895265694447 0.034540431334383524 -0.034301440601548189 0.033553613029445553 0.033713646930916795 0.033679951983052688 0.033617419160397961 0.033509372473992535 0.033693846482013214 0.0334772156542439 0.033478648149651194 -0.033428319645257061 0.033477688657807113 -0.033418277031671988 -0.033405218400387675
leaf_weight=0.75256192218512097 0.12300986936315972 0.16138078970834502 0.62831209436990343 0.75942945270799089 0.75032379035837971 1.7531007281504569 1.448919393122196 0.8814881662838161 0.3023827672004703 0.37755082314834021 0.28223492531105854 0.41299840807914734 0.8152865138836205 0.33017924427986145 0.50354759767651558 0.14389315992593765 0.19532377831637848 0.084468267858028412 0.1933109350502491 0.36603017337620247 0.1796344919130205 0.33305775374174118 0.31878798129037023 0.17928209854289889 0.30444003501906991 0.31413299450650811 0.12461637565866091 0.17412404296919703 0.096450522541999817 0.89705755957402289
leaf_count=294 21 21 26 19 34 39 8 13 1 16 20 2 25 1 5 2 7 3 20 29 12 28 40 15 45 46 24 26 21 228
internal_value=0.00106932 0.00437502 -0.00432892 0.0022463 -0.00909821 -0.000856148 0.0185005 0.0263944 0.021137 0.0117952 0.0224015 0.00476538 0.0374759 0.0374453 -0.0354976 -0.0338029 0.0336812 -0.0334949 0.03372 0.0335821 0.0335458 0.033675 0.0335248 0.0335624 0.0335069 0.0334941 -0.0334122 0.0334922 -0.0334089 -0.0334065
internal_weight=14.1873 12.9462 8.52133 7.03686 4.14434 3.38491 2.89252 1.63181 4.42485 2.53615 2.23377 1.02829 1.4436 1.20548 1.48447 0.980923 1.8887 0.83703 0.875302 1.69337 1.32734 0.615293 1.14771 0.514787 0.497751 0.632921 1.24113 0.335505 1.11812 0.993508
internal_count=1091 797 468 164 105 86 59 47 329 133 132 50 51 82 304 299 196 297 81 189 160 48 148 62 65 86 294 47 273 249
is_linear=0
shrinkage=0.05


Tree=239
num_leaves=31
num_cat=0
split_feature=3 1 3 2 2 1 1 2 4 3 3 2 0 7 4 0 3 2 1 1 0 3 0 0 3 4 2 2 7 0
split_gain=2.26807 0.737799 0.0034919 8.19393e-06 3.69689e-06 3.81627e-06 1.00082e-05 3.58347e-07 1.86893e-07 1.49792e-07 1.11492e-07 7.37402e-08 8.47372e-08 7.28782e-08 6.22713e-08 3.53626e-08 1.29755e-08 1.80971e-08 1.25654e-08 9.67107e-09 8.88451e-09 7.36871e-09 5.50018e-09 1.95818e-08 5.32522e-09 1.88631e-09 1.88159e-09 1.57338e-08 1.85575e-09 9.09139e-11
threshold=0.09969184575573993 532.00000000000011 0.11277836960585665 9789.0000000000018 2519.0000000000005 414.00000000000006 350.50000000000006 3965.0000000000005 1.0000000180025095e-35 0.019485794471121923 0.089017473838194208 8214.5000000000018 54.541000000000004 17.974000000000004 12.500000000000002 56.436740000000007 0.021360524015249797 4646.0000000000009 147.50000000000003 1005.5000000000001 51.550500000000007 0.040523269866985685 58.102235 49.700500000000012 0.14587549410427778 11.500000000000002 9854.5000000000018 8408.0000000000018 13.017975000000002 47.757500000000007
decision_type=2 2 2 2 2 2 2 2 2 2 2 2 2 2 2 2 2 2 2 2 2 2 2 2 2 2 2 2 2 2
left_child=3 -2 -3 4 14 6 16 -4 -9 -7 11 12 20 -14 18 -10 -6 -18 29 -20 25 -19 23 -21 -17 -11 27 -26 -23 -1
right_child=1 2 7 -5 5 9 -8 8 15 10 -12 -13 13 -15 -16 24 17 21 19 22 -22 28 -24 -25 26 -27 -28 -29 -30 -31
leaf_value=-0.033405821996589979 -0.04318858594742167 0.038424138193292462 0.033546785572710305 -0.033791484760081363 -0.033403778138030457 -0.033502674258695055 -0.033746801445788975 0.03352338024958789 0.033498469041885304 -0.033401166374437206 -0.033493820491834782 -0.033469647119251926 -0.03348325663154824 -0.033428197910856591 -0.033457945174344021 0.033466433369739361 -0.033441252302955304 -0.033429931389660147 -0.033427719931409854 -0.03340359333701786 -0.033423086232140839 -0.033416705283627383 -0.033403646902215797 -0.033436479745865381 0.033474013994733348 -0.033411385859997762 0.033474320643525297 0.03349108423735591 -0.033405804038787297 -0.033403692366636657
leaf_weight=0.054997845552862357 0.34513346850872073 0.42045828700065646 0.24080057162791524 0.23082464560866345 0.089072166476398484 0.13186616753228009 0.50949547742493451 0.24814052321016822 0.17900330154225219 0.11830710852518678 0.10233125928789377 0.14451689831912518 0.10291583277285099 0.14447023952379823 0.067730089416727313 0.15958200953900803 0.11639570374973118 0.075481549836695194 0.11022096057422459 0.11649584211409092 0.10647161421366036 0.073516946053132415 0.15322200651280582 0.074028762290254235 0.61697226576507069 0.07302511902526021 0.81157408561557531 0.17279324494302273 0.083245809888467193 0.56439117039553821
leaf_count=21 3 2 21 35 35 22 37 24 20 37 15 24 15 34 16 22 31 22 27 35 27 25 46 16 80 20 105 20 32 222
internal_value=-0.00404903 0.0258541 0.0342172 -0.0335044 -0.0334824 -0.0335256 -0.0335962 0.0334889 0.0334825 -0.0334533 -0.0334451 -0.0334379 -0.0334295 -0.0334511 -0.0334114 0.0334773 -0.0334208 -0.0334252 -0.0334085 -0.0334148 -0.0334115 -0.0334171 -0.0334107 -0.0334164 0.0334751 -0.0334051 0.033476 0.0334777 -0.0334109 -0.0334039
internal_weight=6.43748 3.19446 2.84932 3.24302 3.0122 1.87111 0.947208 2.42887 2.18807 0.923904 0.792038 0.689707 0.54519 0.247386 1.14109 1.93992 0.437712 0.34864 1.07336 0.453968 0.297804 0.232244 0.343747 0.190525 1.76092 0.191332 1.60134 0.789766 0.156763 0.619389
internal_count=1091 297 294 794 759 376 182 292 271 194 172 157 133 49 383 247 145 110 367 124 84 79 97 51 227 57 205 100 57 243
is_linear=0
shrinkage=0.05


Tree=240
num_leaves=31
num_cat=0
split_feature=3 1 2 3 3 0 1 3 7 3 0 1 1 1 3 3 2 3 2 4 7 1 0 0 0 7 7 3 1 3
split_gain=1.22332 0.750832 0.519599 0.49267 0.547651 0.430634 1.06085 0.330547 0.174063 0.0204223 0.00108001 0.000453134 0.000131273 1.74681e-05 5.16289e-07 4.0132e-07 1.56849e-07 8.51477e-08 3.32876e-08 1.97638e-08 1.67285e-08 1.57402e-08 4.8051e-09 1.80552e-08 3.07981e-09 2.27063e-09 9.4746e-10 3.69425e-10 2.15732e-10 6.99611e-11
threshold=0.079562543123280441 350.50000000000006 2973.0000000000005 0.018542074366155962 0.042433336331947409 52.835000000000008 377.50000000000006 0.029178725664960107 18.264500000000005 0.082773846981974 52.178000000000004 434.50000000000006 425.00000000000006 753.50000000000011 0.09969184575573993 0.021360524015249797 4646.0000000000009 0.040523269866985685 3734.5000000000005 1.0000000180025095e-35 13.017975000000002 1005.5000000000001 58.102235 49.700500000000012 56.290500000000009 17.847000000000001 8.8192800000000009 0.144306132441514 203.50000000000003 0.1600873536118422
decision_type=2 2 2 2 2 2 2 2 2 2 2 2 2 2 2 2 2 2 2 2 2 2 2 2 2 2 2 2 2 2
left_child=1 15 12 -4 7 6 -6 -5 -7 -2 -8 -11 -3 -14 -13 26 -17 -18 -16 -20 -19 -15 23 -23 -21 -22 -1 -26 -28 -29
right_child=9 2 3 4 5 8 10 -9 -10 11 -12 14 13 21 18 16 17 20 19 24 25 22 -24 -25 27 -27 28 29 -30 -31
leaf_value=0.033469892594646174 -0.046786015516739748 -0.03502598131599885 0.034936740000634507 0.0074469890409105538 0.050357462287300085 0.037886458398289233 -0.037014168675545224 -0.03024640065955227 0.010273771686730319 -0.035915588442758446 -0.040291274803143838 -0.033504542226510114 -0.033899255531550564 -0.033428130628976156 -0.033431160371827903 0.033544675899618653 0.033524363007282197 0.033494086203036448 -0.033421765756685422 -0.033408864477434436 0.033467708989004294 -0.033399048956626341 -0.033399099155578107 -0.033431242120932916 -0.033395408809375457 0.033478145711143749 0.033465185141747608 -0.033400619942849749 0.03346764868656469 -0.033399097128978088
leaf_weight=0.12774459784850423 0.3765595876611777 0.21162534505128672 1.1666432591155169 0.86551634757779572 0.50252850353717837 1.2577649531885984 0.53187428950332083 1.7732292164582757 1.0448414317797867 0.21093876287341107 0.47678819252178073 0.14737944561056782 0.31631688354536891 0.10436460585333407 0.11092198360711325 0.23421379597857583 0.1803143541328609 0.17584758158773184 0.11625021044164874 0.086516404990106821 0.099848959594964981 0.1152183951344341 0.14646816859021783 0.070020365063101053 0.067559626884758472 0.10901087010279298 1.1629481567069886 0.084819009061902761 0.096218182705342659 0.68084552348591387
leaf_count=26 12 3 25 26 2 20 40 39 29 3 6 24 18 24 21 32 27 31 24 21 21 37 47 16 20 21 245 23 20 188
internal_value=0.000823107 0.00732241 0.000659536 0.00503543 -0.000370833 0.0117456 -0.00899372 -0.0178829 0.0253568 -0.0363719 -0.0385632 -0.0337667 -0.0339258 -0.0336164 -0.0334164 0.0334821 0.0335103 0.033496 -0.0334051 -0.0334023 0.0334827 -0.0334112 -0.0334059 -0.0334112 -0.0333999 0.0334732 0.0334658 -0.033399 0.0334654 -0.0333993
internal_weight=12.6511 10.7693 8.5832 7.61919 6.45254 3.8138 1.51119 2.63875 2.30261 1.88179 1.00866 1.50523 0.964014 0.752388 1.29429 2.18615 0.799236 0.565022 1.14691 1.03599 0.384707 0.436072 0.331707 0.185239 0.919741 0.20886 1.38691 0.833224 1.25917 0.765665
internal_count=1091 755 332 187 162 97 48 65 49 336 46 324 145 142 321 423 132 100 297 276 73 124 100 53 252 42 291 231 265 211
is_linear=0
shrinkage=0.05


Tree=241
num_leaves=31
num_cat=0
split_feature=3 1 3 2 0 3 0 4 0 7 2 3 3 1 1 14 1 1 0 2 4 1 1 0 1 2 9 4 0 1
split_gain=0.603486 0.711306 0.650983 0.465161 0.463846 0.856183 0.404045 0.282556 0.196808 0.765576 0.216667 0.480374 0.0141338 0.0027908 0.000167087 5.24135e-05 2.03304e-05 1.72129e-05 2.73371e-06 1.22404e-06 7.67265e-07 4.67148e-07 1.70264e-06 2.42753e-07 5.14527e-08 4.04262e-08 3.10249e-08 1.71937e-08 4.99449e-09 2.58293e-09
threshold=0.11277836960585665 417.50000000000006 0.022802445004745712 5765.0000000000009 47.435000000000009 0.058158882829218002 52.689000000000007 16.500000000000004 54.985000000000007 16.115000000000006 4484.0000000000009 0.09969184575573993 0.09969184575573993 364.00000000000006 357.00000000000006 1008.0000000000001 354.00000000000006 700.50000000000011 53.168830000000007 8484.0000000000018 7.5000000000000009 746.50000000000011 688.50000000000011 59.549655000000008 1005.5000000000001 3965.0000000000005 6.0985000000000023 1.0000000180025095e-35 56.436740000000007 851.50000000000011
decision_type=2 2 2 2 2 2 2 2 2 2 2 2 2 2 2 2 2 2 2 2 2 2 2 2 2 2 2 2 2 2
left_child=1 2 13 6 -5 7 -4 -6 15 -10 12 20 17 14 16 18 -1 -11 19 21 -12 22 26 -19 29 -2 -3 -27 -29 -23
right_child=25 8 3 4 5 -7 -8 -9 9 10 11 -13 -14 -15 -16 -17 -18 23 -20 -21 -22 24 -24 -25 -26 27 -28 28 -30 -31
leaf_value=-0.033399752215864699 -0.033435304002537969 0.033500192264211852 0.036387265461764608 -0.044989035026802814 0.002835956479659959 -0.025501225234201837 -0.0013912932169951571 0.044965812806555497 -0.062830857890403588 0.033958200192008174 0.03372059740149088 -0.037939284529670277 0.046111627992503103 -0.038473053099237681 -0.035401711586741394 0.034461024838349515 -0.034244208082583064 0.033541756500262761 0.033691494623738806 0.033663472161086963 0.033605830836894654 0.033503284675113536 0.033680696313349211 0.03346790622838635 0.033469247063018931 -0.033422185078358278 0.033469618195863339 -0.033412975350106358 -0.033400614918326764 0.033494000969564577
leaf_weight=0.70416647847741642 0.11511128256097514 0.16139874514192232 1.4244959745556118 0.7267918144352733 0.74294062214903556 1.7073673666454849 1.406613550847396 0.85714209172874689 0.30125659704208407 0.35597152682021282 0.26853049546480168 0.3899909108877182 0.3176632821559906 0.47892745956778526 0.13304151594638824 0.18286841362714756 0.079300667159259319 0.18259117426350713 0.34690501121804107 0.15677114482969035 0.31819882802665234 0.15130200795829296 0.16570287710055709 0.28490219684317708 0.29397286986932158 0.11661048559471943 0.17076237639412284 0.090538491029292345 0.83970820484682918 0.14841475198045373
leaf_count=294 21 22 38 19 34 39 21 13 1 16 20 2 1 5 2 7 3 20 29 11 28 20 14 45 46 24 27 21 228 20
internal_value=0.00105498 0.0042693 -0.00424685 0.00208116 -0.00882163 -0.000874064 0.0176173 0.0254043 0.0210305 0.0117481 0.0223567 0.00507041 0.0371524 -0.0353798 -0.0337634 0.0336592 -0.0334852 0.0336962 0.0335673 0.0335328 0.0336584 0.0335141 0.0335498 0.0334968 0.0334841 -0.0334072 0.0334845 -0.0334041 -0.0334018 0.0334987
internal_weight=13.62 12.458 8.26079 6.86535 4.03424 3.30745 2.83111 1.60008 4.1972 2.41911 2.11785 0.97672 1.14113 1.39544 0.916509 1.7781 0.783467 0.823465 1.59523 1.24832 0.586729 1.09155 0.497864 0.467493 0.59369 1.16197 0.332161 1.04686 0.930247 0.299717
internal_count=1091 797 468 164 105 86 59 47 329 133 132 50 82 304 299 196 297 81 189 160 48 149 63 65 86 294 49 273 249 40
is_linear=0
shrinkage=0.05


Tree=242
num_leaves=31
num_cat=0
split_feature=3 1 3 2 2 1 1 2 4 3 3 2 0 7 4 0 3 2 1 1 0 3 0 0 3 4 2 2 7 0
split_gain=2.12234 0.684122 0.00282508 6.71712e-06 3.26509e-06 3.43627e-06 8.77733e-06 2.93234e-07 1.52934e-07 1.36326e-07 9.08064e-08 5.9546e-08 6.92945e-08 6.07048e-08 5.12858e-08 2.89389e-08 1.06099e-08 1.47949e-08 1.03052e-08 7.95044e-09 7.82648e-09 6.02582e-09 4.50501e-09 1.6033e-08 4.35801e-09 1.54421e-09 1.53972e-09 1.28781e-08 1.51959e-09 7.44721e-11
threshold=0.09969184575573993 532.00000000000011 0.11277836960585665 9789.0000000000018 2519.0000000000005 414.00000000000006 350.50000000000006 3965.0000000000005 1.0000000180025095e-35 0.019485794471121923 0.089017473838194208 8214.5000000000018 54.541000000000004 17.974000000000004 12.500000000000002 56.436740000000007 0.021360524015249797 4646.0000000000009 147.50000000000003 1005.5000000000001 51.550500000000007 0.040523269866985685 58.102235 49.700500000000012 0.14587549410427778 11.500000000000002 9854.5000000000018 8408.0000000000018 13.017975000000002 47.757500000000007
decision_type=2 2 2 2 2 2 2 2 2 2 2 2 2 2 2 2 2 2 2 2 2 2 2 2 2 2 2 2 2 2
left_child=3 -2 -3 4 14 6 16 -4 -9 -7 11 12 20 -14 18 -10 -6 -18 29 -20 25 -19 23 -21 -17 -11 27 -26 -23 -1
right_child=1 2 7 -5 5 9 -8 8 15 10 -12 -13 13 -15 -16 24 17 21 19 22 -22 28 -24 -25 26 -27 -28 -29 -30 -31
leaf_value=-0.033401142842141532 -0.041873239336955859 0.038049399609890004 0.033532958067287302 -0.033764278044231093 -0.033399230193908773 -0.033494677796556981 -0.033729147909160234 0.03351107405780903 0.033487781672116204 -0.033396781599711614 -0.03348345977329354 -0.033460792755350431 -0.033473968584537141 -0.033422055454730135 -0.033450026195720732 0.033457824428598272 -0.033434261237375036 -0.033423680527717395 -0.033421657282322235 -0.033399058158062322 -0.033417900184552603 -0.033411319096123278 -0.033399106556858953 -0.033429820481616961 0.033464913080002059 -0.033406340824249134 0.033465200318402631 0.033480877214596368 -0.033401120977131341 -0.033399150252655586
leaf_weight=0.05146137578412957 0.33272226434201035 0.39716070890426669 0.22538440674543414 0.21665498567745078 0.083344121230765955 0.12394231837242842 0.48748026718385518 0.23224157281219993 0.1675242413766681 0.11068901210092008 0.095774557907134295 0.13520630192942917 0.096532453782856464 0.13515943568199873 0.063414050731807836 0.14933666121214617 0.10890022316016257 0.070622957078740001 0.10315937153063715 0.10900364513508976 0.099876763299107552 0.068788588745519519 0.1433666639495641 0.069274653447791934 0.57737350836396195 0.068325912114232779 0.75948601681739092 0.16171083599328995 0.077887946274131536 0.52809601929038763
leaf_count=21 3 2 21 35 35 22 37 24 20 37 15 24 15 34 16 22 31 22 27 35 27 25 46 16 80 20 105 20 32 222
internal_value=-0.00409627 0.0257344 0.0341586 -0.033496 -0.0334754 -0.0335172 -0.0335858 0.0334788 0.0334729 -0.0334461 -0.033438 -0.0334313 -0.0334235 -0.0334437 -0.0334064 0.033468 -0.0334152 -0.0334192 -0.0334037 -0.0334096 -0.0334067 -0.0334117 -0.0334057 -0.033411 0.033466 -0.0334004 0.0334668 0.0334684 -0.0334059 -0.0333993
internal_weight=6.0499 3.00294 2.67022 3.04696 2.83031 1.76253 0.897024 2.27306 2.04767 0.865507 0.741564 0.64579 0.510584 0.231692 1.06778 1.81543 0.409544 0.3262 1.00436 0.424804 0.278892 0.217299 0.321645 0.178278 1.64791 0.179015 1.49857 0.739084 0.146677 0.579557
internal_count=1091 297 294 794 759 376 182 292 271 194 172 157 133 49 383 247 145 110 367 124 84 79 97 51 227 57 205 100 57 243
is_linear=0
shrinkage=0.05


Tree=243
num_leaves=31
num_cat=0
split_feature=3 1 2 3 3 0 0 3 0 3 2 1 1 1 3 3 2 3 2 4 7 1 0 0 0 7 3 1 3 1
split_gain=1.15493 0.709664 0.484466 0.451601 0.338824 0.760341 0.56588 0.42397 0.352343 0.0182847 0.00834407 0.000437914 0.000106659 1.43002e-05 4.27706e-07 3.95238e-07 1.51082e-07 8.1412e-08 2.72153e-08 1.60711e-08 1.36454e-08 1.28815e-08 3.9353e-09 1.47815e-08 2.64983e-09 7.7537e-10 3.04584e-10 1.76135e-10 9.63306e-11 5.28483e-12
threshold=0.079562543123280441 350.50000000000006 2973.0000000000005 0.0099647634353574616 0.058158882829218002 46.632930000000009 52.835000000000008 0.029178725664960107 54.541000000000004 0.082773846981974 4223.5000000000009 417.50000000000006 425.00000000000006 753.50000000000011 0.09969184575573993 0.021360524015249797 4646.0000000000009 0.040523269866985685 3734.5000000000005 1.0000000180025095e-35 13.779190000000002 1005.5000000000001 58.102235 49.700500000000012 56.290500000000009 8.8192800000000009 0.144306132441514 203.50000000000003 0.1600873536118422 8.5000000000000018
decision_type=2 2 2 2 2 2 2 2 2 2 2 2 2 2 2 2 2 2 2 2 2 2 2 2 2 2 2 2 2 2
left_child=1 15 12 -4 5 -5 10 -8 -6 -2 -7 -11 -3 -14 -13 25 -17 -18 -16 -20 -19 -15 23 -23 -21 -1 -26 29 -28 -27
right_child=9 2 3 4 8 6 7 -9 -10 11 -12 14 13 21 18 16 17 20 19 24 -22 22 -24 -25 26 27 28 -29 -30 -31
leaf_value=0.033461058711310492 -0.046278209156247072 -0.034910484531636671 0.051273762966953844 0.039613373907379568 -0.012275855651078884 -0.044931695692117329 0.026819962607010656 -0.015187234466529628 0.032159943146724164 -0.035944742849227336 -0.037063651694727841 -0.033492284118462855 -0.033862527604937742 -0.033422005534643154 -0.033424877870772314 0.033536908786281752 0.033516440436717247 0.033484463518547274 -0.033416054204788825 -0.03340425086561654 0.033465109209837682 -0.033394807369901774 -0.033394852633730154 -0.033424919835980518 -0.033391436503402726 0.033456693004509278 -0.033396695283387769 0.033458957869607314 -0.033394851436837049 0.033456321887255433
leaf_weight=0.11954462388530318 0.36782645923085588 0.19845374673604776 0.49040337279438961 0.77829080936498929 0.64534766227006946 0.60215887846425153 0.90641326131299171 1.7806645014788953 1.4449684759601948 0.19836825132369984 0.76512341853231192 0.14411584148183454 0.296322574140504 0.097656008787453175 0.10384077904745914 0.22563975490629662 0.17255056835711002 0.18141926452517509 0.10877986205741763 0.081256465055048466 0.18286173022352159 0.10780701180920005 0.13704559206962585 0.065522377146407962 0.063235082430765033 0.98196761868894078 0.079698007088154554 0.09003905439749349 0.63705404405482113 0.10631465492770076
leaf_count=26 12 3 5 15 25 14 26 37 27 2 38 25 18 24 21 32 27 34 24 21 39 37 47 16 20 221 23 20 188 24
internal_value=0.000814374 0.00720381 0.000695352 0.00490678 0.00162227 -0.00565258 -0.014342 -0.00101724 0.0184412 -0.0363457 -0.0405288 -0.0337662 -0.0338866 -0.0335982 -0.0334114 0.033474 0.0335026 0.0334881 -0.0334005 -0.0333979 0.0334747 -0.0334062 -0.0334012 -0.0334062 -0.0333957 0.0334572 -0.0333948 0.0334568 -0.0333951 0.0334567
internal_weight=12.1607 10.3765 8.31618 7.41337 6.92297 4.83265 4.05436 2.68708 2.09032 1.78417 1.36728 1.41635 0.902807 0.704354 1.21798 2.06034 0.762471 0.536832 1.07386 0.970023 0.364281 0.408031 0.310375 0.173329 0.861244 1.29787 0.779987 1.17832 0.716752 1.08828
internal_count=1091 755 332 187 182 130 115 63 52 336 52 324 145 142 322 423 132 100 297 276 73 124 100 53 252 291 231 265 211 245
is_linear=0
shrinkage=0.05


Tree=244
num_leaves=31
num_cat=0
split_feature=2 1 0 2 0 3 3 2 1 2 1 3 1 1 3 7 3 1 1 7 1 0 3 1 2 3 3 2 4 4
split_gain=0.569357 0.598337 0.52471 0.514402 0.40056 0.46769 0.792271 0.699472 0.555182 0.457911 0.171611 0.533771 0.150966 0.0104126 0.00931808 0.00238648 0.00153692 2.30457e-05 1.31661e-05 4.32891e-06 6.68014e-07 1.06989e-07 7.95838e-08 3.61467e-08 2.65286e-08 9.58342e-09 4.67225e-09 4.04264e-09 4.74662e-09 1.69418e-09
threshold=9854.5000000000018 350.50000000000006 52.835000000000008 8324.5000000000018 52.955500000000008 0.055463472473325733 0.030417627023784147 2973.0000000000005 375.50000000000006 3965.0000000000005 445.50000000000006 0.09969184575573993 364.00000000000006 414.00000000000006 0.079981103345050722 22.725000000000005 0.11277836960585665 817.50000000000011 718.50000000000011 15.730750000000002 708.50000000000011 60.867000000000004 0.022802445004745712 1005.5000000000001 5796.5000000000009 0.058158882829218002 0.045316790381411627 8408.0000000000018 1.5000000000000002 2.5000000000000004
decision_type=2 2 2 2 2 2 2 2 2 2 2 2 2 2 2 2 2 2 2 2 2 2 2 2 2 2 2 2 2 2
left_child=1 22 3 12 -4 6 7 17 -7 -10 -11 -12 -3 -14 19 -2 -13 -6 -17 20 -15 -19 -1 -22 25 -24 -26 28 -18 -20
right_child=15 2 4 -5 5 8 -8 -9 9 10 11 16 13 14 -16 18 27 21 29 -21 23 -23 24 -25 26 -27 -28 -29 -30 -31
leaf_value=-0.033395478316269107 -0.03852064026737529 0.0092158476118384958 -0.049020886333690367 -0.013783633561531046 0.034064967873208729 0.048944876536582027 0.044226945324862176 -0.029734068668440319 0.028917803271186534 -0.039452969463360132 0.033650011719349747 -0.037603796694467159 0.038191068504329552 0.03356807645757983 0.019307171123317691 -0.033991310865856821 -0.03340895642938721 0.033510915742326848 -0.033402196774779229 0.033820988962419522 0.033486262272545031 0.033458613278829485 -0.033449259545681925 0.033459600309372034 -0.033422397450385256 -0.033424881125742448 -0.033405143997981918 -0.033409230843638969 -0.033395748311703256 -0.033394722634585018
leaf_weight=0.64559564855880935 0.46009987115394402 0.68072697147726868 0.40994061436504114 0.8312377631664275 0.27990879490971599 0.34446606040000949 1.3765651970170436 1.1545427814126012 0.44205307774245772 1.2489806115627291 0.4110801415517924 0.36801333725452423 1.5832971520721915 0.28285710001364328 0.13122521759942174 0.12318032700568438 0.08513806015253067 0.1568388375453651 0.10436942079104483 0.12690583802759647 0.24211096344515681 0.25964208738878369 0.10091046709567308 0.26766223274171352 0.061930998926982284 0.067132716532796621 0.10708848689682782 0.10825676308013499 0.33832457289099693 0.27716245455667377
leaf_count=288 26 4 5 24 9 1 36 26 22 8 34 2 11 36 19 18 21 20 28 14 35 44 25 45 20 21 42 26 99 82
internal_value=0.00104953 0.00399402 0.00729608 0.0213862 -0.00106877 0.00192151 0.0155012 -0.0058625 -0.011176 -0.018075 -0.0261902 -0.0135531 0.0302056 0.0356301 0.0317712 -0.0359161 -0.0351198 0.0337141 -0.0335419 0.0335499 0.0335065 0.0334783 -0.0334058 0.0334723 -0.0334255 -0.0334395 -0.0334115 -0.0334006 -0.0333984 -0.0333968
internal_weight=13.0772 12.1124 11.1298 4.14602 6.98375 6.57381 3.2275 1.85093 3.34631 3.00185 2.55979 1.31081 3.31479 2.63406 1.05076 0.964812 0.899733 0.69639 0.504712 0.919536 0.79263 0.416481 0.982658 0.509773 0.337063 0.168043 0.169019 0.531719 0.423463 0.381532
internal_count=1091 937 541 188 353 348 135 99 213 212 190 182 164 160 149 154 148 73 128 130 116 64 396 80 108 46 62 146 120 110
is_linear=0
shrinkage=0.05


Tree=245
num_leaves=31
num_cat=0
split_feature=3 1 3 2 3 1 1 2 1 2 4 7 3 4 0 2 8 0 2 1 3 0 7 7 3 2 2 4 7 1
split_gain=1.98691 0.63491 0.00228759 5.97512e-06 2.91227e-06 4.12157e-06 6.70747e-06 4.39672e-07 2.45499e-07 2.39968e-07 1.25154e-07 1.0666e-07 7.78927e-08 4.03262e-08 3.82749e-08 5.55058e-08 2.64306e-08 2.36836e-08 1.15105e-08 8.48278e-09 7.66413e-09 7.12643e-09 6.34016e-09 1.46732e-08 3.56623e-09 1.26045e-09 1.05401e-08 1.03913e-09 1.70893e-09 1.01559e-09
threshold=0.09969184575573993 532.00000000000011 0.11277836960585665 9789.0000000000018 0.027935455046395278 414.00000000000006 350.50000000000006 2973.0000000000005 357.00000000000006 3965.0000000000005 1.0000000180025095e-35 17.248000000000005 0.089017473838194208 12.500000000000002 55.130000000000003 8450.0000000000018 0.45550000000000074 56.436740000000007 4646.0000000000009 326.50000000000006 0.01875735549668656 52.497115000000001 7.9680000000000009 19.099735000000003 0.14587549410427778 9854.5000000000018 8408.0000000000018 13.500000000000002 13.944500000000003 585.50000000000011
decision_type=2 2 2 2 2 2 2 2 2 2 2 2 2 2 2 2 2 2 2 2 2 2 2 2 2 2 2 2 2 2
left_child=3 -2 -3 4 7 6 18 13 20 -4 -11 -10 14 19 15 21 -16 -12 -6 -1 -9 29 -21 -24 -19 26 -26 28 -20 -7
right_child=1 2 9 -5 5 12 -8 8 11 10 17 -13 -14 -15 16 -17 -18 24 27 22 -22 -23 23 -25 25 -27 -28 -29 -30 -31
leaf_value=-0.033395063209600485 -0.040676726290264933 0.037705406284055387 0.033520030879983835 -0.033748828712960172 -0.033426017109599103 -0.033390559396815844 -0.03373671615474904 -0.033399029410738697 -0.033528342461982788 0.03349956806220377 0.033477788351389239 -0.033459603226909107 -0.033473767384132054 -0.033440872401720188 -0.033458469734587513 -0.033450420754017406 -0.033423069530434606 0.033449773965445254 -0.033412783277416445 -0.033394738335749276 -0.033423970813469414 -0.033415324863797308 -0.03342195347393332 -0.0333991039738002 0.033456402762350838 0.033456671133120723 0.033471332141045911 -0.033398128639725029 -0.033400708614820328 -0.033398617045467316
leaf_weight=0.54895199020393259 0.32015772443264756 0.37488894164562259 0.2109482912346724 0.20569626265205432 0.090865272795781271 0.056777886115014553 0.40550262713804841 0.069555721944197901 0.1249950306955725 0.21735498867928971 0.15677731484174717 0.1028818238992244 0.089634946314617991 0.061546988552436233 0.10068893898278475 0.074443698627874255 0.1106937297154218 0.13974625058472145 0.057110705878585577 0.1163856154307723 0.055279784603044391 0.065601675072684884 0.11982211680151522 0.16986385313794017 0.54030467849224784 0.71072573261335492 0.15133548947051167 0.052576674148440361 0.060182078275829554 0.12564311502501369
leaf_count=246 3 2 21 35 28 21 29 30 20 24 20 21 15 17 18 14 28 22 20 40 18 18 31 56 80 105 20 23 25 41
internal_value=-0.00415483 0.0256209 0.0341041 -0.0334892 -0.0334691 -0.033523 -0.0336095 -0.0334183 -0.0334664 0.0334694 0.0334638 -0.0334973 -0.0334306 -0.0334016 -0.0334234 -0.0334126 -0.0334399 0.0334593 -0.0334117 -0.0333991 -0.0334101 -0.0334012 -0.0334046 -0.0334086 0.0334574 0.0334581 0.0334597 -0.033404 -0.0334066 -0.0333961
internal_weight=5.68694 2.82224 2.50208 2.8647 2.659 1.28972 0.666237 1.36928 0.352712 2.12719 1.91624 0.227877 0.623484 1.01657 0.533849 0.322466 0.211383 1.69889 0.260735 0.955024 0.124836 0.248023 0.406072 0.289686 1.54211 1.40237 0.69164 0.169869 0.117293 0.182421
internal_count=1091 297 294 794 759 280 125 479 89 292 271 41 155 390 140 94 46 247 96 373 48 80 127 87 227 205 100 68 45 62
is_linear=0
shrinkage=0.05


Tree=246
num_leaves=31
num_cat=0
split_feature=3 1 2 3 1 2 3 3 1 1 1 1 1 14 0 3 3 1 2 3 2 2 4 7 1 5 0 0 0 7
split_gain=1.07381 0.666251 0.451661 0.421523 0.317679 0.325791 0.195579 0.0145296 0.00375381 0.000355314 0.000256468 8.61681e-05 1.17056e-05 7.56811e-06 5.18478e-07 3.6181e-07 3.22712e-07 2.02465e-07 1.24027e-07 6.6521e-08 3.03481e-08 2.22825e-08 1.30541e-08 1.11396e-08 1.05417e-08 9.02812e-09 3.22278e-09 1.21064e-08 2.29667e-09 1.30548e-09
threshold=0.079562543123280441 350.50000000000006 2973.0000000000005 0.0099647634353574616 409.50000000000006 11134.000000000002 0.013447865407830608 0.082773846981974 414.00000000000006 417.50000000000006 417.50000000000006 425.00000000000006 753.50000000000011 772.00000000000011 55.545000000000009 0.09969184575573993 0.021360524015249797 649.50000000000011 4646.0000000000009 0.040523269866985685 7362.0000000000009 3734.5000000000005 1.0000000180025095e-35 13.017975000000002 1005.5000000000001 1.0000000180025095e-35 58.102235 49.700500000000012 56.290500000000009 17.847000000000001
decision_type=2 2 2 2 2 2 2 2 2 2 2 2 2 2 2 2 2 2 2 2 2 2 2 2 2 2 2 2 2 2
left_child=1 16 11 -4 -5 6 -6 -2 -8 -9 -10 -3 -13 14 20 -11 -1 -16 -18 -20 25 -17 -23 -21 -14 -12 27 -26 -24 -25
right_child=7 2 3 4 5 -7 8 9 10 15 13 12 24 -15 17 21 18 -19 19 23 -22 22 28 29 26 -27 -28 -29 -30 -31
leaf_value=0.033449206039228817 -0.045147997659748515 -0.034800346128634786 0.050144407657622826 0.0077881951819433184 0.011546331952696295 0.038225070567718879 -0.040949257996500427 -0.035761963296552478 -0.035760897659066815 -0.033483127875889661 -0.033426057916810574 -0.033828252072370481 -0.033416277027652909 -0.033906069415044149 -0.033564886297875213 -0.033419023964735083 0.033523725648791934 -0.033482097463677973 0.033504497287825223 0.033475396015493868 -0.033453788376621087 -0.033410713389373951 -0.033399963640998814 0.033452873263876887 -0.033390837964788755 -0.033407077945107042 -0.033390881326122689 -0.03341901015445458 -0.033390848415064581 0.033461276146457407
leaf_weight=1.2144696861505497 0.35314865480177182 0.18573034182190706 0.47835905011743296 5.0495387334376574 0.27505748439580191 0.22652313113212574 0.24007424712181069 0.18624214828014363 0.15668612346053123 0.13614814565516997 0.14489138848148286 0.27738863346166909 0.091377325588837266 0.11755679594352841 0.12641866714693606 0.097240924369543569 0.21118962671607722 0.17759281443431973 0.16140726627781987 0.15552130131982267 0.07630394771695137 0.10178765840828419 0.076327773509547114 0.088834888534620404 0.10087128542363644 0.11038696952164173 0.12822811072692275 0.06131384614855051 0.73015971342101693 0.09636117797344923
leaf_count=291 12 3 5 29 10 2 1 2 2 25 37 18 24 10 15 21 32 28 27 31 15 24 21 21 37 33 47 16 231 21
internal_value=0.00082745 0.00707081 0.000729817 0.00479925 0.00156225 -0.017474 -0.0263283 -0.0361342 -0.0353879 -0.033737 -0.0339204 -0.0338491 -0.0335811 -0.0335375 -0.0334694 -0.0334066 0.0334649 -0.0335165 0.0334916 0.0334781 -0.0334261 -0.0333963 -0.0333938 0.0334655 -0.0334015 -0.0334179 -0.0333968 -0.0334015 -0.0333917 0.0334572
internal_weight=11.6331 9.95208 8.0243 7.17939 6.70103 1.65149 1.42497 1.68106 1.14991 1.32791 0.909837 0.84491 0.659179 0.753151 0.635594 1.14166 1.92778 0.304011 0.713314 0.502125 0.331582 1.00552 0.908275 0.340717 0.381791 0.255278 0.290413 0.162185 0.806487 0.185196
internal_count=1091 755 332 187 182 153 151 336 141 324 140 145 142 138 128 322 423 43 132 100 85 297 276 73 124 70 100 53 252 42
is_linear=0
shrinkage=0.05


Tree=247
num_leaves=31
num_cat=0
split_feature=2 1 0 2 0 3 3 2 1 2 1 3 1 1 3 7 3 1 1 7 1 0 3 1 2 3 3 2 4 4
split_gain=0.530598 0.556326 0.479379 0.477956 0.38859 0.439345 0.744398 0.635634 0.508406 0.425115 0.162432 0.505279 0.154476 0.00917592 0.00944708 0.00195665 0.0012438 1.88479e-05 1.082e-05 3.49129e-06 5.60994e-07 8.758e-08 6.51517e-08 3.19876e-08 2.17198e-08 7.84726e-09 3.8249e-09 3.21772e-09 3.59997e-09 1.38733e-09
threshold=9854.5000000000018 350.50000000000006 52.835000000000008 8324.5000000000018 52.955500000000008 0.055463472473325733 0.030417627023784147 2973.0000000000005 375.50000000000006 3965.0000000000005 445.50000000000006 0.09969184575573993 364.00000000000006 414.00000000000006 0.079981103345050722 22.725000000000005 0.11277836960585665 817.50000000000011 718.50000000000011 15.730750000000002 708.50000000000011 60.867000000000004 0.022802445004745712 1005.5000000000001 5796.5000000000009 0.058158882829218002 0.045316790381411627 8528.0000000000018 1.5000000000000002 2.5000000000000004
decision_type=2 2 2 2 2 2 2 2 2 2 2 2 2 2 2 2 2 2 2 2 2 2 2 2 2 2 2 2 2 2
left_child=1 22 3 12 -4 6 7 17 -7 -10 -11 -12 -3 -14 19 -2 -13 -6 -17 20 -15 -19 -1 -22 25 -24 -26 28 -18 -20
right_child=15 2 4 -5 5 8 -8 -9 9 10 11 16 13 14 -16 18 27 21 29 -21 23 -23 24 -25 26 -27 -28 -29 -30 -31
leaf_value=-0.033391467776161553 -0.038173235696717545 0.0084137007738723391 -0.048535599045208724 -0.013326081435392654 0.034017153775450802 0.047537504647575647 0.04373522374253714 -0.028229518223039658 0.028028772251581409 -0.039071833611053659 0.033634792881295721 -0.037295335939970385 0.037876496199213953 0.033554224064222919 0.018853895109751356 -0.033949870351998611 -0.03340407392793545 0.033499426341253268 -0.033397752214961156 0.033787949706147326 0.033477320775572854 0.033450510399258775 -0.033441772756601928 0.033451434283291136 -0.033416645699133156 -0.033418968170460174 -0.033400507611192169 -0.033405123395007542 -0.033392237151369984 -0.033390760128345222
leaf_weight=0.60406400496140022 0.43621228216216046 0.67289745062589545 0.40433351323008526 0.81223785644397128 0.26228567399084601 0.33224478363990817 1.3283293698914347 1.137607447337359 0.42988981492817435 1.193445220589638 0.39280898822471477 0.34705616533756256 1.5014005266129973 0.26710036676377047 0.12545926868915558 0.11525554955005646 0.079664065269753337 0.14678639220073819 0.097657018806785345 0.11887450749054551 0.2279360699467361 0.24296834412962198 0.094433414284139872 0.25047318963333964 0.057950318907387555 0.062817651312798262 0.10020184307359159 0.086805096361786127 0.33166449633426964 0.25933205126784742
leaf_count=288 26 4 5 24 9 1 36 26 22 8 34 2 11 36 19 18 21 20 28 14 35 44 25 45 20 21 42 22 103 82
internal_value=0.00104083 0.00391989 0.00712926 0.0208881 -0.00101716 0.00202699 0.0153778 -0.00566996 -0.0110077 -0.0178058 -0.0259095 -0.0132208 0.0296709 0.0354126 0.0316754 -0.0357588 -0.0349974 0.0336895 -0.0335287 0.0335363 0.0334962 0.0334689 -0.0334011 0.0334638 -0.0334195 -0.0334327 -0.0334064 -0.0333964 -0.0333945 -0.0333927
internal_weight=12.5202 11.6117 10.6923 3.97638 6.71589 6.31156 3.11798 1.78965 3.19358 2.86133 2.43144 1.238 3.16414 2.49124 0.989843 0.908457 0.84519 0.65204 0.472245 0.864384 0.74551 0.389755 0.919467 0.478409 0.315403 0.157251 0.158152 0.498134 0.411329 0.356989
internal_count=1091 937 541 188 353 348 135 99 213 212 190 182 164 160 149 154 148 73 128 130 116 64 396 80 108 46 62 146 124 110
is_linear=0
shrinkage=0.05


Tree=248
num_leaves=31
num_cat=0
split_feature=3 1 3 2 2 1 1 2 3 4 3 2 0 7 4 0 3 2 1 1 0 3 0 0 3 4 2 2 7 0
split_gain=1.86135 0.5971 0.00185407 5.218e-06 2.56442e-06 2.72942e-06 6.78043e-06 2.38452e-07 1.4787e-07 1.02581e-07 6.43772e-08 5.01394e-08 4.83797e-08 4.24373e-08 3.47216e-08 2.13322e-08 7.10584e-09 9.90656e-09 6.92795e-09 5.36414e-09 5.09454e-09 4.03621e-09 3.02241e-09 1.07518e-08 2.91752e-09 1.10227e-09 1.03376e-09 8.62551e-09 1.01861e-09 4.99996e-11
threshold=0.09969184575573993 532.00000000000011 0.11277836960585665 9789.0000000000018 2519.0000000000005 414.00000000000006 350.50000000000006 3965.0000000000005 0.01875735549668656 1.0000000180025095e-35 0.089017473838194208 8214.5000000000018 54.541000000000004 17.974000000000004 12.500000000000002 56.436740000000007 0.021360524015249797 4646.0000000000009 147.50000000000003 1005.5000000000001 51.550500000000007 0.040523269866985685 58.102235 49.700500000000012 0.14587549410427778 11.500000000000002 9854.5000000000018 8408.0000000000018 13.017975000000002 47.757500000000007
decision_type=2 2 2 2 2 2 2 2 2 2 2 2 2 2 2 2 2 2 2 2 2 2 2 2 2 2 2 2 2 2
left_child=3 -2 -3 4 14 6 16 -4 -7 -9 11 12 20 -14 18 -11 -6 -18 29 -20 25 -19 23 -21 -17 -10 27 -26 -23 -1
right_child=1 2 7 -5 5 8 -8 9 10 15 -12 -13 13 -15 -16 24 17 21 19 22 -22 28 -24 -25 26 -27 -28 -29 -30 -31
leaf_value=-0.033392670816052426 -0.039776608509290608 0.037389188229833024 0.033512684627279236 -0.033731679427122407 -0.033390996336071004 -0.033490222163838325 -0.03369750061555956 0.033488918575091474 -0.033388859128080706 0.033469328917296266 -0.03346661243249506 -0.033448551257135917 -0.033457300106075241 -0.033411646313839055 -0.033435631430663068 0.033442244812999983 -0.033421634009841474 -0.033412382561006121 -0.033410664449052822 -0.033390845477714585 -0.033407108083750796 -0.033401571935119709 -0.033390886316496969 -0.033417767119181679 0.033448444112726523 -0.033397439343036066 0.033448692027128239 0.033462405231636648 -0.033392648393032236 -0.033390925889645748
leaf_weight=0.045054353075102749 0.30997920129448209 0.35363638401031527 0.20287492591887701 0.19453810597769905 0.072966122068464534 0.10344559280201793 0.44228430045768619 0.20351727586239565 0.099517968483269215 0.14751244708895672 0.084961980814114213 0.12164005404338241 0.085038048680871725 0.12680370849557221 0.055575428530573845 0.13076915452256788 0.095344494795426726 0.061831474071368575 0.090353475650772452 0.095430116634815931 0.087349605746567249 0.060225094319321215 0.12551227142103016 0.060660835821181536 0.50560544803738572 0.05999730178155005 0.66506396373733878 0.14162155613303185 0.068187469034455717 0.46234054514206946
leaf_count=21 3 2 21 35 35 19 37 24 38 20 15 24 15 36 16 22 31 22 27 35 27 25 46 16 80 20 105 20 32 222
internal_value=-0.00422737 0.0254506 0.0340522 -0.0334822 -0.0334629 -0.0335019 -0.0335665 0.0334613 -0.0334346 0.0334555 -0.033426 -0.03342 -0.0334124 -0.03343 -0.0333973 0.0334512 -0.0334049 -0.0334085 -0.0333949 -0.0334001 -0.0333974 -0.0334019 -0.0333967 -0.0334013 0.0334494 -0.0333921 0.0334501 0.0334515 -0.0333968 -0.0333911
internal_weight=5.35964 2.66058 2.3506 2.69906 2.50452 1.56959 0.800839 1.99696 0.768754 1.79409 0.665309 0.580347 0.458707 0.211842 0.934927 1.59057 0.358555 0.285589 0.879352 0.371957 0.246865 0.190244 0.281603 0.156091 1.44306 0.159515 1.31229 0.647227 0.128413 0.507395
internal_count=1091 297 294 794 759 376 182 292 194 271 175 160 136 51 383 247 145 110 367 124 85 79 97 51 227 58 205 100 57 243
is_linear=0
shrinkage=0.05


Tree=249
num_leaves=31
num_cat=0
split_feature=3 1 2 3 3 3 1 0 0 1 4 3 0 1 1 1 3 3 2 3 2 4 7 1 0 0 0 7 7 3
split_gain=0.997978 0.626288 0.420762 0.394403 0.312017 0.510374 0.359605 0.933486 0.155398 0.146415 0.0175104 0.0115727 0.000627924 0.000278005 6.96709e-05 9.58186e-06 2.9966e-07 2.63549e-07 1.01797e-07 5.4362e-08 1.82337e-08 1.05858e-08 9.10126e-09 8.6274e-09 2.64011e-09 9.91271e-09 2.00871e-09 1.08314e-09 5.21988e-10 1.83271e-10
threshold=0.079562543123280441 350.50000000000006 2973.0000000000005 0.0099647634353574616 0.042433336331947409 0.029178725664960107 377.50000000000006 52.835000000000008 54.985000000000007 401.50000000000006 11.500000000000002 0.082773846981974 52.178000000000004 434.50000000000006 425.00000000000006 753.50000000000011 0.09969184575573993 0.021360524015249797 4646.0000000000009 0.040523269866985685 3734.5000000000005 1.0000000180025095e-35 13.017975000000002 1005.5000000000001 58.102235 49.700500000000012 56.290500000000009 17.847000000000001 8.8192800000000009 0.14587549410427778
decision_type=2 2 2 2 2 2 2 2 2 2 2 2 2 2 2 2 2 2 2 2 2 2 2 2 2 2 2 2 2 2
left_child=1 17 14 -4 5 8 -6 12 -5 -9 -11 -2 -8 -13 -3 -16 -15 28 -19 -20 -18 -22 -21 -17 25 -25 -23 -24 -1 -28
right_child=11 2 3 4 6 -7 7 9 -10 10 -12 13 -14 16 15 23 20 18 19 22 21 26 27 24 -26 -27 29 -29 -30 -31
leaf_value=0.033445074473520547 -0.044137605415579997 -0.034698407642608869 0.049100591793959321 -0.0060849719130390756 0.045921120162494354 -0.029004159297830213 -0.036620091016230441 0.038861604097304492 0.027328242618516265 0.018614791836520036 0.0056772165155241083 -0.035522810967763871 -0.039263131472834341 -0.033475350581324732 -0.033796207306617566 -0.03341091971378992 -0.033413549406065383 0.033511399868029382 0.033493342062996992 0.033466140167064486 -0.033405716138624197 -0.03339598810134603 0.033445057361631086 -0.033387127536013465 -0.03338716602848419 -0.033413480937249801 -0.033384651303550492 0.033452971694580107 0.033441368983686624 -0.033387455701731475
leaf_weight=0.10468395659699847 0.33837668050546277 0.17381105944514263 0.46611565444618452 0.64218013011850439 0.63003346323967013 1.6511359711876137 0.47610389767214689 0.87469024956226338 0.75954680889844894 0.46009805239737012 0.60601407242938876 0.18073971988633264 0.42559980042278767 0.12272570212371625 0.25965250912122428 0.085501107387244701 0.091059756930917501 0.19765852228738356 0.15098461741581559 0.14546827389858663 0.095243492629379034 0.071712048025801778 0.083065672544762492 0.094380728900432587 0.11997667420655489 0.057374594267457724 0.064308058004826307 0.090149060357362032 1.0317302315961567 0.61921798484399915
leaf_count=26 12 3 5 25 3 39 40 6 21 25 17 3 6 24 18 24 21 32 27 31 24 21 21 37 47 16 23 21 265 208
internal_value=0.000835808 0.00691005 0.000757222 0.00466703 0.0014931 -0.0101676 0.0117446 0.00416943 0.0120205 0.0237 0.0112606 -0.0359382 -0.0378676 -0.0337098 -0.0338142 -0.0335651 -0.0334019 0.0334564 0.0334813 0.0334686 -0.0333923 -0.03339 0.0334569 -0.0333971 -0.0333927 -0.0333971 -0.033388 0.0334492 0.0334417 -0.0333872
internal_weight=11.1693 9.58596 7.78221 6.99152 6.5254 3.05286 3.47254 2.84251 1.40173 1.9408 1.06611 1.58338 0.901704 1.24501 0.790697 0.616886 1.06427 1.80374 0.667326 0.469668 0.941541 0.850482 0.318683 0.357233 0.271732 0.151755 0.755238 0.173215 1.13641 0.683526
internal_count=1091 755 332 187 182 85 97 94 46 48 42 336 46 324 145 142 321 423 132 100 297 276 73 124 100 53 252 42 291 231
is_linear=0
shrinkage=0.05


Tree=250
num_leaves=31
num_cat=0
split_feature=3 1 3 2 0 3 0 4 0 0 3 1 1 2 1 1 3 0 2 3 1 1 0 2 1 9 4 0 1 0
split_gain=0.497979 0.60735 0.53833 0.380925 0.399802 0.722441 0.369713 0.244928 0.171821 0.623776 0.17864 0.00174293 0.000106336 4.50958e-05 1.34208e-05 5.64849e-06 7.10605e-06 1.77799e-06 1.16421e-06 2.85665e-07 2.68911e-07 8.14906e-07 1.98336e-07 4.42229e-08 3.31542e-08 2.80343e-08 9.26245e-09 4.33956e-09 2.78815e-09 9.40345e-10
threshold=0.11277836960585665 417.50000000000006 0.022802445004745712 5765.0000000000009 47.435000000000009 0.058158882829218002 52.689000000000007 16.500000000000004 54.985000000000007 55.130000000000003 0.09969184575573993 364.00000000000006 357.00000000000006 9061.5000000000018 354.00000000000006 847.50000000000011 0.015648836469439157 53.168830000000007 8450.0000000000018 0.059294695908058588 746.50000000000011 683.50000000000011 59.549655000000008 3965.0000000000005 1005.5000000000001 6.0985000000000023 1.0000000180025095e-35 56.436740000000007 851.50000000000011 44.082225000000008
decision_type=2 2 2 2 2 2 2 2 2 2 2 2 2 2 2 2 2 2 2 2 2 2 2 2 2 2 2 2 2 2
left_child=1 2 11 6 -5 7 -4 -6 13 -10 15 12 14 17 -1 16 -11 18 20 -18 21 25 -17 -2 28 -3 -25 -28 -22 -26
right_child=23 8 3 4 5 -7 -8 -9 9 10 -12 -13 -14 -15 -16 22 19 -19 -20 -21 24 -23 -24 26 29 -27 27 -29 -30 -31
leaf_value=-0.033387695016607342 -0.03342602110950018 0.033477890556114963 0.035717362653492707 -0.043473048455433011 0.0020776196655993766 -0.024812162934795962 -0.002158700546146915 0.043102997478260796 -0.056255117356163446 0.033941385305160603 0.00045821071948255634 -0.037736634020336196 -0.035109543574106797 0.034426826529918478 -0.034129399520937437 0.033516374954491467 0.033579996133248795 0.033642763268456041 0.033627555766303691 0.033649721186562759 0.033475788693108868 0.033610329202762156 0.033443449983017445 -0.03340629064608619 0.033441197178465741 0.033445382785318736 -0.033401091674772579 -0.033388539075274025 0.0334651892070272 0.033447459809685547
leaf_weight=0.5767445705132539 0.10484668100252825 0.13002084055915497 1.2651696817483755 0.67299613042268935 0.6722557405009868 1.5340869802748782 1.3128324714489279 0.79291863623075187 0.29202583432197604 0.22765671648085095 0.6116259992122649 0.41765160299837589 0.1161576583981514 0.15850345790386189 0.068201695568859577 0.15522999363020062 0.31467096973210573 0.30171925947070111 0.16420670971274376 0.2755233314819634 0.12628899654373527 0.14020393462851644 0.23346521100029349 0.095732896123081446 0.11216395208612084 0.13537417491897941 0.076499675866216421 0.68875275319442153 0.12195509020239115 0.12873397627845407
leaf_count=294 21 21 38 19 34 39 21 13 1 9 3 5 2 6 3 20 32 29 13 23 20 15 45 24 22 26 21 228 20 24
internal_value=0.00103504 0.00404217 -0.00414802 0.00169708 -0.00864519 -0.000830256 0.0164292 0.0242796 0.0208068 0.0115761 0.0224708 -0.0351412 -0.0337169 0.0336287 -0.0334661 0.0336295 0.0337041 0.0335357 0.0335052 0.0336125 0.0334827 0.0335128 0.0334726 -0.0333954 0.0334578 0.0334613 -0.0333916 -0.0333898 0.0334706 0.0334445
internal_weight=12.0242 11.0584 7.42902 6.25026 3.67226 2.99926 2.578 1.46517 3.62937 2.1102 1.81817 1.17876 0.761104 1.51917 0.644946 1.20655 0.817851 1.36067 1.05895 0.590194 0.894741 0.405599 0.388695 0.965832 0.489142 0.265395 0.860985 0.765252 0.248244 0.240898
internal_count=1091 797 468 164 105 86 59 47 329 133 132 304 299 196 297 129 64 190 161 55 148 62 65 294 86 47 273 249 40 46
is_linear=0
shrinkage=0.05


Tree=251
num_leaves=31
num_cat=0
split_feature=3 1 3 2 2 1 1 2 3 4 2 0 4 7 0 7 3 2 1 3 1 3 0 0 3 0 2 2 7 4
split_gain=1.74455 0.561965 0.00150379 4.78637e-06 2.24551e-06 2.34737e-06 5.84569e-06 2.36139e-07 1.41582e-07 8.40854e-08 6.18551e-08 5.47905e-08 2.85417e-08 2.63422e-08 1.92826e-08 1.36403e-08 5.81872e-09 8.1116e-09 5.67925e-09 4.564e-09 4.40204e-09 3.30479e-09 2.47551e-09 8.80458e-09 2.38641e-09 2.21755e-09 8.47898e-10 7.05858e-09 8.34023e-10 5.55152e-10
threshold=0.09969184575573993 532.00000000000011 0.11277836960585665 9789.0000000000018 2519.0000000000005 414.00000000000006 350.50000000000006 3965.0000000000005 0.01875735549668656 1.0000000180025095e-35 8214.5000000000018 53.475900000000003 12.500000000000002 18.264500000000005 56.436740000000007 21.710000000000004 0.021360524015249797 4646.0000000000009 147.50000000000003 0.079562543123280441 1005.5000000000001 0.040523269866985685 58.102235 49.700500000000012 0.14587549410427778 51.502335000000009 9854.5000000000018 8408.0000000000018 13.017975000000002 7.5000000000000009
decision_type=2 2 2 2 2 2 2 2 2 2 2 2 2 2 2 2 2 2 2 2 2 2 2 2 2 2 2 2 2 2
left_child=3 -2 -3 4 12 6 16 -4 -7 -9 11 19 18 -13 -11 -15 -6 -18 -1 25 -20 -19 23 -22 -16 29 27 -26 -23 -10
right_child=1 2 7 -5 5 8 -8 9 10 14 -12 13 -14 15 24 -17 17 21 20 -21 22 28 -24 -25 26 -27 -28 -29 -30 -31
leaf_value=-0.033387352951912072 -0.038939481930752667 0.037098132986945413 0.033505787258483077 -0.033720784210056469 -0.033387273850876524 -0.033485229605060778 -0.033680203364235509 0.033478962165597481 -0.03338415110831916 0.033461432535181961 -0.033451049076475885 -0.033445105872696466 -0.033429098204883927 -0.033398901305524059 0.033435204687941859 -0.033430289636154374 -0.033415934394579454 -0.033407280021300022 -0.033405687760969853 -0.033407843900027538 -0.033387133471361956 -0.033397167378680877 -0.033387171132517358 -0.033412318634316533 0.033441001831108673 -0.033399450597181211 0.033441230703771523 0.033454057471982726 -0.033388819844124104 -0.033391012293642504
leaf_weight=0.47474828141275871 0.29990313109010491 0.33338940143585238 0.19522631261497725 0.18507332168519486 0.068271442083641665 0.10068799345754087 0.42012310912832618 0.19056021189317096 0.064732723403722048 0.13882160745561112 0.13722350681200624 0.12578294100239873 0.052021260955370963 0.074266525101847947 0.12236649030819524 0.06482314970344305 0.089218583889305592 0.057857123087160289 0.084554372355341911 0.053230661200359464 0.08928967360407114 0.056352046900428832 0.11743558500893414 0.05676344851963222 0.4731257348321376 0.054574053268879652 0.62232522713020444 0.13252839865162969 0.063800789997912943 0.054138540755957365
leaf_count=243 3 2 21 35 35 19 37 24 27 20 27 25 16 25 22 16 31 22 27 16 35 25 46 16 80 19 105 20 32 20
internal_value=-0.00431031 0.0252823 0.0340039 -0.0334759 -0.0334567 -0.0334942 -0.0335559 0.0334537 -0.0334302 0.0334477 -0.0334214 -0.0334131 -0.0333932 -0.0334285 0.0334437 -0.0334135 -0.0334003 -0.0334036 -0.0333909 -0.033395 -0.0333958 -0.0333975 -0.0333926 -0.0333969 0.0334419 -0.0333911 0.0334425 0.0334439 -0.0333927 -0.0333873
internal_weight=5.05322 2.50825 2.20834 2.54497 2.3599 1.48508 0.755623 1.87495 0.72946 1.67973 0.628772 0.491549 0.874813 0.264873 1.48917 0.13909 0.3355 0.267229 0.822791 0.226676 0.348043 0.17801 0.263489 0.146053 1.35035 0.173445 1.22798 0.605654 0.120153 0.118871
internal_count=1091 297 294 794 759 376 182 292 194 271 175 148 383 66 247 41 145 110 367 82 124 79 97 51 227 66 205 100 57 47
is_linear=0
shrinkage=0.05


Tree=252
num_leaves=31
num_cat=0
split_feature=3 1 2 3 3 3 0 1 1 2 0 3 0 1 1 1 3 3 2 3 2 4 7 1 0 0 0 7 2 0
split_gain=0.943292 0.591663 0.392633 0.358522 0.292612 0.471881 0.33813 0.869039 0.14959 0.23519 0.143565 0.0103897 0.000526934 0.000260651 5.67049e-05 7.84279e-06 2.59583e-07 2.45125e-07 1.02056e-07 5.4255e-08 1.50344e-08 8.57388e-09 7.60701e-09 7.06175e-09 2.162e-09 8.11572e-09 1.76925e-09 1.20655e-09 5.4135e-10 1.72634e-10
threshold=0.079562543123280441 350.50000000000006 2973.0000000000005 0.0099647634353574616 0.042433336331947409 0.029178725664960107 52.835000000000008 377.50000000000006 401.50000000000006 3754.5000000000005 54.985000000000007 0.082773846981974 52.178000000000004 434.50000000000006 425.00000000000006 753.50000000000011 0.022802445004745712 0.09969184575573993 4646.0000000000009 0.040523269866985685 3734.5000000000005 1.0000000180025095e-35 13.239045000000003 1005.5000000000001 58.102235 49.700500000000012 56.290500000000009 8.8192800000000009 8797.0000000000018 59.125015000000012
decision_type=2 2 2 2 2 2 2 2 2 2 2 2 2 2 2 2 2 2 2 2 2 2 2 2 2 2 2 2 2 2
left_child=1 16 14 -4 5 10 7 -6 -8 -10 -5 -2 -9 -13 -3 -16 27 -15 -18 -20 -19 -22 -21 -17 25 -25 -23 -1 -24 -28
right_child=11 2 3 4 6 -7 8 12 9 -11 -12 13 -14 17 15 23 18 20 19 22 21 26 28 24 -26 -27 29 -29 -30 -31
leaf_value=0.033440061790685142 -0.043753748275162055 -0.034606348762554549 0.047807669840647188 -0.0058593119145614759 0.046913934566917573 -0.028156550318738018 0.038547020386036669 -0.036488746323350148 0.047937330233377616 -0.0040128088386666722 0.026786919430690739 -0.035488168074350519 -0.038961604222637433 -0.033466221301229969 -0.033766169923252314 -0.033405908039111164 0.033506378356277754 -0.03340850814044543 0.033488505916284841 0.033458635649042022 -0.033401043085024978 -0.033392292904365871 0.03344562917212817 -0.033383654540678889 -0.03338368970902101 -0.033408305821927227 -0.03338641380701745 0.033434377488283172 0.033439733612547651 -0.033383519231001517
leaf_weight=0.10326518071815172 0.33001053042244244 0.1629270203411578 0.44770011864602555 0.6214032319840046 0.46837542951107047 1.6170452258083967 0.97878655791282687 0.45565464464016259 0.30935534089803673 0.73665422480553389 0.73518299218267202 0.17531132046133258 0.40860961587168276 0.11485760286450386 0.24316709535196424 0.080001537688076496 0.18689386639744032 0.085357517702504992 0.13564698770642281 0.14606610406190157 0.089119055308401585 0.067379016894847155 0.079841512255370617 0.088306915247812867 0.11225466406904161 0.053685836959630251 0.056499307975172997 0.97265118756331503 0.076003067893907428 0.58336958824656904
leaf_count=27 12 3 5 25 2 39 7 40 5 37 21 3 6 24 18 24 31 21 25 33 24 21 20 37 47 16 20 267 20 211
internal_value=0.000828021 0.006814 0.000790597 0.00456651 0.00150872 -0.00991317 0.0116249 -0.00793389 0.0244977 0.0113513 0.0118329 -0.0359171 -0.0376579 -0.0337103 -0.0337826 -0.0335501 0.0334498 -0.0333975 0.0334754 0.0334622 -0.0333886 -0.0333864 0.0334504 -0.033393 -0.0333889 -0.033393 -0.0333846 0.0334349 0.0334428 -0.0333838
internal_weight=10.7214 9.21948 7.51911 6.77877 6.33107 2.97363 3.35744 1.33264 2.0248 1.04601 1.35659 1.5019 0.864264 1.17189 0.740343 0.577416 1.70037 0.996582 0.624452 0.437558 0.881724 0.796367 0.301911 0.334249 0.254247 0.141993 0.707248 1.07592 0.155845 0.639869
internal_count=1091 755 332 187 182 85 97 48 49 42 46 336 46 324 145 142 423 321 129 98 297 276 73 124 100 53 252 294 40 231
is_linear=0
shrinkage=0.05


Tree=253
num_leaves=31
num_cat=0
split_feature=2 1 0 4 0 3 3 2 1 2 1 3 3 1 1 7 1 7 3 9 7 1 1 1 3 0 1 2 3 3
split_gain=0.472472 0.48934 0.428412 0.449041 0.367475 0.394832 0.678006 0.54348 0.451003 0.387106 0.142449 0.448344 0.0711575 0.181758 0.0239153 0.00648622 0.00164476 0.00148797 0.000896968 0.00011865 3.99236e-05 1.26136e-05 7.58798e-06 1.36181e-06 5.92058e-08 5.86625e-08 2.05633e-08 1.92045e-08 6.16388e-09 3.78424e-09
threshold=9854.5000000000018 350.50000000000006 52.835000000000008 20.500000000000004 52.955500000000008 0.055463472473325733 0.030417627023784147 2973.0000000000005 375.50000000000006 3965.0000000000005 445.50000000000006 0.09969184575573993 0.035333784323588809 414.00000000000006 364.00000000000006 13.779190000000002 395.50000000000006 22.725000000000005 0.11277836960585665 6.0985000000000023 15.556500000000002 817.50000000000011 718.50000000000011 749.50000000000011 0.022802445004745712 60.867000000000004 1005.5000000000001 5796.5000000000009 0.058158882829218002 0.045316790381411627
decision_type=2 2 2 2 2 2 2 2 2 2 2 2 2 2 2 2 2 2 2 2 2 2 2 2 2 2 2 2 2 2
left_child=1 24 3 12 -4 6 7 21 -7 -10 -11 -12 13 -3 -14 16 -16 -2 -13 -18 23 -6 -19 -15 -1 -23 -25 28 -26 -29
right_child=17 2 4 -5 5 8 -8 -9 9 10 11 18 14 20 15 -17 19 22 -20 -21 -22 25 -24 26 27 -27 -28 29 -30 -31
leaf_value=-0.033384204879437933 -0.037773968653420219 -0.01913346730829309 -0.047687152360481842 -0.0060050149745136915 0.033930863599712355 0.045764406727979323 0.043005314697507797 -0.026593696925923734 0.027409673907950106 -0.038532215324046749 0.03360073535325736 -0.036879845764924722 0.049509111263015923 0.033640718745748997 0.039416952718147789 0.029324382310059762 0.034622104933560674 -0.033882978791780455 -0.033388753769237535 0.03607432548871399 0.034380865129284628 0.033478628388497599 -0.033385258899651542 0.033463156114532627 -0.033433548124878441 0.033435848553535645 0.033436656642046307 -0.033409908865191143 -0.033412529800209187 -0.033393015142603386
leaf_weight=0.52882678702007879 0.40351008973084468 0.21886185556650062 0.39644203800708044 1.1195736271329222 0.23024917952716384 0.31373861432075534 1.2455099469516424 1.0856553805060682 0.40283330902457271 1.1094688698649409 0.35007049096748211 0.31764137744903564 0.34882691502571095 0.12260532844811678 0.4086489677429197 0.38345332443714142 0.3193968846462667 0.10142925893887877 0.43727914500050247 0.25132460007444024 0.17896401882171631 0.12855693558230996 0.31252720835618675 0.1098873307928443 0.087460326496511698 0.21275290148332715 0.21932385955005884 0.052829942433163524 0.058022960787639022 0.088981288718059659
leaf_count=288 26 4 5 21 9 1 36 26 22 8 34 2 1 12 2 29 33 18 146 14 8 20 110 19 25 44 45 20 21 42
internal_value=0.00102835 0.00382063 0.00688506 0.0204094 -0.00110527 0.00206028 0.0151313 -0.00581793 -0.0108845 -0.0176751 -0.0258765 -0.0131695 0.0319555 0.0201267 0.0378272 0.0348371 0.0369955 -0.0356133 -0.0348577 0.0352616 0.0337488 0.0336449 -0.0335072 0.0334985 -0.0333941 0.033452 0.0334455 -0.0334124 -0.0334252 -0.0333993
internal_weight=11.5447 10.7272 9.91106 3.68087 6.2302 5.83376 2.90272 1.65721 2.93103 2.61729 2.21446 1.10499 2.56129 0.849642 1.71165 1.36282 0.97937 0.817467 0.754921 0.570721 0.630781 0.571559 0.413956 0.451817 0.816121 0.34131 0.329211 0.287295 0.145483 0.141811
internal_count=1091 937 541 188 353 348 135 99 213 212 190 182 167 88 79 78 49 154 148 47 84 73 128 76 396 64 64 108 46 62
is_linear=0
shrinkage=0.05


Tree=254
num_leaves=31
num_cat=0
split_feature=3 1 3 2 3 1 1 2 2 1 4 3 3 2 0 4 7 0 2 1 3 7 7 3 4 2 2 4 7 0
split_gain=1.62962 0.540887 0.00134971 4.30264e-06 2.00126e-06 2.87557e-06 4.47906e-06 3.05608e-07 1.93252e-07 1.644e-07 6.88128e-08 5.92322e-08 4.83709e-08 2.95832e-08 3.32146e-08 2.24152e-08 1.97515e-08 1.5782e-08 6.31209e-09 4.67094e-09 4.38687e-09 3.49049e-09 8.07547e-09 1.95335e-09 8.45212e-10 6.94058e-10 5.77787e-09 5.7057e-10 9.37623e-10 1.76881e-10
threshold=0.09969184575573993 532.00000000000011 0.11277836960585665 9789.0000000000018 0.027935455046395278 414.00000000000006 350.50000000000006 2973.0000000000005 3965.0000000000005 357.00000000000006 1.0000000180025095e-35 0.015648836469439157 0.089017473838194208 8214.5000000000018 53.475900000000003 12.500000000000002 17.974000000000004 56.436740000000007 4646.0000000000009 326.50000000000006 0.01875735549668656 7.9680000000000009 19.099735000000003 0.14587549410427778 12.500000000000002 9854.5000000000018 8408.0000000000018 13.500000000000002 13.944500000000003 75.172500000000028
decision_type=2 2 2 2 2 2 2 2 2 2 2 2 2 2 2 2 2 2 2 2 2 2 2 2 2 2 2 2 2 2
left_child=3 -2 -3 4 7 6 18 15 -4 20 -10 -11 13 14 24 19 -16 -12 -6 -1 -9 -21 -23 -19 -7 26 -25 28 -20 -24
right_child=1 2 8 -5 5 12 -8 9 10 11 17 -13 -14 -15 16 -17 -18 23 27 21 -22 22 29 25 -26 -27 -28 -29 -30 -31
leaf_value=-0.033383864029995526 -0.038460513481604015 0.036960416178222259 0.033494624712227347 -0.033708031774612658 -0.033409189855613357 -0.03338275382803723 -0.033687838174623438 -0.033387267412137739 0.033469540173355274 -0.03350139283571469 0.033453148594416671 -0.033446898981559246 -0.03345178560722975 -0.033432880258725893 -0.033434421408295799 -0.03342156355008797 -0.033401126630886672 0.033428619557859425 -0.033398364695554163 -0.033383597799869484 -0.033408092026570649 -0.033405903840919814 -0.033385656642366056 0.033434041447209233 -0.033390159660473089 0.033434255549707866 0.033446252093403399 -0.033386368723009922 -0.033388482896639607 -0.033389267200959034
leaf_weight=0.44966197712346978 0.29403460212051902 0.32356904447078738 0.18271003244444717 0.17614247405435879 0.074439649702980892 0.10493676969781518 0.35095923719927669 0.056995412684045732 0.17833185242488969 0.10077916621230543 0.12990780919790257 0.098705599317327142 0.075393812963739038 0.096795673714950681 0.082866777200251818 0.05047958972863853 0.096318875788711011 0.11450204160064448 0.046786772785708308 0.095334232551977038 0.045461164670996368 0.098192730918526649 0.080550177022814751 0.44272485980764009 0.060876501724123955 0.58233786281198263 0.12401735736057162 0.043063987046480179 0.049297652789391577 0.058598389849066734
leaf_count=246 3 2 21 35 28 45 29 30 24 17 20 24 15 22 18 17 32 22 20 40 18 31 33 80 23 105 20 23 25 23
internal_value=-0.00435477 0.0250123 0.0339932 -0.0334702 -0.0334513 -0.0334999 -0.033578 -0.0334049 0.033446 -0.033448 0.0334403 -0.0334744 -0.0334148 -0.0334085 -0.0334016 -0.0333893 -0.0334165 0.0334366 -0.0333974 -0.0333872 -0.0333965 -0.0333917 -0.0333949 0.0334348 -0.0333855 0.0334355 0.0334367 -0.0333912 -0.0333933 -0.0333872
internal_weight=4.76477 2.37214 2.0781 2.39264 2.21649 1.08174 0.564547 1.13476 1.75453 0.301941 1.57182 0.199485 0.517188 0.441795 0.344999 0.832817 0.179186 1.39349 0.213588 0.782338 0.102457 0.332676 0.237341 1.26358 0.165813 1.14908 0.566742 0.139148 0.0960844 0.139149
internal_count=1091 297 294 794 759 280 125 479 292 89 271 41 155 140 118 390 50 247 96 373 48 127 87 227 68 205 100 68 45 56
is_linear=0
shrinkage=0.05


end of trees

feature_importances:
Column_1=2112
Column_3=1490
Column_0=1400
Column_2=1191
Column_7=652
Column_4=416
Column_8=62
Column_14=60
Column_10=28
Column_5=20
Column_12=19
Column_13=12
Column_9=8
Column_11=2

parameters:
[boosting: gbdt]
[objective: multiclass]
[metric: multi_logloss]
[tree_learner: serial]
[device_type: cpu]
[data_sample_strategy: bagging]
[data: ]
[valid: ]
[num_iterations: 500]
[learning_rate: 0.05]
[num_leaves: 31]
[num_threads: 8]
[seed: 42]
[deterministic: 0]
[force_col_wise: 0]
[force_row_wise: 0]
[histogram_pool_size: -1]
[max_depth: -1]
[min_data_in_leaf: 20]
[min_sum_hessian_in_leaf: 0.001]
[bagging_fraction: 1]
[pos_bagging_fraction: 1]
[neg_bagging_fraction: 1]
[bagging_freq: 0]
[bagging_seed: 400]
[bagging_by_query: 0]
[feature_fraction: 1]
[feature_fraction_bynode: 1]
[feature_fraction_seed: 30056]
[extra_trees: 0]
[extra_seed: 12879]
[early_stopping_round: 0]
[early_stopping_min_delta: 0]
[first_metric_only: 0]
[max_delta_step: 0]
[lambda_l1: 0]
[lambda_l2: 0]
[linear_lambda: 0]
[min_gain_to_split: 0]
[drop_rate: 0.1]
[max_drop: 50]
[skip_drop: 0.5]
[xgboost_dart_mode: 0]
[uniform_drop: 0]
[drop_seed: 17869]
[top_rate: 0.2]
[other_rate: 0.1]
[min_data_per_group: 100]
[max_cat_threshold: 32]
[cat_l2: 10]
[cat_smooth: 10]
[max_cat_to_onehot: 4]
[top_k: 20]
[monotone_constraints: ]
[monotone_constraints_method: basic]
[monotone_penalty: 0]
[feature_contri: ]
[forcedsplits_filename: ]
[refit_decay_rate: 0.9]
[cegb_tradeoff: 1]
[cegb_penalty_split: 0]
[cegb_penalty_feature_lazy: ]
[cegb_penalty_feature_coupled: ]
[path_smooth: 0]
[interaction_constraints: ]
[verbosity: -1]
[saved_feature_importance_type: 0]
[use_quantized_grad: 0]
[num_grad_quant_bins: 4]
[quant_train_renew_leaf: 0]
[stochastic_rounding: 1]
[linear_tree: 0]
[max_bin: 255]
[max_bin_by_feature: ]
[min_data_in_bin: 3]
[bin_construct_sample_cnt: 200000]
[data_random_seed: 175]
[is_enable_sparse: 1]
[enable_bundle: 1]
[use_missing: 1]
[zero_as_missing: 0]
[feature_pre_filter: 1]
[pre_partition: 0]
[two_round: 0]
[header: 0]
[label_column: ]
[weight_column: ]
[group_column: ]
[ignore_column: ]
[categorical_feature: ]
[forcedbins_filename: ]
[precise_float_parser: 0]
[parser_config_file: ]
[objective_seed: 16083]
[num_class: 3]
[is_unbalance: 0]
[scale_pos_weight: 1]
[sigmoid: 1]
[boost_from_average: 1]
[reg_sqrt: 0]
[alpha: 0.9]
[fair_c: 1]
[poisson_max_delta_step: 0.7]
[tweedie_variance_power: 1.5]
[lambdarank_truncation_level: 30]
[lambdarank_norm: 1]
[label_gain: ]
[lambdarank_position_bias_regularization: 0]
[eval_at: ]
[multi_error_top_k: 1]
[auc_mu_weights: ]
[num_machines: 1]
[local_listen_port: 12400]
[time_out: 120]
[machine_list_filename: ]
[machines: ]
[gpu_platform_id: -1]
[gpu_device_id: -1]
[gpu_use_dp: 0]
[num_gpu: 1]

end of parameters

pandas_categorical:null
